index,Latitude,Longitude,nearby_idx_1,nearby_idx_2,nearby_idx_3,nearby_idx_4,nearby_idx_5,nearby_idx_6,nearby_idx_7,nearby_idx_8,nearby_idx_9,nearby_idx_10,nearby_idx_11,nearby_idx_12,nearby_idx_13,nearby_idx_14,nearby_idx_15,nearby_idx_16,nearby_idx_17,nearby_idx_18,nearby_idx_19,nearby_idx_20,nearby_idx_21,nearby_idx_22,nearby_idx_23,nearby_idx_24,nearby_idx_25,nearby_idx_26,nearby_idx_27,nearby_idx_28
0,36.7403856,129.1983249,1077.0,781.0,406.0,1.0,1158.0,161.0,21.0,,,,,,,,,,,,,,,,,,,,,
1,36.7181091,129.2462741,0.0,,,,,,,,,,,,,,,,,,,,,,,,,,,
2,38.1453645,128.1335981,324.0,80.0,82.0,371.0,599.0,768.0,785.0,1100.0,1104.0,1105.0,1106.0,1115.0,1119.0,1148.0,555.0,1015.0,469.0,1156.0,164.0,271.0,497.0,,,,,,,
3,36.4785066,129.1679121,79.0,210.0,218.0,418.0,135.0,591.0,547.0,546.0,101.0,14.0,,,,,,,,,,,,,,,,,,
4,36.8167104,129.2501549,1077.0,781.0,406.0,1158.0,161.0,21.0,,,,,,,,,,,,,,,,,,,,,,
5,38.0087006,128.1617215,951.0,463.0,293.0,196.0,1000.0,16.0,,,,,,,,,,,,,,,,,,,,,,
6,36.8144001,128.1482474,,,,,,,,,,,,,,,,,,,,,,,,,,,,
7,37.4472938,127.6700914,12.0,69.0,139.0,317.0,683.0,758.0,496.0,649.0,1080.0,13.0,,,,,,,,,,,,,,,,,,
8,37.8560252,127.8469846,236.0,240.0,654.0,942.0,111.0,109.0,347.0,30.0,874.0,,,,,,,,,,,,,,,,,,,
9,37.6255406,127.93141,950.0,1067.0,972.0,197.0,209.0,,,,,,,,,,,,,,,,,,,,,,,
10,37.017043,128.8162766,54.0,50.0,20.0,1062.0,25.0,690.0,521.0,571.0,408.0,407.0,310.0,552.0,350.0,61.0,587.0,375.0,721.0,593.0,609.0,610.0,529.0,804.0,88.0,335.0,573.0,,,
11,36.2954995,128.7889909,180.0,26.0,45.0,205.0,230.0,213.0,681.0,679.0,262.0,29.0,,,,,,,,,,,,,,,,,,
12,37.4439367,127.6250917,1123.0,1122.0,69.0,139.0,317.0,7.0,683.0,758.0,1080.0,13.0,,,,,,,,,,,,,,,,,,
13,37.4472938,127.6700914,12.0,69.0,139.0,317.0,7.0,683.0,758.0,496.0,649.0,1080.0,,,,,,,,,,,,,,,,,,
14,36.4785066,129.1679121,79.0,210.0,218.0,418.0,135.0,591.0,547.0,546.0,101.0,3.0,,,,,,,,,,,,,,,,,,
15,37.5710458,127.6416006,364.0,328.0,429.0,423.0,220.0,186.0,247.0,884.0,,,,,,,,,,,,,,,,,,,,
16,38.0087006,128.1617215,951.0,463.0,293.0,196.0,5.0,1000.0,,,,,,,,,,,,,,,,,,,,,,
17,37.7264197,127.9160954,319.0,1003.0,130.0,611.0,964.0,,,,,,,,,,,,,,,,,,,,,,,
18,36.2945638,129.0464878,99.0,639.0,43.0,1090.0,,,,,,,,,,,,,,,,,,,,,,,,
19,37.6170662,127.4871263,816.0,183.0,294.0,295.0,426.0,830.0,840.0,986.0,867.0,315.0,,,,,,,,,,,,,,,,,,
20,37.017043,128.8162766,10.0,54.0,50.0,1062.0,25.0,690.0,521.0,571.0,408.0,407.0,310.0,552.0,350.0,61.0,587.0,375.0,721.0,593.0,609.0,610.0,529.0,804.0,88.0,335.0,573.0,,,
21,36.7877626,129.2030091,1077.0,781.0,406.0,1158.0,161.0,0.0,4.0,,,,,,,,,,,,,,,,,,,,,
22,35.1986439,127.4529926,566.0,565.0,564.0,,,,,,,,,,,,,,,,,,,,,,,,,
23,37.497971,127.5050639,259.0,113.0,1110.0,169.0,440.0,685.0,720.0,90.0,696.0,732.0,760.0,,,,,,,,,,,,,,,,,
24,37.4615935,128.153439,264.0,395.0,62.0,411.0,480.0,607.0,531.0,569.0,459.0,503.0,505.0,635.0,41.0,42.0,542.0,,,,,,,,,,,,,
25,36.9786453,128.85124,10.0,753.0,558.0,568.0,54.0,102.0,50.0,20.0,1062.0,690.0,521.0,571.0,408.0,407.0,310.0,552.0,350.0,61.0,587.0,375.0,721.0,593.0,609.0,610.0,529.0,804.0,88.0,573.0
26,36.3321473,128.8067483,11.0,180.0,660.0,847.0,1040.0,45.0,205.0,230.0,213.0,681.0,121.0,679.0,262.0,29.0,,,,,,,,,,,,,,
27,36.5095472,129.0923238,1112.0,140.0,174.0,546.0,101.0,,,,,,,,,,,,,,,,,,,,,,,
28,37.0060873,128.9653695,753.0,558.0,568.0,102.0,794.0,309.0,466.0,299.0,266.0,298.0,520.0,134.0,1124.0,,,,,,,,,,,,,,,
29,36.2891333,128.8180761,11.0,180.0,26.0,45.0,205.0,230.0,213.0,681.0,679.0,262.0,,,,,,,,,,,,,,,,,,
30,37.8303719,127.8955118,845.0,827.0,384.0,386.0,385.0,236.0,240.0,654.0,881.0,942.0,8.0,347.0,949.0,239.0,,,,,,,,,,,,,,
31,37.9429407,127.4806675,73.0,46.0,149.0,202.0,203.0,403.0,439.0,716.0,744.0,815.0,919.0,920.0,939.0,940.0,,,,,,,,,,,,,,
32,37.4250014,128.2967109,116.0,123.0,991.0,1055.0,65.0,89.0,74.0,,,,,,,,,,,,,,,,,,,,,
33,36.7551344,128.1698493,107.0,154.0,156.0,,,,,,,,,,,,,,,,,,,,,,,,,
34,36.4571359,129.3230741,417.0,224.0,1143.0,137.0,35.0,,,,,,,,,,,,,,,,,,,,,,,
35,36.4571359,129.3230741,417.0,224.0,1143.0,137.0,34.0,,,,,,,,,,,,,,,,,,,,,,,
36,37.5290575,127.8523294,776.0,894.0,766.0,,,,,,,,,,,,,,,,,,,,,,,,,
37,37.2458153,128.045615,718.0,912.0,705.0,898.0,925.0,924.0,48.0,,,,,,,,,,,,,,,,,,,,,
38,36.6496554,128.7873596,,,,,,,,,,,,,,,,,,,,,,,,,,,,
39,38.0412339,127.0393313,1125.0,1007.0,,,,,,,,,,,,,,,,,,,,,,,,,,
40,36.0053204,129.0451342,,,,,,,,,,,,,,,,,,,,,,,,,,,,
41,37.4615935,128.153439,264.0,395.0,62.0,411.0,480.0,607.0,531.0,569.0,459.0,503.0,505.0,635.0,24.0,42.0,542.0,,,,,,,,,,,,,
42,37.4615935,128.153439,264.0,395.0,62.0,411.0,480.0,607.0,531.0,569.0,459.0,503.0,505.0,635.0,24.0,41.0,542.0,,,,,,,,,,,,,
43,36.2945638,129.0464878,99.0,639.0,18.0,1090.0,,,,,,,,,,,,,,,,,,,,,,,,
44,37.8140141,128.1452309,913.0,514.0,946.0,57.0,58.0,133.0,200.0,413.0,1073.0,,,,,,,,,,,,,,,,,,,
45,36.3321473,128.8067483,11.0,180.0,660.0,847.0,1040.0,26.0,205.0,230.0,213.0,681.0,121.0,679.0,262.0,29.0,,,,,,,,,,,,,,
46,37.9429407,127.4806675,73.0,149.0,31.0,202.0,203.0,403.0,439.0,716.0,744.0,815.0,919.0,920.0,939.0,940.0,,,,,,,,,,,,,,
47,38.0019958,128.6187189,930.0,176.0,,,,,,,,,,,,,,,,,,,,,,,,,,
48,37.2458153,128.045615,718.0,912.0,705.0,898.0,925.0,37.0,924.0,,,,,,,,,,,,,,,,,,,,,
49,37.348768,128.1604644,401.0,314.0,345.0,492.0,103.0,158.0,1075.0,,,,,,,,,,,,,,,,,,,,,
50,37.017043,128.8162766,10.0,54.0,20.0,1062.0,25.0,690.0,521.0,571.0,408.0,407.0,310.0,552.0,350.0,61.0,587.0,375.0,721.0,593.0,609.0,610.0,529.0,804.0,88.0,335.0,573.0,,,
51,36.6932767,128.7045904,359.0,,,,,,,,,,,,,,,,,,,,,,,,,,,
52,35.61436,127.2851097,671.0,644.0,658.0,676.0,,,,,,,,,,,,,,,,,,,,,,,,
53,36.6190338,127.5915186,377.0,,,,,,,,,,,,,,,,,,,,,,,,,,,
54,37.017043,128.8162766,10.0,50.0,20.0,1062.0,25.0,690.0,521.0,571.0,408.0,407.0,310.0,552.0,350.0,61.0,587.0,375.0,721.0,593.0,609.0,610.0,529.0,804.0,88.0,335.0,573.0,,,
55,36.6966455,128.969731,170.0,255.0,265.0,595.0,619.0,673.0,,,,,,,,,,,,,,,,,,,,,,
56,36.9796571,128.3675653,184.0,189.0,726.0,,,,,,,,,,,,,,,,,,,,,,,,,
57,37.8140141,128.1452309,913.0,514.0,946.0,44.0,58.0,133.0,200.0,413.0,1073.0,,,,,,,,,,,,,,,,,,,
58,37.8140141,128.1452309,913.0,514.0,946.0,44.0,57.0,133.0,200.0,413.0,1073.0,,,,,,,,,,,,,,,,,,,
59,37.694464,128.2708307,541.0,899.0,273.0,765.0,,,,,,,,,,,,,,,,,,,,,,,,
60,37.6644632,127.6998828,929.0,973.0,254.0,253.0,935.0,95.0,799.0,1002.0,1099.0,,,,,,,,,,,,,,,,,,,
61,36.9786453,128.85124,10.0,753.0,558.0,568.0,54.0,102.0,50.0,20.0,1062.0,25.0,690.0,521.0,571.0,408.0,407.0,310.0,552.0,350.0,587.0,375.0,721.0,593.0,609.0,610.0,529.0,804.0,88.0,573.0
62,37.4615935,128.153439,264.0,395.0,411.0,480.0,607.0,531.0,569.0,459.0,503.0,505.0,635.0,24.0,41.0,42.0,542.0,,,,,,,,,,,,,
63,37.3644088,127.1154987,351.0,,,,,,,,,,,,,,,,,,,,,,,,,,,
64,36.630742,128.9132417,333.0,170.0,255.0,91.0,572.0,1004.0,,,,,,,,,,,,,,,,,,,,,,
65,37.4250014,128.2967109,116.0,123.0,32.0,991.0,1055.0,89.0,74.0,,,,,,,,,,,,,,,,,,,,,
66,37.5307719,128.7275235,126.0,136.0,367.0,802.0,334.0,,,,,,,,,,,,,,,,,,,,,,,
67,38.1219556,128.3101926,456.0,470.0,983.0,984.0,,,,,,,,,,,,,,,,,,,,,,,,
68,37.7267059,126.9116461,285.0,623.0,206.0,901.0,,,,,,,,,,,,,,,,,,,,,,,,
69,37.4515774,127.654413,12.0,139.0,317.0,7.0,683.0,758.0,496.0,649.0,1080.0,13.0,,,,,,,,,,,,,,,,,,
70,36.9395486,128.7902001,142.0,837.0,361.0,846.0,672.0,689.0,954.0,1047.0,,,,,,,,,,,,,,,,,,,,
71,36.7047911,128.8286576,586.0,882.0,226.0,357.0,669.0,,,,,,,,,,,,,,,,,,,,,,,
72,35.3241616,128.4270594,,,,,,,,,,,,,,,,,,,,,,,,,,,,
73,37.9429407,127.4806675,46.0,149.0,31.0,202.0,203.0,403.0,439.0,716.0,744.0,815.0,919.0,920.0,939.0,940.0,,,,,,,,,,,,,,
74,37.4250014,128.2967109,116.0,123.0,32.0,991.0,1055.0,65.0,89.0,,,,,,,,,,,,,,,,,,,,,
75,37.5048669,128.4671105,719.0,773.0,767.0,,,,,,,,,,,,,,,,,,,,,,,,,
76,38.0807,128.5240511,441.0,318.0,452.0,256.0,995.0,1076.0,227.0,1041.0,,,,,,,,,,,,,,,,,,,,
77,37.0603106,128.3768758,117.0,151.0,160.0,83.0,489.0,,,,,,,,,,,,,,,,,,,,,,,
78,37.1278328,128.1395824,84.0,,,,,,,,,,,,,,,,,,,,,,,,,,,
79,36.4785066,129.1679121,210.0,218.0,418.0,135.0,591.0,547.0,546.0,101.0,14.0,3.0,,,,,,,,,,,,,,,,,,
80,38.1453645,128.1335981,324.0,82.0,2.0,371.0,599.0,768.0,785.0,1100.0,1104.0,1105.0,1106.0,1115.0,1119.0,1148.0,555.0,1015.0,469.0,1156.0,164.0,271.0,497.0,,,,,,,
81,38.0466608,128.3851271,588.0,583.0,579.0,863.0,601.0,1137.0,590.0,199.0,513.0,511.0,598.0,,,,,,,,,,,,,,,,,
82,38.1453645,128.1335981,324.0,80.0,2.0,371.0,599.0,768.0,785.0,1100.0,1104.0,1105.0,1106.0,1115.0,1119.0,1148.0,555.0,1015.0,469.0,1156.0,164.0,271.0,497.0,,,,,,,
83,37.0603106,128.3768758,117.0,151.0,160.0,77.0,489.0,,,,,,,,,,,,,,,,,,,,,,,
84,37.1278328,128.1395824,78.0,,,,,,,,,,,,,,,,,,,,,,,,,,,
85,37.4094445,127.0721126,,,,,,,,,,,,,,,,,,,,,,,,,,,,
86,36.7900282,128.8422727,110.0,1083.0,763.0,722.0,,,,,,,,,,,,,,,,,,,,,,,,
87,35.9213983,129.1566704,124.0,,,,,,,,,,,,,,,,,,,,,,,,,,,
88,37.0186463,128.8734902,10.0,753.0,558.0,568.0,54.0,102.0,50.0,20.0,1062.0,25.0,690.0,521.0,571.0,408.0,407.0,310.0,552.0,350.0,61.0,587.0,375.0,721.0,593.0,609.0,610.0,529.0,804.0,573.0
89,37.4250014,128.2967109,116.0,123.0,32.0,991.0,1055.0,65.0,74.0,,,,,,,,,,,,,,,,,,,,,
90,37.5207478,127.506135,259.0,113.0,1110.0,23.0,169.0,440.0,685.0,720.0,696.0,732.0,760.0,,,,,,,,,,,,,,,,,
91,36.6583598,128.8915154,64.0,333.0,170.0,255.0,572.0,1004.0,,,,,,,,,,,,,,,,,,,,,,
92,37.6760295,128.0480344,741.0,,,,,,,,,,,,,,,,,,,,,,,,,,,
93,37.4684441,128.2208537,607.0,531.0,569.0,459.0,94.0,542.0,868.0,,,,,,,,,,,,,,,,,,,,,
94,37.4684441,128.2208537,607.0,531.0,569.0,459.0,93.0,542.0,868.0,,,,,,,,,,,,,,,,,,,,,
95,37.6324523,127.7520913,1091.0,606.0,973.0,254.0,620.0,617.0,1092.0,253.0,935.0,448.0,60.0,799.0,1002.0,1099.0,,,,,,,,,,,,,,
96,37.7772913,127.4542677,724.0,932.0,641.0,670.0,,,,,,,,,,,,,,,,,,,,,,,,
97,37.1516128,128.8448938,343.0,,,,,,,,,,,,,,,,,,,,,,,,,,,
98,38.2198155,127.7724077,,,,,,,,,,,,,,,,,,,,,,,,,,,,
99,36.3098164,129.0140533,639.0,43.0,18.0,1090.0,,,,,,,,,,,,,,,,,,,,,,,,
100,36.2136951,129.0125484,537.0,594.0,596.0,,,,,,,,,,,,,,,,,,,,,,,,,
101,36.4762887,129.1340697,79.0,210.0,218.0,140.0,174.0,418.0,135.0,591.0,27.0,547.0,546.0,14.0,3.0,,,,,,,,,,,,,,,
102,36.9781712,128.9144704,753.0,558.0,568.0,348.0,1062.0,25.0,690.0,521.0,571.0,926.0,794.0,309.0,466.0,299.0,408.0,266.0,407.0,310.0,298.0,520.0,134.0,1124.0,552.0,61.0,587.0,28.0,721.0,88.0
103,37.348768,128.1604644,401.0,314.0,345.0,492.0,49.0,158.0,1075.0,,,,,,,,,,,,,,,,,,,,,
104,37.5570387,128.1853633,969.0,238.0,112.0,,,,,,,,,,,,,,,,,,,,,,,,,
105,36.8621052,127.0313115,,,,,,,,,,,,,,,,,,,,,,,,,,,,
106,37.2220583,128.8218722,343.0,915.0,548.0,1056.0,276.0,,,,,,,,,,,,,,,,,,,,,,,
107,36.7551344,128.1698493,33.0,154.0,156.0,,,,,,,,,,,,,,,,,,,,,,,,,
108,34.8171423,127.1199466,1129.0,,,,,,,,,,,,,,,,,,,,,,,,,,,
109,37.8932509,127.8039512,654.0,8.0,111.0,874.0,,,,,,,,,,,,,,,,,,,,,,,,
110,36.8004842,128.7944095,86.0,1083.0,763.0,722.0,,,,,,,,,,,,,,,,,,,,,,,,
111,37.8932509,127.8039512,654.0,8.0,109.0,874.0,,,,,,,,,,,,,,,,,,,,,,,,
112,37.5933552,128.1664828,104.0,238.0,975.0,305.0,152.0,356.0,370.0,988.0,1082.0,,,,,,,,,,,,,,,,,,,
113,37.5066872,127.4717254,990.0,259.0,1110.0,23.0,169.0,440.0,685.0,720.0,90.0,696.0,732.0,760.0,,,,,,,,,,,,,,,,
114,36.8581851,128.5151227,167.0,168.0,,,,,,,,,,,,,,,,,,,,,,,,,,
115,36.9597995,128.5821026,,,,,,,,,,,,,,,,,,,,,,,,,,,,
116,37.4250014,128.2967109,123.0,32.0,991.0,1055.0,65.0,89.0,74.0,,,,,,,,,,,,,,,,,,,,,
117,37.0603106,128.3768758,151.0,160.0,77.0,83.0,489.0,,,,,,,,,,,,,,,,,,,,,,,
118,34.7326998,127.1538776,1012.0,327.0,323.0,283.0,188.0,207.0,282.0,278.0,340.0,341.0,342.0,162.0,739.0,279.0,353.0,563.0,362.0,288.0,232.0,233.0,166.0,322.0,,,,,,
119,35.5798635,127.1981911,828.0,759.0,243.0,853.0,656.0,,,,,,,,,,,,,,,,,,,,,,,
120,36.0555481,128.2571982,,,,,,,,,,,,,,,,,,,,,,,,,,,,
121,36.3667465,128.8419833,180.0,660.0,847.0,1040.0,26.0,45.0,205.0,212.0,349.0,665.0,230.0,213.0,728.0,681.0,1001.0,223.0,679.0,262.0,320.0,,,,,,,,,
122,37.2534286,128.726245,163.0,886.0,915.0,476.0,125.0,270.0,128.0,391.0,530.0,756.0,,,,,,,,,,,,,,,,,,
123,37.4250014,128.2967109,116.0,32.0,991.0,1055.0,65.0,89.0,74.0,,,,,,,,,,,,,,,,,,,,,
124,35.9213983,129.1566704,87.0,,,,,,,,,,,,,,,,,,,,,,,,,,,
125,37.2534286,128.726245,163.0,886.0,915.0,476.0,270.0,122.0,128.0,391.0,530.0,756.0,,,,,,,,,,,,,,,,,,
126,37.5019304,128.7080385,136.0,367.0,802.0,66.0,334.0,,,,,,,,,,,,,,,,,,,,,,,
127,34.8114222,126.9428825,,,,,,,,,,,,,,,,,,,,,,,,,,,,
128,37.2534286,128.726245,163.0,886.0,915.0,476.0,125.0,270.0,122.0,391.0,530.0,756.0,,,,,,,,,,,,,,,,,,
129,37.4146192,128.8668205,308.0,,,,,,,,,,,,,,,,,,,,,,,,,,,
130,37.7014855,127.8674722,319.0,1003.0,611.0,866.0,17.0,,,,,,,,,,,,,,,,,,,,,,,
131,37.4048732,128.1453026,401.0,314.0,345.0,264.0,395.0,492.0,506.0,148.0,411.0,480.0,394.0,502.0,462.0,228.0,461.0,634.0,374.0,495.0,,,,,,,,,,
132,37.7120915,127.7440552,237.0,252.0,332.0,487.0,602.0,613.0,790.0,475.0,629.0,,,,,,,,,,,,,,,,,,,
133,37.8140141,128.1452309,913.0,514.0,946.0,44.0,57.0,58.0,200.0,413.0,1073.0,,,,,,,,,,,,,,,,,,,
134,37.0060873,128.9653695,753.0,558.0,568.0,102.0,794.0,309.0,466.0,299.0,266.0,298.0,520.0,1124.0,28.0,,,,,,,,,,,,,,,
135,36.4785066,129.1679121,79.0,210.0,218.0,418.0,591.0,547.0,546.0,101.0,14.0,3.0,,,,,,,,,,,,,,,,,,
136,37.5019304,128.7080385,126.0,367.0,802.0,66.0,334.0,,,,,,,,,,,,,,,,,,,,,,,
137,36.4571359,129.3230741,417.0,224.0,1143.0,35.0,34.0,,,,,,,,,,,,,,,,,,,,,,,
138,37.3873252,128.6859393,694.0,723.0,,,,,,,,,,,,,,,,,,,,,,,,,,
139,37.4515774,127.654413,12.0,69.0,317.0,7.0,683.0,758.0,496.0,649.0,1080.0,13.0,,,,,,,,,,,,,,,,,,
140,36.5095472,129.0923238,1112.0,174.0,27.0,546.0,101.0,,,,,,,,,,,,,,,,,,,,,,,
141,35.2075729,128.3702795,,,,,,,,,,,,,,,,,,,,,,,,,,,,
142,36.9395486,128.7902001,837.0,361.0,846.0,672.0,70.0,689.0,954.0,1047.0,,,,,,,,,,,,,,,,,,,,
143,35.0286639,126.7526792,1154.0,,,,,,,,,,,,,,,,,,,,,,,,,,,
144,37.2597658,128.8729253,277.0,548.0,,,,,,,,,,,,,,,,,,,,,,,,,,
145,35.0160601,127.0127779,536.0,550.0,981.0,326.0,146.0,402.0,,,,,,,,,,,,,,,,,,,,,,
146,35.0160601,127.0127779,536.0,550.0,981.0,326.0,145.0,402.0,,,,,,,,,,,,,,,,,,,,,,
147,36.8561157,128.8395425,1047.0,358.0,1016.0,,,,,,,,,,,,,,,,,,,,,,,,,
148,37.4048732,128.1453026,401.0,314.0,345.0,264.0,395.0,492.0,506.0,411.0,480.0,394.0,502.0,462.0,131.0,228.0,461.0,634.0,374.0,495.0,,,,,,,,,,
149,37.9429407,127.4806675,73.0,46.0,31.0,202.0,203.0,403.0,439.0,716.0,744.0,815.0,919.0,920.0,939.0,940.0,,,,,,,,,,,,,,
150,37.3852166,128.3913906,242.0,275.0,454.0,453.0,311.0,748.0,171.0,633.0,173.0,631.0,443.0,698.0,1094.0,944.0,195.0,457.0,637.0,632.0,,,,,,,,,,
151,37.0603106,128.3768758,117.0,160.0,77.0,83.0,489.0,,,,,,,,,,,,,,,,,,,,,,,
152,37.6011843,128.2265769,238.0,975.0,305.0,356.0,112.0,988.0,,,,,,,,,,,,,,,,,,,,,,
153,37.9831858,127.7035317,,,,,,,,,,,,,,,,,,,,,,,,,,,,
154,36.7551344,128.1698493,33.0,107.0,156.0,,,,,,,,,,,,,,,,,,,,,,,,,
155,38.1886627,128.3651816,1074.0,869.0,1014.0,,,,,,,,,,,,,,,,,,,,,,,,,
156,36.7551344,128.1698493,33.0,107.0,154.0,,,,,,,,,,,,,,,,,,,,,,,,,
157,37.8107051,128.2724166,778.0,955.0,,,,,,,,,,,,,,,,,,,,,,,,,,
158,37.348768,128.1604644,401.0,314.0,345.0,492.0,49.0,103.0,1075.0,,,,,,,,,,,,,,,,,,,,,
159,37.8173563,128.0004157,504.0,947.0,257.0,355.0,881.0,949.0,248.0,239.0,,,,,,,,,,,,,,,,,,,,
160,37.0603106,128.3768758,117.0,151.0,77.0,83.0,489.0,,,,,,,,,,,,,,,,,,,,,,,
161,36.7877626,129.2030091,1077.0,781.0,406.0,1158.0,0.0,21.0,4.0,,,,,,,,,,,,,,,,,,,,,
162,34.7128412,127.1870253,1012.0,327.0,323.0,283.0,188.0,207.0,282.0,118.0,278.0,340.0,341.0,342.0,739.0,279.0,353.0,563.0,362.0,288.0,232.0,233.0,166.0,322.0,,,,,,
163,37.25075,128.6692609,181.0,886.0,476.0,125.0,270.0,122.0,128.0,530.0,756.0,,,,,,,,,,,,,,,,,,,
164,38.1681838,128.1786506,324.0,80.0,82.0,2.0,371.0,599.0,768.0,785.0,1100.0,1104.0,1105.0,1106.0,1115.0,1119.0,1148.0,555.0,250.0,1015.0,469.0,1156.0,1147.0,271.0,497.0,499.0,,,,
165,37.3909559,127.8008094,231.0,,,,,,,,,,,,,,,,,,,,,,,,,,,
166,34.7168052,127.1320597,1012.0,327.0,323.0,283.0,188.0,207.0,282.0,118.0,278.0,340.0,341.0,342.0,162.0,739.0,279.0,353.0,563.0,362.0,288.0,232.0,233.0,322.0,,,,,,
167,36.8428925,128.5079335,114.0,168.0,,,,,,,,,,,,,,,,,,,,,,,,,,
168,36.8581851,128.5151227,114.0,167.0,,,,,,,,,,,,,,,,,,,,,,,,,,
169,37.497971,127.5050639,259.0,113.0,1110.0,23.0,440.0,685.0,720.0,90.0,696.0,732.0,760.0,,,,,,,,,,,,,,,,,
170,36.6536828,128.9347622,64.0,333.0,255.0,91.0,572.0,1004.0,55.0,265.0,595.0,619.0,673.0,,,,,,,,,,,,,,,,,
171,37.4358067,128.3992554,453.0,150.0,173.0,,,,,,,,,,,,,,,,,,,,,,,,,
172,37.9529831,128.1965588,251.0,234.0,235.0,291.0,363.0,,,,,,,,,,,,,,,,,,,,,,,
173,37.4358067,128.3992554,453.0,150.0,171.0,,,,,,,,,,,,,,,,,,,,,,,,,
174,36.5095472,129.0923238,1112.0,140.0,27.0,546.0,101.0,,,,,,,,,,,,,,,,,,,,,,,
175,35.1414667,126.5323581,646.0,281.0,352.0,,,,,,,,,,,,,,,,,,,,,,,,,
176,38.0019958,128.6187189,930.0,47.0,,,,,,,,,,,,,,,,,,,,,,,,,,
177,35.8869663,127.8205443,190.0,191.0,,,,,,,,,,,,,,,,,,,,,,,,,,
178,36.9256095,128.9603713,348.0,926.0,674.0,,,,,,,,,,,,,,,,,,,,,,,,,
179,37.5631941,128.3127372,518.0,493.0,244.0,268.0,269.0,425.0,455.0,762.0,194.0,798.0,517.0,,,,,,,,,,,,,,,,,
180,36.3321473,128.8067483,11.0,660.0,847.0,1040.0,26.0,45.0,205.0,230.0,213.0,681.0,121.0,679.0,262.0,29.0,,,,,,,,,,,,,,
181,37.2237462,128.6427344,163.0,193.0,,,,,,,,,,,,,,,,,,,,,,,,,,
182,38.1700928,127.7093384,,,,,,,,,,,,,,,,,,,,,,,,,,,,
183,37.5893415,127.4947634,19.0,294.0,295.0,426.0,830.0,840.0,986.0,315.0,,,,,,,,,,,,,,,,,,,,
184,36.9796571,128.3675653,56.0,189.0,726.0,,,,,,,,,,,,,,,,,,,,,,,,,
185,35.7070291,127.1532238,346.0,729.0,859.0,436.0,557.0,,,,,,,,,,,,,,,,,,,,,,,
186,37.5558764,127.5817911,287.0,364.0,328.0,429.0,423.0,422.0,329.0,220.0,330.0,421.0,15.0,247.0,884.0,,,,,,,,,,,,,,,
187,36.3351104,128.9174135,212.0,349.0,727.0,728.0,1001.0,223.0,320.0,,,,,,,,,,,,,,,,,,,,,
188,34.7040567,127.1445908,1012.0,327.0,323.0,283.0,207.0,282.0,118.0,278.0,340.0,341.0,342.0,162.0,739.0,279.0,353.0,563.0,362.0,288.0,232.0,233.0,166.0,322.0,,,,,,
189,36.9796571,128.3675653,56.0,184.0,726.0,,,,,,,,,,,,,,,,,,,,,,,,,
190,35.8869663,127.8205443,191.0,177.0,,,,,,,,,,,,,,,,,,,,,,,,,,
191,35.8869663,127.8205443,190.0,177.0,,,,,,,,,,,,,,,,,,,,,,,,,,
192,37.7979718,126.3953013,1005.0,,,,,,,,,,,,,,,,,,,,,,,,,,,
193,37.1919741,128.5989961,181.0,,,,,,,,,,,,,,,,,,,,,,,,,,,
194,37.5690079,128.3547193,518.0,179.0,493.0,244.0,268.0,269.0,425.0,455.0,762.0,508.0,798.0,378.0,517.0,,,,,,,,,,,,,,,
195,37.3628576,128.4182448,242.0,275.0,454.0,453.0,311.0,150.0,748.0,633.0,631.0,443.0,698.0,1094.0,944.0,457.0,637.0,632.0,,,,,,,,,,,,
196,38.0087006,128.1617215,951.0,463.0,293.0,5.0,1000.0,16.0,,,,,,,,,,,,,,,,,,,,,,
197,37.6147161,127.8863288,766.0,950.0,890.0,9.0,,,,,,,,,,,,,,,,,,,,,,,,
198,37.9993658,128.3250403,1136.0,433.0,1046.0,1095.0,1107.0,,,,,,,,,,,,,,,,,,,,,,,
199,38.0466608,128.3851271,588.0,583.0,579.0,863.0,601.0,81.0,1137.0,590.0,513.0,511.0,598.0,,,,,,,,,,,,,,,,,
200,37.8140141,128.1452309,913.0,514.0,946.0,44.0,57.0,58.0,133.0,413.0,1073.0,,,,,,,,,,,,,,,,,,,
201,37.3411588,126.7220994,246.0,219.0,,,,,,,,,,,,,,,,,,,,,,,,,,
202,37.9429407,127.4806675,73.0,46.0,149.0,31.0,203.0,403.0,439.0,716.0,744.0,815.0,919.0,920.0,939.0,940.0,,,,,,,,,,,,,,
203,37.9429407,127.4806675,73.0,46.0,149.0,31.0,202.0,403.0,439.0,716.0,744.0,815.0,919.0,920.0,939.0,940.0,,,,,,,,,,,,,,
204,35.5646226,127.1343061,828.0,243.0,853.0,656.0,731.0,,,,,,,,,,,,,,,,,,,,,,,
205,36.3321473,128.8067483,11.0,180.0,660.0,847.0,1040.0,26.0,45.0,230.0,213.0,681.0,121.0,679.0,262.0,29.0,,,,,,,,,,,,,,
206,37.7267059,126.9116461,285.0,623.0,901.0,68.0,,,,,,,,,,,,,,,,,,,,,,,,
207,34.7026119,127.1659258,1012.0,327.0,323.0,283.0,188.0,282.0,118.0,278.0,340.0,341.0,342.0,162.0,739.0,279.0,353.0,563.0,362.0,288.0,232.0,233.0,166.0,322.0,,,,,,
208,34.3936351,126.5418454,697.0,1111.0,,,,,,,,,,,,,,,,,,,,,,,,,,
209,37.6020683,127.9591221,1067.0,972.0,9.0,,,,,,,,,,,,,,,,,,,,,,,,,
210,36.4785066,129.1679121,79.0,218.0,418.0,135.0,591.0,547.0,546.0,101.0,14.0,3.0,,,,,,,,,,,,,,,,,,
211,36.9635809,127.9320017,917.0,933.0,301.0,968.0,904.0,488.0,703.0,1008.0,1044.0,,,,,,,,,,,,,,,,,,,
212,36.3231567,128.8736824,187.0,727.0,223.0,121.0,,,,,,,,,,,,,,,,,,,,,,,,
213,36.3321473,128.8067483,11.0,180.0,660.0,847.0,1040.0,26.0,45.0,205.0,230.0,681.0,121.0,679.0,262.0,29.0,,,,,,,,,,,,,,
214,35.2867911,126.5237272,1011.0,,,,,,,,,,,,,,,,,,,,,,,,,,,
215,35.0878407,127.6114145,216.0,451.0,980.0,1098.0,,,,,,,,,,,,,,,,,,,,,,,,
216,35.0878407,127.6114145,215.0,451.0,980.0,1098.0,,,,,,,,,,,,,,,,,,,,,,,,
217,35.1849378,127.3547925,533.0,1153.0,274.0,307.0,616.0,500.0,510.0,338.0,565.0,564.0,,,,,,,,,,,,,,,,,,
218,36.4785066,129.1679121,79.0,210.0,418.0,135.0,591.0,547.0,546.0,101.0,14.0,3.0,,,,,,,,,,,,,,,,,,
219,37.3411588,126.7220994,246.0,201.0,,,,,,,,,,,,,,,,,,,,,,,,,,
220,37.5558764,127.5817911,287.0,364.0,328.0,429.0,423.0,422.0,329.0,186.0,330.0,421.0,15.0,247.0,884.0,,,,,,,,,,,,,,,
221,37.2772238,128.1975847,,,,,,,,,,,,,,,,,,,,,,,,,,,,
222,35.121549,127.3677518,534.0,485.0,616.0,577.0,570.0,,,,,,,,,,,,,,,,,,,,,,,
223,36.3231567,128.8736824,212.0,187.0,727.0,121.0,,,,,,,,,,,,,,,,,,,,,,,,
224,36.4571359,129.3230741,417.0,1143.0,137.0,35.0,34.0,,,,,,,,,,,,,,,,,,,,,,,
225,35.2053772,128.1165386,895.0,,,,,,,,,,,,,,,,,,,,,,,,,,,
226,36.7047911,128.8286576,71.0,586.0,882.0,357.0,669.0,,,,,,,,,,,,,,,,,,,,,,,
227,38.0375603,128.5476157,995.0,1076.0,76.0,1041.0,,,,,,,,,,,,,,,,,,,,,,,,
228,37.4048732,128.1453026,401.0,314.0,345.0,264.0,395.0,492.0,506.0,148.0,411.0,480.0,394.0,502.0,462.0,131.0,461.0,634.0,374.0,495.0,,,,,,,,,,
229,36.2648464,127.404001,,,,,,,,,,,,,,,,,,,,,,,,,,,,
230,36.3321473,128.8067483,11.0,180.0,660.0,847.0,1040.0,26.0,45.0,205.0,213.0,681.0,121.0,679.0,262.0,29.0,,,,,,,,,,,,,,
231,37.3526611,127.8023805,165.0,1088.0,841.0,481.0,,,,,,,,,,,,,,,,,,,,,,,,
232,34.7040567,127.1445908,1012.0,327.0,323.0,283.0,188.0,207.0,282.0,118.0,278.0,340.0,341.0,342.0,162.0,739.0,279.0,353.0,563.0,362.0,288.0,233.0,166.0,322.0,,,,,,
233,34.7040567,127.1445908,1012.0,327.0,323.0,283.0,188.0,207.0,282.0,118.0,278.0,340.0,341.0,342.0,162.0,739.0,279.0,353.0,563.0,362.0,288.0,232.0,166.0,322.0,,,,,,
234,37.9529831,128.1965588,251.0,172.0,235.0,291.0,363.0,,,,,,,,,,,,,,,,,,,,,,,
235,37.9529831,128.1965588,251.0,172.0,234.0,291.0,363.0,,,,,,,,,,,,,,,,,,,,,,,
236,37.8059381,127.8497773,240.0,654.0,8.0,347.0,30.0,,,,,,,,,,,,,,,,,,,,,,,
237,37.7120915,127.7440552,132.0,252.0,332.0,487.0,602.0,613.0,790.0,475.0,629.0,,,,,,,,,,,,,,,,,,,
238,37.5933552,128.1664828,104.0,975.0,305.0,152.0,356.0,370.0,112.0,988.0,1082.0,,,,,,,,,,,,,,,,,,,
239,37.8228476,127.9549594,159.0,881.0,347.0,949.0,248.0,30.0,,,,,,,,,,,,,,,,,,,,,,
240,37.8059381,127.8497773,236.0,654.0,8.0,347.0,30.0,,,,,,,,,,,,,,,,,,,,,,,
241,35.6899474,127.3178602,1131.0,959.0,,,,,,,,,,,,,,,,,,,,,,,,,,
242,37.3728454,128.4052788,275.0,454.0,453.0,311.0,150.0,748.0,633.0,631.0,443.0,698.0,1094.0,944.0,195.0,457.0,637.0,632.0,,,,,,,,,,,,
243,35.6019213,127.1434343,828.0,204.0,853.0,119.0,656.0,731.0,,,,,,,,,,,,,,,,,,,,,,
244,37.5631941,128.3127372,518.0,179.0,493.0,268.0,269.0,425.0,455.0,762.0,194.0,798.0,517.0,,,,,,,,,,,,,,,,,
245,34.4439909,126.5877817,1111.0,,,,,,,,,,,,,,,,,,,,,,,,,,,
246,37.3411588,126.7220994,219.0,201.0,,,,,,,,,,,,,,,,,,,,,,,,,,
247,37.5710458,127.6416006,364.0,328.0,429.0,423.0,220.0,186.0,15.0,884.0,,,,,,,,,,,,,,,,,,,,
248,37.8173563,128.0004157,504.0,947.0,257.0,355.0,159.0,881.0,949.0,239.0,,,,,,,,,,,,,,,,,,,,
249,37.7410335,128.0839616,1032.0,,,,,,,,,,,,,,,,,,,,,,,,,,,
250,38.1922602,128.1994956,390.0,1148.0,555.0,1015.0,469.0,164.0,1147.0,271.0,497.0,499.0,,,,,,,,,,,,,,,,,,
251,37.9478221,128.142228,951.0,463.0,1102.0,172.0,234.0,235.0,291.0,363.0,,,,,,,,,,,,,,,,,,,,
252,37.7120915,127.7440552,132.0,237.0,332.0,487.0,602.0,613.0,790.0,475.0,629.0,,,,,,,,,,,,,,,,,,,
253,37.6518777,127.74339,1091.0,606.0,973.0,254.0,620.0,617.0,1092.0,935.0,448.0,95.0,60.0,799.0,1002.0,1099.0,,,,,,,,,,,,,,
254,37.6324523,127.7520913,1091.0,606.0,973.0,620.0,617.0,1092.0,253.0,935.0,448.0,95.0,60.0,799.0,1002.0,1099.0,,,,,,,,,,,,,,
255,36.6536828,128.9347622,64.0,333.0,170.0,91.0,572.0,1004.0,55.0,265.0,595.0,619.0,673.0,,,,,,,,,,,,,,,,,
256,38.0834935,128.4610259,441.0,318.0,452.0,1076.0,76.0,,,,,,,,,,,,,,,,,,,,,,,
257,37.7953885,128.0466435,504.0,947.0,355.0,159.0,248.0,514.0,,,,,,,,,,,,,,,,,,,,,,
258,37.4405188,127.8508915,1089.0,894.0,963.0,1060.0,,,,,,,,,,,,,,,,,,,,,,,,
259,37.5066872,127.4717254,990.0,113.0,1110.0,23.0,169.0,440.0,685.0,720.0,90.0,696.0,732.0,760.0,,,,,,,,,,,,,,,,
260,35.5988084,127.3825703,658.0,676.0,754.0,775.0,491.0,490.0,860.0,889.0,820.0,1134.0,717.0,,,,,,,,,,,,,,,,,
261,37.50515,128.6013888,304.0,,,,,,,,,,,,,,,,,,,,,,,,,,,
262,36.3321473,128.8067483,11.0,180.0,660.0,847.0,1040.0,26.0,45.0,205.0,230.0,213.0,681.0,121.0,679.0,29.0,,,,,,,,,,,,,,
263,35.2714721,127.8166414,420.0,484.0,483.0,392.0,532.0,,,,,,,,,,,,,,,,,,,,,,,
264,37.4351307,128.1088047,395.0,506.0,62.0,148.0,411.0,480.0,394.0,502.0,462.0,131.0,228.0,503.0,461.0,505.0,635.0,24.0,41.0,42.0,634.0,374.0,495.0,,,,,,,
265,36.6966455,128.969731,170.0,255.0,55.0,595.0,619.0,673.0,,,,,,,,,,,,,,,,,,,,,,
266,37.0060873,128.9653695,753.0,558.0,568.0,102.0,794.0,309.0,466.0,299.0,298.0,520.0,134.0,1124.0,28.0,,,,,,,,,,,,,,,
267,36.9225591,128.8623667,358.0,1016.0,,,,,,,,,,,,,,,,,,,,,,,,,,
268,37.5631941,128.3127372,518.0,179.0,493.0,244.0,269.0,425.0,455.0,762.0,194.0,798.0,517.0,,,,,,,,,,,,,,,,,
269,37.5631941,128.3127372,518.0,179.0,493.0,244.0,268.0,425.0,455.0,762.0,194.0,798.0,517.0,,,,,,,,,,,,,,,,,
270,37.2534286,128.726245,163.0,886.0,915.0,476.0,125.0,122.0,128.0,391.0,530.0,756.0,,,,,,,,,,,,,,,,,,
271,38.1681838,128.1786506,324.0,80.0,82.0,2.0,371.0,599.0,768.0,785.0,1100.0,1104.0,1105.0,1106.0,1115.0,1119.0,1148.0,555.0,250.0,1015.0,469.0,1156.0,164.0,1147.0,497.0,499.0,,,,
272,35.6990304,127.590711,865.0,966.0,1037.0,,,,,,,,,,,,,,,,,,,,,,,,,
273,37.7356068,128.2378592,494.0,1064.0,582.0,541.0,621.0,59.0,622.0,974.0,576.0,630.0,899.0,1108.0,765.0,,,,,,,,,,,,,,,
274,35.2202574,127.3881185,1153.0,307.0,500.0,580.0,217.0,510.0,338.0,565.0,564.0,,,,,,,,,,,,,,,,,,,
275,37.3728454,128.4052788,242.0,454.0,453.0,311.0,150.0,748.0,633.0,631.0,443.0,698.0,1094.0,944.0,195.0,457.0,637.0,632.0,,,,,,,,,,,,
276,37.2220583,128.8218722,343.0,915.0,106.0,548.0,1056.0,,,,,,,,,,,,,,,,,,,,,,,
277,37.2597658,128.8729253,144.0,548.0,,,,,,,,,,,,,,,,,,,,,,,,,,
278,34.7026119,127.1659258,1012.0,327.0,323.0,283.0,188.0,207.0,282.0,118.0,340.0,341.0,342.0,162.0,739.0,279.0,353.0,563.0,362.0,288.0,232.0,233.0,166.0,322.0,,,,,,
279,34.7026119,127.1659258,1012.0,327.0,323.0,283.0,188.0,207.0,282.0,118.0,278.0,340.0,341.0,342.0,162.0,739.0,353.0,563.0,362.0,288.0,232.0,233.0,166.0,322.0,,,,,,
280,34.4608019,127.4680798,,,,,,,,,,,,,,,,,,,,,,,,,,,,
281,35.1749839,126.5409272,175.0,352.0,,,,,,,,,,,,,,,,,,,,,,,,,,
282,34.7026119,127.1659258,1012.0,327.0,323.0,283.0,188.0,207.0,118.0,278.0,340.0,341.0,342.0,162.0,739.0,279.0,353.0,563.0,362.0,288.0,232.0,233.0,166.0,322.0,,,,,,
283,34.7026119,127.1659258,1012.0,327.0,323.0,188.0,207.0,282.0,118.0,278.0,340.0,341.0,342.0,162.0,739.0,279.0,353.0,563.0,362.0,288.0,232.0,233.0,166.0,322.0,,,,,,
284,37.6544392,128.7821778,,,,,,,,,,,,,,,,,,,,,,,,,,,,
285,37.7267059,126.9116461,623.0,206.0,901.0,68.0,,,,,,,,,,,,,,,,,,,,,,,,
286,34.9730223,127.1427854,1035.0,549.0,404.0,405.0,922.0,,,,,,,,,,,,,,,,,,,,,,,
287,37.5306149,127.5850392,1123.0,1122.0,364.0,328.0,429.0,423.0,422.0,329.0,220.0,186.0,330.0,421.0,381.0,1036.0,,,,,,,,,,,,,,
288,34.7026119,127.1659258,1012.0,327.0,323.0,283.0,188.0,207.0,282.0,118.0,278.0,340.0,341.0,342.0,162.0,739.0,279.0,353.0,563.0,362.0,232.0,233.0,166.0,322.0,,,,,,
289,35.8867998,128.4910476,290.0,,,,,,,,,,,,,,,,,,,,,,,,,,,
290,35.8867998,128.4910476,289.0,,,,,,,,,,,,,,,,,,,,,,,,,,,
291,37.9529831,128.1965588,251.0,172.0,234.0,235.0,363.0,,,,,,,,,,,,,,,,,,,,,,,
292,37.245738,129.0698695,574.0,415.0,,,,,,,,,,,,,,,,,,,,,,,,,,
293,38.0087006,128.1617215,951.0,463.0,196.0,5.0,1000.0,16.0,,,,,,,,,,,,,,,,,,,,,,
294,37.5893415,127.4947634,19.0,183.0,295.0,426.0,830.0,840.0,986.0,315.0,,,,,,,,,,,,,,,,,,,,
295,37.5893415,127.4947634,19.0,183.0,294.0,426.0,830.0,840.0,986.0,315.0,,,,,,,,,,,,,,,,,,,,
296,37.763285,127.5286119,807.0,380.0,1118.0,369.0,,,,,,,,,,,,,,,,,,,,,,,,
297,36.4837622,128.8900474,936.0,,,,,,,,,,,,,,,,,,,,,,,,,,,
298,37.0060873,128.9653695,753.0,558.0,568.0,102.0,794.0,309.0,466.0,299.0,266.0,520.0,134.0,1124.0,28.0,,,,,,,,,,,,,,,
299,37.0060873,128.9653695,753.0,558.0,568.0,102.0,794.0,309.0,466.0,266.0,298.0,520.0,134.0,1124.0,28.0,,,,,,,,,,,,,,,
300,36.6648281,127.6731019,,,,,,,,,,,,,,,,,,,,,,,,,,,,
301,36.9635809,127.9320017,917.0,933.0,968.0,211.0,904.0,488.0,703.0,1008.0,1044.0,,,,,,,,,,,,,,,,,,,
302,35.3338895,129.1732717,1068.0,1142.0,,,,,,,,,,,,,,,,,,,,,,,,,,
303,34.7015684,127.0514942,366.0,396.0,427.0,388.0,373.0,525.0,567.0,337.0,,,,,,,,,,,,,,,,,,,,
304,37.50515,128.6013888,261.0,,,,,,,,,,,,,,,,,,,,,,,,,,,
305,37.6011843,128.2265769,238.0,975.0,152.0,356.0,112.0,988.0,,,,,,,,,,,,,,,,,,,,,,
306,36.3645223,129.3873596,,,,,,,,,,,,,,,,,,,,,,,,,,,,
307,35.1849378,127.3547925,533.0,1153.0,274.0,616.0,500.0,217.0,510.0,338.0,565.0,564.0,,,,,,,,,,,,,,,,,,
308,37.4431918,128.8718084,129.0,,,,,,,,,,,,,,,,,,,,,,,,,,,
309,37.0060873,128.9653695,753.0,558.0,568.0,102.0,794.0,466.0,299.0,266.0,298.0,520.0,134.0,1124.0,28.0,,,,,,,,,,,,,,,
310,36.9786453,128.85124,10.0,753.0,558.0,568.0,54.0,102.0,50.0,20.0,1062.0,25.0,690.0,521.0,571.0,408.0,407.0,552.0,350.0,61.0,587.0,375.0,721.0,593.0,609.0,610.0,529.0,804.0,88.0,573.0
311,37.3728454,128.4052788,242.0,275.0,454.0,453.0,150.0,748.0,633.0,631.0,443.0,698.0,1094.0,944.0,195.0,457.0,637.0,632.0,,,,,,,,,,,,
312,37.6361022,128.3700029,508.0,798.0,400.0,479.0,478.0,512.0,378.0,517.0,803.0,458.0,424.0,498.0,325.0,465.0,387.0,509.0,524.0,553.0,578.0,554.0,,,,,,,,
313,37.6110372,128.0775996,,,,,,,,,,,,,,,,,,,,,,,,,,,,
314,37.3675393,128.1159262,401.0,345.0,492.0,506.0,148.0,49.0,394.0,103.0,158.0,502.0,462.0,131.0,228.0,1075.0,461.0,634.0,374.0,495.0,,,,,,,,,,
315,37.6192937,127.5376046,19.0,183.0,294.0,295.0,426.0,830.0,840.0,986.0,867.0,1017.0,985.0,817.0,1085.0,,,,,,,,,,,,,,,
316,37.6622733,128.5594295,472.0,742.0,,,,,,,,,,,,,,,,,,,,,,,,,,
317,37.4515774,127.654413,12.0,69.0,139.0,7.0,683.0,758.0,496.0,649.0,1080.0,13.0,,,,,,,,,,,,,,,,,,
318,38.0834935,128.4610259,441.0,452.0,256.0,1076.0,76.0,,,,,,,,,,,,,,,,,,,,,,,
319,37.6784735,127.9151229,972.0,1003.0,130.0,611.0,17.0,,,,,,,,,,,,,,,,,,,,,,,
320,36.3735292,128.9007835,349.0,187.0,727.0,728.0,1001.0,121.0,,,,,,,,,,,,,,,,,,,,,,
321,36.5211412,128.555425,871.0,,,,,,,,,,,,,,,,,,,,,,,,,,,
322,34.7040567,127.1445908,1012.0,327.0,323.0,283.0,188.0,207.0,282.0,118.0,278.0,340.0,341.0,342.0,162.0,739.0,279.0,353.0,563.0,362.0,288.0,232.0,233.0,166.0,,,,,,
323,34.7040567,127.1445908,1012.0,327.0,283.0,188.0,207.0,282.0,118.0,278.0,340.0,341.0,342.0,162.0,739.0,279.0,353.0,563.0,362.0,288.0,232.0,233.0,166.0,322.0,,,,,,
324,38.1453645,128.1335981,80.0,82.0,2.0,371.0,599.0,768.0,785.0,1100.0,1104.0,1105.0,1106.0,1115.0,1119.0,1148.0,555.0,1015.0,469.0,1156.0,164.0,271.0,497.0,,,,,,,
325,37.6361022,128.3700029,508.0,798.0,400.0,479.0,478.0,512.0,378.0,517.0,803.0,458.0,424.0,498.0,465.0,387.0,312.0,509.0,524.0,553.0,578.0,554.0,,,,,,,,
326,35.0160601,127.0127779,536.0,550.0,981.0,146.0,145.0,402.0,,,,,,,,,,,,,,,,,,,,,,
327,34.7040567,127.1445908,1012.0,323.0,283.0,188.0,207.0,282.0,118.0,278.0,340.0,341.0,342.0,162.0,739.0,279.0,353.0,563.0,362.0,288.0,232.0,233.0,166.0,322.0,,,,,,
328,37.5558764,127.5817911,287.0,364.0,429.0,423.0,422.0,329.0,220.0,186.0,330.0,421.0,15.0,247.0,884.0,,,,,,,,,,,,,,,
329,37.5306149,127.5850392,287.0,1123.0,1122.0,364.0,328.0,429.0,423.0,422.0,220.0,186.0,330.0,421.0,381.0,1036.0,,,,,,,,,,,,,,
330,37.5306149,127.5850392,287.0,1123.0,1122.0,364.0,328.0,429.0,423.0,422.0,329.0,220.0,186.0,421.0,381.0,1036.0,,,,,,,,,,,,,,
331,34.4668234,126.8357079,,,,,,,,,,,,,,,,,,,,,,,,,,,,
332,37.7120915,127.7440552,132.0,237.0,252.0,487.0,602.0,613.0,790.0,475.0,629.0,,,,,,,,,,,,,,,,,,,
333,36.630742,128.9132417,64.0,170.0,255.0,91.0,572.0,1004.0,,,,,,,,,,,,,,,,,,,,,,
334,37.5307719,128.7275235,126.0,136.0,367.0,802.0,66.0,,,,,,,,,,,,,,,,,,,,,,,
335,37.0565536,128.7909086,10.0,54.0,50.0,20.0,350.0,375.0,593.0,609.0,610.0,529.0,804.0,573.0,,,,,,,,,,,,,,,,
336,36.5789495,128.7192854,1146.0,,,,,,,,,,,,,,,,,,,,,,,,,,,
337,34.7015684,127.0514942,366.0,396.0,427.0,388.0,373.0,525.0,303.0,567.0,,,,,,,,,,,,,,,,,,,,
338,35.1849378,127.3547925,533.0,1153.0,274.0,307.0,616.0,500.0,217.0,510.0,565.0,564.0,,,,,,,,,,,,,,,,,,
339,35.0117982,126.8818047,923.0,958.0,851.0,,,,,,,,,,,,,,,,,,,,,,,,,
340,34.7026119,127.1659258,1012.0,327.0,323.0,283.0,188.0,207.0,282.0,118.0,278.0,341.0,342.0,162.0,739.0,279.0,353.0,563.0,362.0,288.0,232.0,233.0,166.0,322.0,,,,,,
341,34.7026119,127.1659258,1012.0,327.0,323.0,283.0,188.0,207.0,282.0,118.0,278.0,340.0,342.0,162.0,739.0,279.0,353.0,563.0,362.0,288.0,232.0,233.0,166.0,322.0,,,,,,
342,34.7026119,127.1659258,1012.0,327.0,323.0,283.0,188.0,207.0,282.0,118.0,278.0,340.0,341.0,162.0,739.0,279.0,353.0,563.0,362.0,288.0,232.0,233.0,166.0,322.0,,,,,,
343,37.1922511,128.8706731,106.0,97.0,1056.0,276.0,,,,,,,,,,,,,,,,,,,,,,,,
344,37.2764225,127.355345,900.0,876.0,,,,,,,,,,,,,,,,,,,,,,,,,,
345,37.3675393,128.1159262,401.0,314.0,492.0,506.0,148.0,49.0,394.0,103.0,158.0,502.0,462.0,131.0,228.0,1075.0,461.0,634.0,374.0,495.0,,,,,,,,,,
346,35.7397064,127.1401714,662.0,729.0,859.0,436.0,185.0,557.0,769.0,,,,,,,,,,,,,,,,,,,,,
347,37.8303719,127.8955118,845.0,827.0,384.0,386.0,385.0,236.0,240.0,654.0,881.0,942.0,8.0,949.0,30.0,239.0,,,,,,,,,,,,,,
348,36.9448146,128.9381286,753.0,558.0,568.0,178.0,102.0,926.0,674.0,,,,,,,,,,,,,,,,,,,,,
349,36.3735292,128.9007835,187.0,727.0,728.0,1001.0,121.0,320.0,,,,,,,,,,,,,,,,,,,,,,
350,37.017043,128.8162766,10.0,54.0,50.0,20.0,1062.0,25.0,690.0,521.0,571.0,408.0,407.0,310.0,552.0,61.0,587.0,375.0,721.0,593.0,609.0,610.0,529.0,804.0,88.0,335.0,573.0,,,
351,37.3437715,127.1194183,63.0,,,,,,,,,,,,,,,,,,,,,,,,,,,
352,35.1749839,126.5409272,175.0,281.0,,,,,,,,,,,,,,,,,,,,,,,,,,
353,34.7026119,127.1659258,1012.0,327.0,323.0,283.0,188.0,207.0,282.0,118.0,278.0,340.0,341.0,342.0,162.0,739.0,279.0,563.0,362.0,288.0,232.0,233.0,166.0,322.0,,,,,,
354,36.4518737,129.4294626,526.0,445.0,447.0,810.0,,,,,,,,,,,,,,,,,,,,,,,,
355,37.7770615,128.0156889,1032.0,943.0,504.0,947.0,257.0,159.0,248.0,,,,,,,,,,,,,,,,,,,,,
356,37.6011843,128.2265769,238.0,975.0,305.0,152.0,112.0,988.0,,,,,,,,,,,,,,,,,,,,,,
357,36.7047911,128.8286576,71.0,586.0,882.0,226.0,669.0,,,,,,,,,,,,,,,,,,,,,,,
358,36.8744093,128.8887244,1054.0,1069.0,147.0,1016.0,267.0,,,,,,,,,,,,,,,,,,,,,,,
359,36.6932767,128.7045904,51.0,,,,,,,,,,,,,,,,,,,,,,,,,,,
360,34.5278304,126.8366131,,,,,,,,,,,,,,,,,,,,,,,,,,,,
361,36.9694817,128.7708492,142.0,837.0,846.0,672.0,70.0,689.0,954.0,,,,,,,,,,,,,,,,,,,,,
362,34.7128412,127.1870253,1012.0,327.0,323.0,283.0,188.0,207.0,282.0,118.0,278.0,340.0,341.0,342.0,162.0,739.0,279.0,353.0,563.0,288.0,232.0,233.0,166.0,322.0,,,,,,
363,37.9529831,128.1965588,251.0,172.0,234.0,235.0,291.0,,,,,,,,,,,,,,,,,,,,,,,
364,37.5558764,127.5817911,287.0,328.0,429.0,423.0,422.0,329.0,220.0,186.0,330.0,421.0,15.0,247.0,884.0,,,,,,,,,,,,,,,
365,36.0302856,127.9284691,834.0,382.0,787.0,501.0,430.0,431.0,,,,,,,,,,,,,,,,,,,,,,
366,34.7015684,127.0514942,396.0,427.0,388.0,373.0,525.0,303.0,567.0,337.0,,,,,,,,,,,,,,,,,,,,
367,37.5019304,128.7080385,126.0,136.0,802.0,66.0,334.0,,,,,,,,,,,,,,,,,,,,,,,
368,37.753529,127.6204995,784.0,829.0,,,,,,,,,,,,,,,,,,,,,,,,,,
369,37.763285,127.5286119,807.0,380.0,1118.0,296.0,,,,,,,,,,,,,,,,,,,,,,,,
370,37.6139354,128.1511451,238.0,112.0,1082.0,,,,,,,,,,,,,,,,,,,,,,,,,
371,38.1453645,128.1335981,324.0,80.0,82.0,2.0,599.0,768.0,785.0,1100.0,1104.0,1105.0,1106.0,1115.0,1119.0,1148.0,555.0,1015.0,469.0,1156.0,164.0,271.0,497.0,,,,,,,
372,35.6030592,127.596053,800.0,,,,,,,,,,,,,,,,,,,,,,,,,,,
373,34.7015684,127.0514942,366.0,396.0,427.0,388.0,525.0,303.0,567.0,337.0,,,,,,,,,,,,,,,,,,,,
374,37.4048732,128.1453026,401.0,314.0,345.0,264.0,395.0,492.0,506.0,148.0,411.0,480.0,394.0,502.0,462.0,131.0,228.0,461.0,634.0,495.0,,,,,,,,,,
375,37.017043,128.8162766,10.0,54.0,50.0,20.0,1062.0,25.0,690.0,521.0,571.0,408.0,407.0,310.0,552.0,350.0,61.0,587.0,721.0,593.0,609.0,610.0,529.0,804.0,88.0,335.0,573.0,,,
376,37.2082712,129.2480702,618.0,,,,,,,,,,,,,,,,,,,,,,,,,,,
377,36.6178391,127.60997,53.0,,,,,,,,,,,,,,,,,,,,,,,,,,,
378,37.6118996,128.3758853,194.0,508.0,798.0,512.0,517.0,803.0,325.0,312.0,509.0,,,,,,,,,,,,,,,,,,,
379,35.0987453,126.6155714,646.0,608.0,627.0,523.0,,,,,,,,,,,,,,,,,,,,,,,,
380,37.763285,127.5286119,807.0,1118.0,296.0,369.0,,,,,,,,,,,,,,,,,,,,,,,,
381,37.5107169,127.6332539,287.0,1123.0,1122.0,422.0,329.0,330.0,421.0,1036.0,1031.0,,,,,,,,,,,,,,,,,,,
382,36.0302856,127.9284691,834.0,787.0,501.0,365.0,430.0,431.0,,,,,,,,,,,,,,,,,,,,,,
383,36.8006931,127.1224079,,,,,,,,,,,,,,,,,,,,,,,,,,,,
384,37.7803639,127.9135629,964.0,845.0,827.0,386.0,385.0,347.0,30.0,,,,,,,,,,,,,,,,,,,,,
385,37.7803639,127.9135629,964.0,845.0,827.0,384.0,386.0,347.0,30.0,,,,,,,,,,,,,,,,,,,,,
386,37.7803639,127.9135629,964.0,845.0,827.0,384.0,385.0,347.0,30.0,,,,,,,,,,,,,,,,,,,,,
387,37.6644484,128.4015336,400.0,479.0,478.0,512.0,803.0,458.0,424.0,498.0,325.0,465.0,312.0,509.0,524.0,553.0,578.0,554.0,,,,,,,,,,,,
388,34.7015684,127.0514942,366.0,396.0,427.0,373.0,525.0,303.0,567.0,337.0,,,,,,,,,,,,,,,,,,,,
389,36.372711,127.1396642,,,,,,,,,,,,,,,,,,,,,,,,,,,,
390,38.2264721,128.2324778,419.0,250.0,1147.0,499.0,,,,,,,,,,,,,,,,,,,,,,,,
391,37.2919744,128.7445776,886.0,915.0,476.0,125.0,270.0,122.0,128.0,530.0,756.0,,,,,,,,,,,,,,,,,,,
392,35.2714721,127.8166414,263.0,420.0,484.0,483.0,532.0,,,,,,,,,,,,,,,,,,,,,,,
393,37.539564,128.1012695,412.0,,,,,,,,,,,,,,,,,,,,,,,,,,,
394,37.4048732,128.1453026,401.0,314.0,345.0,264.0,395.0,492.0,506.0,148.0,411.0,480.0,502.0,462.0,131.0,228.0,461.0,634.0,374.0,495.0,,,,,,,,,,
395,37.4351307,128.1088047,264.0,506.0,62.0,148.0,411.0,480.0,394.0,502.0,462.0,131.0,228.0,503.0,461.0,505.0,635.0,24.0,41.0,42.0,634.0,374.0,495.0,,,,,,,
396,34.7015684,127.0514942,366.0,427.0,388.0,373.0,525.0,303.0,567.0,337.0,,,,,,,,,,,,,,,,,,,,
397,35.1378377,128.5161745,437.0,535.0,,,,,,,,,,,,,,,,,,,,,,,,,,
398,35.123976,128.805758,,,,,,,,,,,,,,,,,,,,,,,,,,,,
399,35.1183254,128.5820345,,,,,,,,,,,,,,,,,,,,,,,,,,,,
400,37.6644484,128.4015336,479.0,478.0,512.0,803.0,458.0,424.0,498.0,325.0,465.0,387.0,312.0,509.0,524.0,553.0,578.0,554.0,,,,,,,,,,,,
401,37.3675393,128.1159262,314.0,345.0,492.0,506.0,148.0,49.0,394.0,103.0,158.0,502.0,462.0,131.0,228.0,1075.0,461.0,634.0,374.0,495.0,,,,,,,,,,
402,35.0389006,126.9988465,981.0,326.0,146.0,145.0,,,,,,,,,,,,,,,,,,,,,,,,
403,37.9429407,127.4806675,73.0,46.0,149.0,31.0,202.0,203.0,439.0,716.0,744.0,815.0,919.0,920.0,939.0,940.0,,,,,,,,,,,,,,
404,34.9918255,127.1324743,286.0,1035.0,549.0,405.0,922.0,536.0,550.0,540.0,538.0,,,,,,,,,,,,,,,,,,,
405,34.9918255,127.1324743,286.0,1035.0,549.0,404.0,922.0,536.0,550.0,540.0,538.0,,,,,,,,,,,,,,,,,,,
406,36.7877626,129.2030091,1077.0,781.0,1158.0,161.0,0.0,21.0,4.0,,,,,,,,,,,,,,,,,,,,,
407,36.9786453,128.85124,10.0,753.0,558.0,568.0,54.0,102.0,50.0,20.0,1062.0,25.0,690.0,521.0,571.0,408.0,310.0,552.0,350.0,61.0,587.0,375.0,721.0,593.0,609.0,610.0,529.0,804.0,88.0,573.0
408,36.9786453,128.85124,10.0,753.0,558.0,568.0,54.0,102.0,50.0,20.0,1062.0,25.0,690.0,521.0,571.0,407.0,310.0,552.0,350.0,61.0,587.0,375.0,721.0,593.0,609.0,610.0,529.0,804.0,88.0,573.0
409,36.7858857,126.4598336,,,,,,,,,,,,,,,,,,,,,,,,,,,,
410,35.8134957,127.2866581,813.0,801.0,953.0,,,,,,,,,,,,,,,,,,,,,,,,,
411,37.4332607,128.143289,264.0,395.0,506.0,62.0,148.0,480.0,607.0,394.0,502.0,531.0,462.0,131.0,228.0,569.0,459.0,503.0,461.0,505.0,635.0,24.0,41.0,42.0,542.0,634.0,374.0,495.0,,
412,37.539564,128.1012695,393.0,,,,,,,,,,,,,,,,,,,,,,,,,,,
413,37.7754348,128.1419051,946.0,44.0,57.0,58.0,133.0,200.0,1108.0,1073.0,,,,,,,,,,,,,,,,,,,,
414,36.751179,128.9409492,,,,,,,,,,,,,,,,,,,,,,,,,,,,
415,37.2310597,129.0577581,543.0,292.0,574.0,,,,,,,,,,,,,,,,,,,,,,,,,
416,37.4645144,127.9905951,,,,,,,,,,,,,,,,,,,,,,,,,,,,
417,36.4571359,129.3230741,224.0,1143.0,137.0,35.0,34.0,,,,,,,,,,,,,,,,,,,,,,,
418,36.4785066,129.1679121,79.0,210.0,218.0,135.0,591.0,547.0,546.0,101.0,14.0,3.0,,,,,,,,,,,,,,,,,,
419,38.2715512,128.2609359,390.0,,,,,,,,,,,,,,,,,,,,,,,,,,,
420,35.2714721,127.8166414,263.0,484.0,483.0,392.0,532.0,,,,,,,,,,,,,,,,,,,,,,,
421,37.5306149,127.5850392,287.0,1123.0,1122.0,364.0,328.0,429.0,423.0,422.0,329.0,220.0,186.0,330.0,381.0,1036.0,,,,,,,,,,,,,,
422,37.5306149,127.5850392,287.0,1123.0,1122.0,364.0,328.0,429.0,423.0,329.0,220.0,186.0,330.0,421.0,381.0,1036.0,,,,,,,,,,,,,,
423,37.5558764,127.5817911,287.0,364.0,328.0,429.0,422.0,329.0,220.0,186.0,330.0,421.0,15.0,247.0,884.0,,,,,,,,,,,,,,,
424,37.6644484,128.4015336,400.0,479.0,478.0,512.0,803.0,458.0,498.0,325.0,465.0,387.0,312.0,509.0,524.0,553.0,578.0,554.0,,,,,,,,,,,,
425,37.5631941,128.3127372,518.0,179.0,493.0,244.0,268.0,269.0,455.0,762.0,194.0,798.0,517.0,,,,,,,,,,,,,,,,,
426,37.5893415,127.4947634,19.0,183.0,294.0,295.0,830.0,840.0,986.0,315.0,,,,,,,,,,,,,,,,,,,,
427,34.7347053,127.0449183,366.0,396.0,388.0,373.0,525.0,303.0,567.0,337.0,,,,,,,,,,,,,,,,,,,,
428,35.433975,127.6260086,682.0,432.0,,,,,,,,,,,,,,,,,,,,,,,,,,
429,37.5558764,127.5817911,287.0,364.0,328.0,423.0,422.0,329.0,220.0,186.0,330.0,421.0,15.0,247.0,884.0,,,,,,,,,,,,,,,
430,36.0226985,127.9082523,834.0,382.0,787.0,501.0,365.0,431.0,,,,,,,,,,,,,,,,,,,,,,
431,36.0302856,127.9284691,834.0,382.0,787.0,501.0,365.0,430.0,,,,,,,,,,,,,,,,,,,,,,
432,35.433975,127.6260086,682.0,428.0,,,,,,,,,,,,,,,,,,,,,,,,,,
433,37.9993658,128.3250403,1136.0,198.0,1046.0,1095.0,1107.0,,,,,,,,,,,,,,,,,,,,,,,
434,35.354195,127.5896257,806.0,822.0,733.0,878.0,812.0,941.0,682.0,,,,,,,,,,,,,,,,,,,,,
435,38.0815097,127.4702373,1033.0,1117.0,856.0,907.0,962.0,998.0,,,,,,,,,,,,,,,,,,,,,,
436,35.7169648,127.1893559,346.0,729.0,859.0,185.0,1051.0,557.0,,,,,,,,,,,,,,,,,,,,,,
437,35.1378377,128.5161745,397.0,535.0,,,,,,,,,,,,,,,,,,,,,,,,,,
438,37.8624543,128.2199006,468.0,471.0,,,,,,,,,,,,,,,,,,,,,,,,,,
439,37.9429407,127.4806675,73.0,46.0,149.0,31.0,202.0,203.0,403.0,716.0,744.0,815.0,919.0,920.0,939.0,940.0,,,,,,,,,,,,,,
440,37.497971,127.5050639,259.0,113.0,1110.0,23.0,169.0,685.0,720.0,90.0,696.0,732.0,760.0,,,,,,,,,,,,,,,,,
441,38.0834935,128.4610259,318.0,452.0,256.0,1076.0,76.0,,,,,,,,,,,,,,,,,,,,,,,
442,35.0735153,127.7475564,,,,,,,,,,,,,,,,,,,,,,,,,,,,
443,37.3728454,128.4052788,242.0,275.0,454.0,453.0,311.0,150.0,748.0,633.0,631.0,698.0,1094.0,944.0,195.0,457.0,637.0,632.0,,,,,,,,,,,,
444,35.5507352,127.4770543,,,,,,,,,,,,,,,,,,,,,,,,,,,,
445,36.4518737,129.4294626,526.0,447.0,354.0,810.0,,,,,,,,,,,,,,,,,,,,,,,,
446,36.2063308,127.3890182,,,,,,,,,,,,,,,,,,,,,,,,,,,,
447,36.4518737,129.4294626,526.0,445.0,354.0,810.0,,,,,,,,,,,,,,,,,,,,,,,,
448,37.615778,127.772086,1091.0,606.0,973.0,254.0,620.0,617.0,1092.0,253.0,935.0,95.0,,,,,,,,,,,,,,,,,,
449,37.412114,128.2193256,607.0,531.0,569.0,459.0,542.0,,,,,,,,,,,,,,,,,,,,,,,
450,35.8167838,127.1984944,515.0,1114.0,,,,,,,,,,,,,,,,,,,,,,,,,,
451,35.0878407,127.6114145,215.0,216.0,980.0,1098.0,,,,,,,,,,,,,,,,,,,,,,,,
452,38.0834935,128.4610259,441.0,318.0,256.0,1076.0,76.0,,,,,,,,,,,,,,,,,,,,,,,
453,37.3852166,128.3913906,242.0,275.0,454.0,311.0,150.0,748.0,171.0,633.0,173.0,631.0,443.0,698.0,1094.0,944.0,195.0,457.0,637.0,632.0,,,,,,,,,,
454,37.3340143,128.3903643,242.0,275.0,453.0,311.0,150.0,748.0,633.0,1138.0,631.0,443.0,698.0,1094.0,944.0,195.0,457.0,637.0,632.0,,,,,,,,,,,
455,37.5631941,128.3127372,518.0,179.0,493.0,244.0,268.0,269.0,425.0,762.0,194.0,798.0,517.0,,,,,,,,,,,,,,,,,
456,38.1219556,128.3101926,67.0,470.0,983.0,984.0,,,,,,,,,,,,,,,,,,,,,,,,
457,37.3628576,128.4182448,242.0,275.0,454.0,453.0,311.0,150.0,748.0,633.0,631.0,443.0,698.0,1094.0,944.0,195.0,637.0,632.0,,,,,,,,,,,,
458,37.6644484,128.4015336,400.0,479.0,478.0,512.0,803.0,424.0,498.0,325.0,465.0,387.0,312.0,509.0,524.0,553.0,578.0,554.0,,,,,,,,,,,,
459,37.4498916,128.1823372,62.0,411.0,480.0,607.0,531.0,569.0,449.0,503.0,505.0,635.0,24.0,41.0,42.0,93.0,94.0,542.0,868.0,,,,,,,,,,,
460,37.6634847,128.203636,612.0,,,,,,,,,,,,,,,,,,,,,,,,,,,
461,37.4048732,128.1453026,401.0,314.0,345.0,264.0,395.0,492.0,506.0,148.0,411.0,480.0,394.0,502.0,462.0,131.0,228.0,634.0,374.0,495.0,,,,,,,,,,
462,37.4048732,128.1453026,401.0,314.0,345.0,264.0,395.0,492.0,506.0,148.0,411.0,480.0,394.0,502.0,131.0,228.0,461.0,634.0,374.0,495.0,,,,,,,,,,
463,37.9894237,128.116951,686.0,1042.0,783.0,1103.0,951.0,982.0,887.0,251.0,293.0,196.0,5.0,1000.0,16.0,,,,,,,,,,,,,,,
464,37.866666,128.3416211,832.0,,,,,,,,,,,,,,,,,,,,,,,,,,,
465,37.6644484,128.4015336,400.0,479.0,478.0,512.0,803.0,458.0,424.0,498.0,325.0,387.0,312.0,509.0,524.0,553.0,578.0,554.0,,,,,,,,,,,,
466,37.0060873,128.9653695,753.0,558.0,568.0,102.0,794.0,309.0,299.0,266.0,298.0,520.0,134.0,1124.0,28.0,,,,,,,,,,,,,,,
467,36.0665695,127.3792702,,,,,,,,,,,,,,,,,,,,,,,,,,,,
468,37.8624543,128.2199006,471.0,438.0,,,,,,,,,,,,,,,,,,,,,,,,,,
469,38.1681838,128.1786506,324.0,80.0,82.0,2.0,371.0,599.0,768.0,785.0,1100.0,1104.0,1105.0,1106.0,1115.0,1119.0,1148.0,555.0,250.0,1015.0,1156.0,164.0,1147.0,271.0,497.0,499.0,,,,
470,38.1219556,128.3101926,456.0,67.0,983.0,984.0,,,,,,,,,,,,,,,,,,,,,,,,
471,37.8624543,128.2199006,468.0,438.0,,,,,,,,,,,,,,,,,,,,,,,,,,
472,37.6386536,128.5377634,316.0,742.0,,,,,,,,,,,,,,,,,,,,,,,,,,
473,35.1934074,127.2851201,584.0,585.0,589.0,597.0,1029.0,1030.0,560.0,561.0,533.0,1153.0,,,,,,,,,,,,,,,,,,
474,37.1225804,128.9502692,,,,,,,,,,,,,,,,,,,,,,,,,,,,
475,37.7216909,127.722363,132.0,237.0,252.0,332.0,487.0,602.0,613.0,790.0,629.0,,,,,,,,,,,,,,,,,,,
476,37.2534286,128.726245,163.0,886.0,915.0,125.0,270.0,122.0,128.0,391.0,530.0,756.0,,,,,,,,,,,,,,,,,,
477,37.9220961,128.4038892,,,,,,,,,,,,,,,,,,,,,,,,,,,,
478,37.6644484,128.4015336,400.0,479.0,512.0,803.0,458.0,424.0,498.0,325.0,465.0,387.0,312.0,509.0,524.0,553.0,578.0,554.0,,,,,,,,,,,,
479,37.6644484,128.4015336,400.0,478.0,512.0,803.0,458.0,424.0,498.0,325.0,465.0,387.0,312.0,509.0,524.0,553.0,578.0,554.0,,,,,,,,,,,,
480,37.4332607,128.143289,264.0,395.0,506.0,62.0,148.0,411.0,607.0,394.0,502.0,531.0,462.0,131.0,228.0,569.0,459.0,503.0,461.0,505.0,635.0,24.0,41.0,42.0,542.0,634.0,374.0,495.0,,
481,37.3162611,127.8333974,1088.0,841.0,231.0,893.0,,,,,,,,,,,,,,,,,,,,,,,,
482,35.3363846,127.9217038,1128.0,903.0,1121.0,,,,,,,,,,,,,,,,,,,,,,,,,
483,35.2714721,127.8166414,263.0,420.0,484.0,392.0,532.0,,,,,,,,,,,,,,,,,,,,,,,
484,35.2714721,127.8166414,263.0,420.0,483.0,392.0,532.0,,,,,,,,,,,,,,,,,,,,,,,
485,35.121549,127.3677518,222.0,534.0,616.0,577.0,570.0,,,,,,,,,,,,,,,,,,,,,,,
486,37.3382632,127.9559957,1066.0,1087.0,,,,,,,,,,,,,,,,,,,,,,,,,,
487,37.7120915,127.7440552,132.0,237.0,252.0,332.0,602.0,613.0,790.0,475.0,629.0,,,,,,,,,,,,,,,,,,,
488,36.9635809,127.9320017,917.0,933.0,301.0,968.0,211.0,904.0,703.0,1008.0,1044.0,,,,,,,,,,,,,,,,,,,
489,37.0572925,128.4364592,117.0,151.0,160.0,77.0,83.0,,,,,,,,,,,,,,,,,,,,,,,
490,35.6398854,127.3985765,754.0,260.0,775.0,491.0,860.0,889.0,820.0,1134.0,717.0,,,,,,,,,,,,,,,,,,,
491,35.6398854,127.3985765,754.0,260.0,775.0,490.0,860.0,889.0,820.0,1134.0,717.0,,,,,,,,,,,,,,,,,,,
492,37.3675393,128.1159262,401.0,314.0,345.0,506.0,148.0,49.0,394.0,103.0,158.0,502.0,462.0,131.0,228.0,1075.0,461.0,634.0,374.0,495.0,,,,,,,,,,
493,37.5631941,128.3127372,518.0,179.0,244.0,268.0,269.0,425.0,455.0,762.0,194.0,798.0,517.0,,,,,,,,,,,,,,,,,
494,37.7142062,128.1824685,1064.0,582.0,621.0,622.0,974.0,576.0,630.0,273.0,765.0,,,,,,,,,,,,,,,,,,,
495,37.4048732,128.1453026,401.0,314.0,345.0,264.0,395.0,492.0,506.0,148.0,411.0,480.0,394.0,502.0,462.0,131.0,228.0,461.0,634.0,374.0,,,,,,,,,,
496,37.4021616,127.676899,69.0,139.0,317.0,7.0,683.0,758.0,649.0,1080.0,13.0,,,,,,,,,,,,,,,,,,,
497,38.1681838,128.1786506,324.0,80.0,82.0,2.0,371.0,599.0,768.0,785.0,1100.0,1104.0,1105.0,1106.0,1115.0,1119.0,1148.0,555.0,250.0,1015.0,469.0,1156.0,164.0,1147.0,271.0,499.0,,,,
498,37.6644484,128.4015336,400.0,479.0,478.0,512.0,803.0,458.0,424.0,325.0,465.0,387.0,312.0,509.0,524.0,553.0,578.0,554.0,,,,,,,,,,,,
499,38.1922602,128.1994956,390.0,1148.0,555.0,250.0,1015.0,469.0,164.0,1147.0,271.0,497.0,,,,,,,,,,,,,,,,,,
500,35.1849378,127.3547925,533.0,1153.0,274.0,307.0,616.0,217.0,510.0,338.0,565.0,564.0,,,,,,,,,,,,,,,,,,
501,36.0126583,127.8978469,834.0,382.0,787.0,365.0,430.0,431.0,,,,,,,,,,,,,,,,,,,,,,
502,37.4048732,128.1453026,401.0,314.0,345.0,264.0,395.0,492.0,506.0,148.0,411.0,480.0,394.0,462.0,131.0,228.0,461.0,634.0,374.0,495.0,,,,,,,,,,
503,37.4615935,128.153439,264.0,395.0,62.0,411.0,480.0,607.0,531.0,569.0,459.0,505.0,635.0,24.0,41.0,42.0,542.0,,,,,,,,,,,,,
504,37.7953885,128.0466435,947.0,257.0,355.0,159.0,248.0,514.0,,,,,,,,,,,,,,,,,,,,,,
505,37.4615935,128.153439,264.0,395.0,62.0,411.0,480.0,607.0,531.0,569.0,459.0,503.0,635.0,24.0,41.0,42.0,542.0,,,,,,,,,,,,,
506,37.4048732,128.1453026,401.0,314.0,345.0,264.0,395.0,492.0,148.0,411.0,480.0,394.0,502.0,462.0,131.0,228.0,461.0,634.0,374.0,495.0,,,,,,,,,,
507,36.6679285,128.5584835,675.0,970.0,774.0,745.0,,,,,,,,,,,,,,,,,,,,,,,,
508,37.6118996,128.3758853,194.0,798.0,512.0,378.0,517.0,803.0,325.0,312.0,509.0,,,,,,,,,,,,,,,,,,,
509,37.6361022,128.3700029,508.0,798.0,400.0,479.0,478.0,512.0,378.0,517.0,803.0,458.0,424.0,498.0,325.0,465.0,387.0,312.0,524.0,553.0,578.0,554.0,,,,,,,,
510,35.2037356,127.3675408,533.0,1153.0,274.0,307.0,500.0,580.0,217.0,338.0,565.0,564.0,,,,,,,,,,,,,,,,,,
511,38.0466608,128.3851271,588.0,583.0,579.0,863.0,601.0,81.0,1137.0,590.0,199.0,513.0,598.0,,,,,,,,,,,,,,,,,
512,37.6361022,128.3700029,508.0,798.0,400.0,479.0,478.0,378.0,517.0,803.0,458.0,424.0,498.0,325.0,465.0,387.0,312.0,509.0,524.0,553.0,578.0,554.0,,,,,,,,
513,38.0466608,128.3851271,588.0,583.0,579.0,863.0,601.0,81.0,1137.0,590.0,199.0,511.0,598.0,,,,,,,,,,,,,,,,,
514,37.8258631,128.0921497,504.0,257.0,913.0,885.0,948.0,714.0,814.0,946.0,44.0,57.0,58.0,133.0,200.0,1073.0,,,,,,,,,,,,,,
515,35.8167838,127.1984944,450.0,1114.0,,,,,,,,,,,,,,,,,,,,,,,,,,
516,36.3462323,127.9202627,746.0,,,,,,,,,,,,,,,,,,,,,,,,,,,
517,37.6037604,128.3210882,518.0,179.0,493.0,244.0,268.0,269.0,425.0,455.0,762.0,194.0,508.0,798.0,512.0,378.0,803.0,325.0,312.0,509.0,,,,,,,,,,
518,37.5631941,128.3127372,179.0,493.0,244.0,268.0,269.0,425.0,455.0,762.0,194.0,798.0,517.0,,,,,,,,,,,,,,,,,
519,37.6814752,127.6318406,987.0,544.0,880.0,929.0,,,,,,,,,,,,,,,,,,,,,,,,
520,37.0060873,128.9653695,753.0,558.0,568.0,102.0,794.0,309.0,466.0,299.0,266.0,298.0,134.0,1124.0,28.0,,,,,,,,,,,,,,,
521,36.9786453,128.85124,10.0,753.0,558.0,568.0,54.0,102.0,50.0,20.0,1062.0,25.0,690.0,571.0,408.0,407.0,310.0,552.0,350.0,61.0,587.0,375.0,721.0,593.0,609.0,610.0,529.0,804.0,88.0,573.0
522,38.5393784,128.3767215,,,,,,,,,,,,,,,,,,,,,,,,,,,,
523,35.1223615,126.6091503,379.0,646.0,627.0,,,,,,,,,,,,,,,,,,,,,,,,,
524,37.6644484,128.4015336,400.0,479.0,478.0,512.0,803.0,458.0,424.0,498.0,325.0,465.0,387.0,312.0,509.0,553.0,578.0,554.0,,,,,,,,,,,,
525,34.7347053,127.0449183,366.0,396.0,427.0,388.0,373.0,303.0,567.0,337.0,,,,,,,,,,,,,,,,,,,,
526,36.4518737,129.4294626,445.0,447.0,354.0,810.0,,,,,,,,,,,,,,,,,,,,,,,,
527,35.3897255,127.829636,777.0,657.0,666.0,914.0,,,,,,,,,,,,,,,,,,,,,,,,
528,35.4412163,127.4091203,916.0,782.0,843.0,956.0,,,,,,,,,,,,,,,,,,,,,,,,
529,37.017043,128.8162766,10.0,54.0,50.0,20.0,1062.0,25.0,690.0,521.0,571.0,408.0,407.0,310.0,552.0,350.0,61.0,587.0,375.0,721.0,593.0,609.0,610.0,804.0,88.0,335.0,573.0,,,
530,37.2534286,128.726245,163.0,886.0,915.0,476.0,125.0,270.0,122.0,128.0,391.0,756.0,,,,,,,,,,,,,,,,,,
531,37.4498916,128.1823372,62.0,411.0,480.0,607.0,569.0,459.0,449.0,503.0,505.0,635.0,24.0,41.0,42.0,93.0,94.0,542.0,868.0,,,,,,,,,,,
532,35.2714721,127.8166414,263.0,420.0,484.0,483.0,392.0,,,,,,,,,,,,,,,,,,,,,,,
533,35.1757137,127.3359261,473.0,584.0,585.0,589.0,597.0,1029.0,1030.0,1153.0,307.0,616.0,500.0,217.0,510.0,338.0,,,,,,,,,,,,,,
534,35.121549,127.3677518,222.0,485.0,616.0,577.0,570.0,,,,,,,,,,,,,,,,,,,,,,,
535,35.1378377,128.5161745,397.0,437.0,,,,,,,,,,,,,,,,,,,,,,,,,,
536,34.9964708,127.0719319,549.0,404.0,405.0,922.0,550.0,540.0,326.0,146.0,538.0,145.0,,,,,,,,,,,,,,,,,,
537,36.2136951,129.0125484,594.0,596.0,100.0,,,,,,,,,,,,,,,,,,,,,,,,,
538,35.0119675,127.0777038,549.0,404.0,405.0,922.0,536.0,550.0,540.0,,,,,,,,,,,,,,,,,,,,,
539,35.0807573,127.087375,,,,,,,,,,,,,,,,,,,,,,,,,,,,
540,35.0119675,127.0777038,549.0,404.0,405.0,922.0,536.0,550.0,538.0,,,,,,,,,,,,,,,,,,,,,
541,37.694464,128.2708307,59.0,899.0,273.0,765.0,,,,,,,,,,,,,,,,,,,,,,,,
542,37.4498916,128.1823372,62.0,411.0,480.0,607.0,531.0,569.0,459.0,449.0,503.0,505.0,635.0,24.0,41.0,42.0,93.0,94.0,868.0,,,,,,,,,,,
543,37.1890654,129.0362358,415.0,,,,,,,,,,,,,,,,,,,,,,,,,,,
544,37.6814752,127.6318406,987.0,519.0,880.0,929.0,,,,,,,,,,,,,,,,,,,,,,,,
545,36.9002638,128.1552132,592.0,,,,,,,,,,,,,,,,,,,,,,,,,,,
546,36.4762887,129.1340697,79.0,210.0,218.0,140.0,174.0,418.0,135.0,591.0,27.0,547.0,101.0,14.0,3.0,,,,,,,,,,,,,,,
547,36.4785066,129.1679121,79.0,210.0,218.0,418.0,135.0,591.0,546.0,101.0,14.0,3.0,,,,,,,,,,,,,,,,,,
548,37.258505,128.8253618,915.0,106.0,277.0,144.0,1056.0,276.0,,,,,,,,,,,,,,,,,,,,,,
549,34.9811271,127.0915996,286.0,1035.0,404.0,405.0,922.0,536.0,550.0,540.0,538.0,,,,,,,,,,,,,,,,,,,
550,34.9964708,127.0719319,549.0,404.0,405.0,922.0,536.0,540.0,326.0,146.0,538.0,145.0,,,,,,,,,,,,,,,,,,
551,36.7659693,127.7038728,,,,,,,,,,,,,,,,,,,,,,,,,,,,
552,36.9786453,128.85124,10.0,753.0,558.0,568.0,54.0,102.0,50.0,20.0,1062.0,25.0,690.0,521.0,571.0,408.0,407.0,310.0,350.0,61.0,587.0,375.0,721.0,593.0,609.0,610.0,529.0,804.0,88.0,573.0
553,37.6644484,128.4015336,400.0,479.0,478.0,512.0,803.0,458.0,424.0,498.0,325.0,465.0,387.0,312.0,509.0,524.0,578.0,554.0,,,,,,,,,,,,
554,37.6644484,128.4015336,400.0,479.0,478.0,512.0,803.0,458.0,424.0,498.0,325.0,465.0,387.0,312.0,509.0,524.0,553.0,578.0,,,,,,,,,,,,
555,38.1681838,128.1786506,324.0,80.0,82.0,2.0,371.0,599.0,768.0,785.0,1100.0,1104.0,1105.0,1106.0,1115.0,1119.0,1148.0,250.0,1015.0,469.0,1156.0,164.0,1147.0,271.0,497.0,499.0,,,,
556,35.1556824,127.2116211,788.0,902.0,1093.0,1097.0,706.0,992.0,957.0,562.0,600.0,605.0,,,,,,,,,,,,,,,,,,
557,35.7169648,127.1893559,346.0,729.0,859.0,436.0,185.0,1051.0,,,,,,,,,,,,,,,,,,,,,,
558,36.9781712,128.9144704,753.0,568.0,102.0,348.0,1062.0,25.0,690.0,521.0,571.0,926.0,794.0,309.0,466.0,299.0,408.0,266.0,407.0,310.0,298.0,520.0,134.0,1124.0,552.0,61.0,587.0,28.0,721.0,88.0
559,37.3352646,128.6022225,711.0,,,,,,,,,,,,,,,,,,,,,,,,,,,
560,35.2344191,127.2867937,473.0,584.0,585.0,589.0,597.0,1029.0,1030.0,561.0,1153.0,,,,,,,,,,,,,,,,,,,
561,35.2344191,127.2867937,473.0,584.0,585.0,589.0,597.0,1029.0,1030.0,560.0,1153.0,,,,,,,,,,,,,,,,,,,
562,35.1556824,127.2116211,788.0,902.0,1093.0,1097.0,706.0,992.0,957.0,556.0,600.0,605.0,,,,,,,,,,,,,,,,,,
563,34.7026119,127.1659258,1012.0,327.0,323.0,283.0,188.0,207.0,282.0,118.0,278.0,340.0,341.0,342.0,162.0,739.0,279.0,353.0,362.0,288.0,232.0,233.0,166.0,322.0,,,,,,
564,35.1998713,127.4104679,274.0,307.0,500.0,217.0,510.0,338.0,566.0,22.0,565.0,,,,,,,,,,,,,,,,,,,
565,35.1998713,127.4104679,274.0,307.0,500.0,217.0,510.0,338.0,566.0,22.0,564.0,,,,,,,,,,,,,,,,,,,
566,35.1986439,127.4529926,22.0,565.0,564.0,,,,,,,,,,,,,,,,,,,,,,,,,
567,34.7015684,127.0514942,366.0,396.0,427.0,388.0,373.0,525.0,303.0,337.0,,,,,,,,,,,,,,,,,,,,
568,36.9781712,128.9144704,753.0,558.0,102.0,348.0,1062.0,25.0,690.0,521.0,571.0,926.0,794.0,309.0,466.0,299.0,408.0,266.0,407.0,310.0,298.0,520.0,134.0,1124.0,552.0,61.0,587.0,28.0,721.0,88.0
569,37.4381764,128.2000497,62.0,411.0,480.0,607.0,531.0,459.0,449.0,503.0,505.0,635.0,24.0,41.0,42.0,93.0,94.0,542.0,868.0,,,,,,,,,,,
570,35.121549,127.3677518,222.0,534.0,485.0,616.0,577.0,,,,,,,,,,,,,,,,,,,,,,,
571,36.9786453,128.85124,10.0,753.0,558.0,568.0,54.0,102.0,50.0,20.0,1062.0,25.0,690.0,521.0,408.0,407.0,310.0,552.0,350.0,61.0,587.0,375.0,721.0,593.0,609.0,610.0,529.0,804.0,88.0,573.0
572,36.6583598,128.8915154,64.0,333.0,170.0,255.0,91.0,1004.0,,,,,,,,,,,,,,,,,,,,,,
573,37.017043,128.8162766,10.0,54.0,50.0,20.0,1062.0,25.0,690.0,521.0,571.0,408.0,407.0,310.0,552.0,350.0,61.0,587.0,375.0,721.0,593.0,609.0,610.0,529.0,804.0,88.0,335.0,,,
574,37.245738,129.0698695,292.0,415.0,,,,,,,,,,,,,,,,,,,,,,,,,,
575,36.4838784,126.7898453,,,,,,,,,,,,,,,,,,,,,,,,,,,,
576,37.7142062,128.1824685,494.0,1064.0,582.0,621.0,622.0,974.0,630.0,273.0,765.0,,,,,,,,,,,,,,,,,,,
577,35.121549,127.3677518,222.0,534.0,485.0,616.0,570.0,,,,,,,,,,,,,,,,,,,,,,,
578,37.6644484,128.4015336,400.0,479.0,478.0,512.0,803.0,458.0,424.0,498.0,325.0,465.0,387.0,312.0,509.0,524.0,553.0,554.0,,,,,,,,,,,,
579,38.0466608,128.3851271,588.0,583.0,863.0,601.0,81.0,1137.0,590.0,199.0,513.0,511.0,598.0,,,,,,,,,,,,,,,,,
580,35.2513297,127.3842655,1153.0,274.0,510.0,,,,,,,,,,,,,,,,,,,,,,,,,
581,34.9624053,127.5650821,,,,,,,,,,,,,,,,,,,,,,,,,,,,
582,37.7142062,128.1824685,494.0,1064.0,621.0,622.0,974.0,576.0,630.0,273.0,765.0,,,,,,,,,,,,,,,,,,,
583,38.0466608,128.3851271,588.0,579.0,863.0,601.0,81.0,1137.0,590.0,199.0,513.0,511.0,598.0,,,,,,,,,,,,,,,,,
584,35.1934074,127.2851201,473.0,585.0,589.0,597.0,1029.0,1030.0,560.0,561.0,533.0,1153.0,,,,,,,,,,,,,,,,,,
585,35.1934074,127.2851201,473.0,584.0,589.0,597.0,1029.0,1030.0,560.0,561.0,533.0,1153.0,,,,,,,,,,,,,,,,,,
586,36.7047911,128.8286576,71.0,882.0,226.0,357.0,669.0,,,,,,,,,,,,,,,,,,,,,,,
587,36.9786453,128.85124,10.0,753.0,558.0,568.0,54.0,102.0,50.0,20.0,1062.0,25.0,690.0,521.0,571.0,408.0,407.0,310.0,552.0,350.0,61.0,375.0,721.0,593.0,609.0,610.0,529.0,804.0,88.0,573.0
588,38.0466608,128.3851271,583.0,579.0,863.0,601.0,81.0,1137.0,590.0,199.0,513.0,511.0,598.0,,,,,,,,,,,,,,,,,
589,35.1934074,127.2851201,473.0,584.0,585.0,597.0,1029.0,1030.0,560.0,561.0,533.0,1153.0,,,,,,,,,,,,,,,,,,
590,38.0466608,128.3851271,588.0,583.0,579.0,863.0,601.0,81.0,1137.0,199.0,513.0,511.0,598.0,,,,,,,,,,,,,,,,,
591,36.4785066,129.1679121,79.0,210.0,218.0,418.0,135.0,547.0,546.0,101.0,14.0,3.0,,,,,,,,,,,,,,,,,,
592,36.9225014,128.1364956,545.0,,,,,,,,,,,,,,,,,,,,,,,,,,,
593,37.017043,128.8162766,10.0,54.0,50.0,20.0,1062.0,25.0,690.0,521.0,571.0,408.0,407.0,310.0,552.0,350.0,61.0,587.0,375.0,721.0,609.0,610.0,529.0,804.0,88.0,335.0,573.0,,,
594,36.2136951,129.0125484,537.0,596.0,100.0,,,,,,,,,,,,,,,,,,,,,,,,,
595,36.6966455,128.969731,170.0,255.0,55.0,265.0,619.0,673.0,,,,,,,,,,,,,,,,,,,,,,
596,36.2136951,129.0125484,537.0,594.0,100.0,,,,,,,,,,,,,,,,,,,,,,,,,
597,35.1934074,127.2851201,473.0,584.0,585.0,589.0,1029.0,1030.0,560.0,561.0,533.0,1153.0,,,,,,,,,,,,,,,,,,
598,38.0466608,128.3851271,588.0,583.0,579.0,863.0,601.0,81.0,1137.0,590.0,199.0,513.0,511.0,,,,,,,,,,,,,,,,,
599,38.1453645,128.1335981,324.0,80.0,82.0,2.0,371.0,768.0,785.0,1100.0,1104.0,1105.0,1106.0,1115.0,1119.0,1148.0,555.0,1015.0,469.0,1156.0,164.0,271.0,497.0,,,,,,,
600,35.1556824,127.2116211,788.0,902.0,1093.0,1097.0,706.0,992.0,957.0,556.0,562.0,605.0,,,,,,,,,,,,,,,,,,
601,38.0466608,128.3851271,588.0,583.0,579.0,863.0,81.0,1137.0,590.0,199.0,513.0,511.0,598.0,,,,,,,,,,,,,,,,,
602,37.7120915,127.7440552,132.0,237.0,252.0,332.0,487.0,613.0,790.0,475.0,629.0,,,,,,,,,,,,,,,,,,,
603,35.0317078,127.5730566,,,,,,,,,,,,,,,,,,,,,,,,,,,,
604,35.4797722,127.698092,1120.0,643.0,614.0,,,,,,,,,,,,,,,,,,,,,,,,,
605,35.1556824,127.2116211,788.0,902.0,1093.0,1097.0,706.0,992.0,957.0,556.0,562.0,600.0,,,,,,,,,,,,,,,,,,
606,37.6078802,127.7290553,1091.0,973.0,254.0,620.0,617.0,1092.0,253.0,935.0,448.0,95.0,,,,,,,,,,,,,,,,,,
607,37.4498916,128.1823372,62.0,411.0,480.0,531.0,569.0,459.0,449.0,503.0,505.0,635.0,24.0,41.0,42.0,93.0,94.0,542.0,868.0,,,,,,,,,,,
608,35.0795439,126.5604999,379.0,646.0,625.0,628.0,626.0,,,,,,,,,,,,,,,,,,,,,,,
609,37.017043,128.8162766,10.0,54.0,50.0,20.0,1062.0,25.0,690.0,521.0,571.0,408.0,407.0,310.0,552.0,350.0,61.0,587.0,375.0,721.0,593.0,610.0,529.0,804.0,88.0,335.0,573.0,,,
610,37.017043,128.8162766,10.0,54.0,50.0,20.0,1062.0,25.0,690.0,521.0,571.0,408.0,407.0,310.0,552.0,350.0,61.0,587.0,375.0,721.0,593.0,609.0,529.0,804.0,88.0,335.0,573.0,,,
611,37.704929,127.8953907,319.0,1003.0,130.0,866.0,17.0,964.0,,,,,,,,,,,,,,,,,,,,,,
612,37.6634847,128.203636,460.0,,,,,,,,,,,,,,,,,,,,,,,,,,,
613,37.7120915,127.7440552,132.0,237.0,252.0,332.0,487.0,602.0,790.0,475.0,629.0,,,,,,,,,,,,,,,,,,,
614,35.4797722,127.698092,604.0,1120.0,643.0,,,,,,,,,,,,,,,,,,,,,,,,,
615,36.9405735,127.855825,688.0,904.0,,,,,,,,,,,,,,,,,,,,,,,,,,
616,35.1474739,127.3627599,533.0,222.0,534.0,485.0,307.0,500.0,577.0,217.0,338.0,570.0,,,,,,,,,,,,,,,,,,
617,37.6078802,127.7290553,1091.0,606.0,973.0,254.0,620.0,1092.0,253.0,935.0,448.0,95.0,,,,,,,,,,,,,,,,,,
618,37.2082712,129.2480702,376.0,,,,,,,,,,,,,,,,,,,,,,,,,,,
619,36.6966455,128.969731,170.0,255.0,55.0,265.0,595.0,673.0,,,,,,,,,,,,,,,,,,,,,,
620,37.6078802,127.7290553,1091.0,606.0,973.0,254.0,617.0,1092.0,253.0,935.0,448.0,95.0,,,,,,,,,,,,,,,,,,
621,37.7142062,128.1824685,494.0,1064.0,582.0,622.0,974.0,576.0,630.0,273.0,765.0,,,,,,,,,,,,,,,,,,,
622,37.7142062,128.1824685,494.0,1064.0,582.0,621.0,974.0,576.0,630.0,273.0,765.0,,,,,,,,,,,,,,,,,,,
623,37.7267059,126.9116461,285.0,206.0,901.0,68.0,,,,,,,,,,,,,,,,,,,,,,,,
624,34.9992997,126.6187141,,,,,,,,,,,,,,,,,,,,,,,,,,,,
625,35.0887865,126.5205687,608.0,628.0,626.0,,,,,,,,,,,,,,,,,,,,,,,,,
626,35.0887865,126.5205687,625.0,608.0,628.0,,,,,,,,,,,,,,,,,,,,,,,,,
627,35.0988227,126.6579998,379.0,523.0,,,,,,,,,,,,,,,,,,,,,,,,,,
628,35.0887865,126.5205687,625.0,608.0,626.0,,,,,,,,,,,,,,,,,,,,,,,,,
629,37.7216909,127.722363,132.0,237.0,252.0,332.0,487.0,602.0,613.0,790.0,475.0,,,,,,,,,,,,,,,,,,,
630,37.7142062,128.1824685,494.0,1064.0,582.0,621.0,622.0,974.0,576.0,273.0,765.0,,,,,,,,,,,,,,,,,,,
631,37.3619937,128.3598571,242.0,275.0,454.0,453.0,311.0,150.0,748.0,633.0,443.0,698.0,1094.0,944.0,195.0,457.0,637.0,632.0,,,,,,,,,,,,
632,37.3728454,128.4052788,242.0,275.0,454.0,453.0,311.0,150.0,748.0,633.0,631.0,443.0,698.0,1094.0,944.0,195.0,457.0,637.0,,,,,,,,,,,,
633,37.3619937,128.3598571,242.0,275.0,454.0,453.0,311.0,150.0,748.0,631.0,443.0,698.0,1094.0,944.0,195.0,457.0,637.0,632.0,,,,,,,,,,,,
634,37.4048732,128.1453026,401.0,314.0,345.0,264.0,395.0,492.0,506.0,148.0,411.0,480.0,394.0,502.0,462.0,131.0,228.0,461.0,374.0,495.0,,,,,,,,,,
635,37.4615935,128.153439,264.0,395.0,62.0,411.0,480.0,607.0,531.0,569.0,459.0,503.0,505.0,24.0,41.0,42.0,542.0,,,,,,,,,,,,,
636,36.7806849,127.2953255,638.0,,,,,,,,,,,,,,,,,,,,,,,,,,,
637,37.3728454,128.4052788,242.0,275.0,454.0,453.0,311.0,150.0,748.0,633.0,631.0,443.0,698.0,1094.0,944.0,195.0,457.0,632.0,,,,,,,,,,,,
638,36.7806849,127.2953255,636.0,,,,,,,,,,,,,,,,,,,,,,,,,,,
639,36.2945638,129.0464878,99.0,43.0,18.0,1090.0,,,,,,,,,,,,,,,,,,,,,,,,
640,35.2343442,128.8318904,999.0,,,,,,,,,,,,,,,,,,,,,,,,,,,
641,37.7370004,127.4190182,96.0,932.0,,,,,,,,,,,,,,,,,,,,,,,,,,
642,35.1957011,128.4999975,1006.0,,,,,,,,,,,,,,,,,,,,,,,,,,,
643,35.4797722,127.698092,604.0,1120.0,614.0,,,,,,,,,,,,,,,,,,,,,,,,,
644,35.61436,127.2851097,671.0,52.0,658.0,676.0,,,,,,,,,,,,,,,,,,,,,,,,
645,34.9128619,126.6420286,,,,,,,,,,,,,,,,,,,,,,,,,,,,
646,35.1268935,126.569878,379.0,608.0,523.0,175.0,,,,,,,,,,,,,,,,,,,,,,,,
647,37.0953283,127.1832377,,,,,,,,,,,,,,,,,,,,,,,,,,,,
648,37.7307329,127.1373616,1084.0,,,,,,,,,,,,,,,,,,,,,,,,,,,
649,37.4021616,127.676899,69.0,139.0,317.0,7.0,683.0,758.0,496.0,1080.0,13.0,,,,,,,,,,,,,,,,,,,
650,34.6023284,127.4256431,,,,,,,,,,,,,,,,,,,,,,,,,,,,
651,36.8320043,127.7337388,,,,,,,,,,,,,,,,,,,,,,,,,,,,
652,36.689657,128.064647,1140.0,,,,,,,,,,,,,,,,,,,,,,,,,,,
653,33.4545419,126.3563016,,,,,,,,,,,,,,,,,,,,,,,,,,,,
654,37.8560252,127.8469846,236.0,240.0,942.0,8.0,111.0,109.0,347.0,30.0,874.0,,,,,,,,,,,,,,,,,,,
655,37.949804,126.8874703,,,,,,,,,,,,,,,,,,,,,,,,,,,,
656,35.6016867,127.1755408,828.0,204.0,759.0,243.0,853.0,119.0,731.0,678.0,700.0,793.0,,,,,,,,,,,,,,,,,,
657,35.4151198,127.7807653,777.0,896.0,527.0,666.0,914.0,,,,,,,,,,,,,,,,,,,,,,,
658,35.5749948,127.3247378,671.0,52.0,644.0,676.0,260.0,,,,,,,,,,,,,,,,,,,,,,,
659,35.2406252,126.746821,,,,,,,,,,,,,,,,,,,,,,,,,,,,
660,36.3616331,128.7962705,180.0,847.0,1040.0,26.0,45.0,205.0,665.0,230.0,213.0,681.0,121.0,679.0,262.0,,,,,,,,,,,,,,,
661,37.5319136,129.0996014,1101.0,,,,,,,,,,,,,,,,,,,,,,,,,,,
662,35.7555413,127.0893369,346.0,769.0,,,,,,,,,,,,,,,,,,,,,,,,,,
663,35.8703189,127.2653376,928.0,796.0,,,,,,,,,,,,,,,,,,,,,,,,,,
664,35.302315,126.9461278,755.0,,,,,,,,,,,,,,,,,,,,,,,,,,,
665,36.4016276,128.8287914,660.0,847.0,1040.0,121.0,,,,,,,,,,,,,,,,,,,,,,,,
666,35.4151198,127.7807653,777.0,896.0,657.0,527.0,914.0,,,,,,,,,,,,,,,,,,,,,,,
667,33.3064679,126.4426404,,,,,,,,,,,,,,,,,,,,,,,,,,,,
668,37.7652984,126.7859757,,,,,,,,,,,,,,,,,,,,,,,,,,,,
669,36.7047911,128.8286576,71.0,586.0,882.0,226.0,357.0,,,,,,,,,,,,,,,,,,,,,,,
670,37.8213525,127.4368324,96.0,724.0,,,,,,,,,,,,,,,,,,,,,,,,,,
671,35.61436,127.2851097,52.0,644.0,658.0,676.0,,,,,,,,,,,,,,,,,,,,,,,,
672,36.9694817,128.7708492,142.0,837.0,361.0,846.0,70.0,689.0,954.0,,,,,,,,,,,,,,,,,,,,,
673,36.6966455,128.969731,170.0,255.0,55.0,265.0,595.0,619.0,,,,,,,,,,,,,,,,,,,,,,
674,36.9256095,128.9603713,178.0,348.0,926.0,,,,,,,,,,,,,,,,,,,,,,,,,
675,36.6393275,128.5140897,970.0,507.0,774.0,745.0,,,,,,,,,,,,,,,,,,,,,,,,
676,35.5749948,127.3247378,671.0,52.0,644.0,658.0,260.0,,,,,,,,,,,,,,,,,,,,,,,
677,35.4176317,127.546666,682.0,,,,,,,,,,,,,,,,,,,,,,,,,,,
678,35.6414668,127.201126,656.0,700.0,793.0,,,,,,,,,,,,,,,,,,,,,,,,,
679,36.3321473,128.8067483,11.0,180.0,660.0,847.0,1040.0,26.0,45.0,205.0,230.0,213.0,681.0,121.0,262.0,29.0,,,,,,,,,,,,,,
680,36.3387497,127.5502399,,,,,,,,,,,,,,,,,,,,,,,,,,,,
681,36.3321473,128.8067483,11.0,180.0,660.0,847.0,1040.0,26.0,45.0,205.0,230.0,213.0,121.0,679.0,262.0,29.0,,,,,,,,,,,,,,
682,35.3999107,127.5958244,806.0,434.0,822.0,677.0,733.0,878.0,812.0,941.0,428.0,432.0,,,,,,,,,,,,,,,,,,
683,37.4472938,127.6700914,12.0,69.0,139.0,317.0,7.0,758.0,496.0,649.0,1080.0,13.0,,,,,,,,,,,,,,,,,,
684,35.6010073,126.4997293,891.0,,,,,,,,,,,,,,,,,,,,,,,,,,,
685,37.497971,127.5050639,259.0,113.0,1110.0,23.0,169.0,440.0,720.0,90.0,696.0,732.0,760.0,,,,,,,,,,,,,,,,,
686,37.9763688,128.0820625,1042.0,783.0,1103.0,951.0,982.0,463.0,887.0,,,,,,,,,,,,,,,,,,,,,
687,37.5914038,127.2168206,702.0,,,,,,,,,,,,,,,,,,,,,,,,,,,
688,36.9844958,127.8472485,615.0,,,,,,,,,,,,,,,,,,,,,,,,,,,
689,36.9395486,128.7902001,142.0,837.0,361.0,846.0,672.0,70.0,954.0,1047.0,,,,,,,,,,,,,,,,,,,,
690,36.9786453,128.85124,10.0,753.0,558.0,568.0,54.0,102.0,50.0,20.0,1062.0,25.0,521.0,571.0,408.0,407.0,310.0,552.0,350.0,61.0,587.0,375.0,721.0,593.0,609.0,610.0,529.0,804.0,88.0,573.0
691,37.296082,129.1155653,,,,,,,,,,,,,,,,,,,,,,,,,,,,
692,37.5430033,127.2926447,,,,,,,,,,,,,,,,,,,,,,,,,,,,
693,36.795644,127.8382474,850.0,764.0,725.0,710.0,,,,,,,,,,,,,,,,,,,,,,,,
694,37.357463,128.6897039,138.0,723.0,,,,,,,,,,,,,,,,,,,,,,,,,,
695,37.5939121,128.5844613,789.0,747.0,,,,,,,,,,,,,,,,,,,,,,,,,,
696,37.4823024,127.5245592,259.0,113.0,1110.0,23.0,169.0,440.0,685.0,720.0,90.0,732.0,1123.0,1122.0,760.0,,,,,,,,,,,,,,,
697,34.3835699,126.5660443,1111.0,208.0,,,,,,,,,,,,,,,,,,,,,,,,,,
698,37.3628576,128.4182448,242.0,275.0,454.0,453.0,311.0,150.0,748.0,633.0,631.0,443.0,1094.0,944.0,195.0,457.0,637.0,632.0,,,,,,,,,,,,
699,34.8250192,127.2664881,,,,,,,,,,,,,,,,,,,,,,,,,,,,
700,35.6414668,127.201126,656.0,678.0,793.0,,,,,,,,,,,,,,,,,,,,,,,,,
701,35.3550719,126.9948641,,,,,,,,,,,,,,,,,,,,,,,,,,,,
702,37.5914038,127.2168206,687.0,,,,,,,,,,,,,,,,,,,,,,,,,,,
703,36.9635809,127.9320017,917.0,933.0,301.0,968.0,211.0,904.0,488.0,1008.0,1044.0,,,,,,,,,,,,,,,,,,,
704,35.891691,127.3976681,836.0,1130.0,996.0,,,,,,,,,,,,,,,,,,,,,,,,,
705,37.2775872,128.0831466,718.0,912.0,898.0,925.0,37.0,924.0,48.0,,,,,,,,,,,,,,,,,,,,,
706,35.1077764,127.2000409,788.0,902.0,1093.0,1097.0,992.0,556.0,562.0,600.0,605.0,,,,,,,,,,,,,,,,,,,
707,36.737561,127.8549567,709.0,,,,,,,,,,,,,,,,,,,,,,,,,,,
708,37.0175465,127.7047799,,,,,,,,,,,,,,,,,,,,,,,,,,,,
709,36.737561,127.8549567,707.0,,,,,,,,,,,,,,,,,,,,,,,,,,,
710,36.795644,127.8382474,850.0,764.0,725.0,693.0,,,,,,,,,,,,,,,,,,,,,,,,
711,37.3625666,128.5877391,559.0,,,,,,,,,,,,,,,,,,,,,,,,,,,
712,36.4628137,128.4016703,,,,,,,,,,,,,,,,,,,,,,,,,,,,
713,36.8109986,126.393996,,,,,,,,,,,,,,,,,,,,,,,,,,,,
714,37.8764886,128.0984423,913.0,885.0,948.0,514.0,814.0,1102.0,,,,,,,,,,,,,,,,,,,,,,
715,36.3683863,128.0369352,,,,,,,,,,,,,,,,,,,,,,,,,,,,
716,37.9429407,127.4806675,73.0,46.0,149.0,31.0,202.0,203.0,403.0,439.0,744.0,815.0,919.0,920.0,939.0,940.0,,,,,,,,,,,,,,
717,35.6028238,127.4073324,754.0,260.0,775.0,491.0,490.0,860.0,889.0,820.0,1134.0,,,,,,,,,,,,,,,,,,,
718,37.2816624,128.0198556,912.0,705.0,898.0,925.0,37.0,924.0,48.0,,,,,,,,,,,,,,,,,,,,,
719,37.5048669,128.4671105,773.0,75.0,767.0,,,,,,,,,,,,,,,,,,,,,,,,,
720,37.497971,127.5050639,259.0,113.0,1110.0,23.0,169.0,440.0,685.0,90.0,696.0,732.0,760.0,,,,,,,,,,,,,,,,,
721,37.0186463,128.8734902,10.0,753.0,558.0,568.0,54.0,102.0,50.0,20.0,1062.0,25.0,690.0,521.0,571.0,408.0,407.0,310.0,552.0,350.0,61.0,587.0,375.0,593.0,609.0,610.0,529.0,804.0,88.0,573.0
722,36.8004842,128.7944095,86.0,110.0,1083.0,763.0,,,,,,,,,,,,,,,,,,,,,,,,
723,37.3905072,128.7218619,694.0,138.0,,,,,,,,,,,,,,,,,,,,,,,,,,
724,37.8213525,127.4368324,96.0,670.0,,,,,,,,,,,,,,,,,,,,,,,,,,
725,36.795644,127.8382474,850.0,764.0,693.0,710.0,,,,,,,,,,,,,,,,,,,,,,,,
726,36.9796571,128.3675653,56.0,184.0,189.0,,,,,,,,,,,,,,,,,,,,,,,,,
727,36.3351104,128.9174135,212.0,349.0,187.0,728.0,1001.0,223.0,320.0,,,,,,,,,,,,,,,,,,,,,
728,36.3735292,128.9007835,349.0,187.0,727.0,1001.0,121.0,320.0,,,,,,,,,,,,,,,,,,,,,,
729,35.7169648,127.1893559,346.0,859.0,436.0,185.0,1051.0,557.0,,,,,,,,,,,,,,,,,,,,,,
730,36.9395457,127.997495,749.0,,,,,,,,,,,,,,,,,,,,,,,,,,,
731,35.6094674,127.1158277,828.0,204.0,243.0,853.0,656.0,,,,,,,,,,,,,,,,,,,,,,,
732,37.4823024,127.5245592,259.0,113.0,1110.0,23.0,169.0,440.0,685.0,720.0,90.0,696.0,1123.0,1122.0,760.0,,,,,,,,,,,,,,,
733,35.354195,127.5896257,806.0,434.0,822.0,878.0,812.0,941.0,682.0,,,,,,,,,,,,,,,,,,,,,
734,35.4920078,128.3249929,737.0,736.0,,,,,,,,,,,,,,,,,,,,,,,,,,
735,37.2333707,128.9569401,,,,,,,,,,,,,,,,,,,,,,,,,,,,
736,35.4920078,128.3249929,737.0,734.0,,,,,,,,,,,,,,,,,,,,,,,,,,
737,35.4920078,128.3249929,736.0,734.0,,,,,,,,,,,,,,,,,,,,,,,,,,
738,34.7252595,127.3394142,,,,,,,,,,,,,,,,,,,,,,,,,,,,
739,34.7026119,127.1659258,1012.0,327.0,323.0,283.0,188.0,207.0,282.0,118.0,278.0,340.0,341.0,342.0,162.0,279.0,353.0,563.0,362.0,288.0,232.0,233.0,166.0,322.0,,,,,,
740,37.7594062,128.5710184,979.0,,,,,,,,,,,,,,,,,,,,,,,,,,,
741,37.6760295,128.0480344,92.0,,,,,,,,,,,,,,,,,,,,,,,,,,,
742,37.6386536,128.5377634,472.0,316.0,,,,,,,,,,,,,,,,,,,,,,,,,,
743,37.743516,127.3173939,,,,,,,,,,,,,,,,,,,,,,,,,,,,
744,37.9429407,127.4806675,73.0,46.0,149.0,31.0,202.0,203.0,403.0,439.0,716.0,815.0,919.0,920.0,939.0,940.0,,,,,,,,,,,,,,
745,36.6393275,128.5140897,675.0,970.0,507.0,774.0,,,,,,,,,,,,,,,,,,,,,,,,
746,36.3371588,127.8960781,516.0,,,,,,,,,,,,,,,,,,,,,,,,,,,
747,37.5779448,128.5344673,789.0,695.0,,,,,,,,,,,,,,,,,,,,,,,,,,
748,37.346617,128.368184,242.0,275.0,454.0,453.0,311.0,150.0,633.0,1138.0,631.0,443.0,698.0,1094.0,944.0,195.0,457.0,637.0,632.0,,,,,,,,,,,
749,36.9454457,128.0250168,730.0,,,,,,,,,,,,,,,,,,,,,,,,,,,
750,35.8877503,129.4453564,977.0,1061.0,,,,,,,,,,,,,,,,,,,,,,,,,,
751,37.5819651,128.7568297,,,,,,,,,,,,,,,,,,,,,,,,,,,,
752,37.3483037,129.0349719,,,,,,,,,,,,,,,,,,,,,,,,,,,,
753,36.9781712,128.9144704,558.0,568.0,102.0,348.0,1062.0,25.0,690.0,521.0,571.0,926.0,794.0,309.0,466.0,299.0,408.0,266.0,407.0,310.0,298.0,520.0,134.0,1124.0,552.0,61.0,587.0,28.0,721.0,88.0
754,35.6232241,127.3953874,260.0,775.0,491.0,490.0,860.0,889.0,820.0,1134.0,717.0,,,,,,,,,,,,,,,,,,,
755,35.2979526,126.9007776,664.0,,,,,,,,,,,,,,,,,,,,,,,,,,,
756,37.2534286,128.726245,163.0,886.0,915.0,476.0,125.0,270.0,122.0,128.0,391.0,530.0,,,,,,,,,,,,,,,,,,
757,35.8684845,129.2166885,,,,,,,,,,,,,,,,,,,,,,,,,,,,
758,37.4472938,127.6700914,12.0,69.0,139.0,317.0,7.0,683.0,496.0,649.0,1080.0,13.0,,,,,,,,,,,,,,,,,,
759,35.5887415,127.2112125,119.0,656.0,,,,,,,,,,,,,,,,,,,,,,,,,,
760,37.4823024,127.5245592,259.0,113.0,1110.0,23.0,169.0,440.0,685.0,720.0,90.0,696.0,732.0,1123.0,1122.0,,,,,,,,,,,,,,,
761,36.8484432,127.9865342,808.0,921.0,1096.0,1126.0,,,,,,,,,,,,,,,,,,,,,,,,
762,37.5631941,128.3127372,518.0,179.0,493.0,244.0,268.0,269.0,425.0,455.0,194.0,798.0,517.0,,,,,,,,,,,,,,,,,
763,36.8004842,128.7944095,86.0,110.0,1083.0,722.0,,,,,,,,,,,,,,,,,,,,,,,,
764,36.795644,127.8382474,850.0,725.0,693.0,710.0,,,,,,,,,,,,,,,,,,,,,,,,
765,37.7356068,128.2378592,494.0,1064.0,582.0,541.0,621.0,59.0,622.0,974.0,576.0,630.0,899.0,273.0,1108.0,,,,,,,,,,,,,,,
766,37.5794647,127.8659411,36.0,950.0,197.0,,,,,,,,,,,,,,,,,,,,,,,,,
767,37.5048669,128.4671105,719.0,773.0,75.0,,,,,,,,,,,,,,,,,,,,,,,,,
768,38.1453645,128.1335981,324.0,80.0,82.0,2.0,371.0,599.0,785.0,1100.0,1104.0,1105.0,1106.0,1115.0,1119.0,1148.0,555.0,1015.0,469.0,1156.0,164.0,271.0,497.0,,,,,,,
769,35.7555413,127.0893369,346.0,662.0,,,,,,,,,,,,,,,,,,,,,,,,,,
770,36.6166367,128.2654241,771.0,,,,,,,,,,,,,,,,,,,,,,,,,,,
771,36.6166367,128.2654241,770.0,,,,,,,,,,,,,,,,,,,,,,,,,,,
772,38.0402742,128.0432435,,,,,,,,,,,,,,,,,,,,,,,,,,,,
773,37.5531992,128.4677279,719.0,75.0,767.0,,,,,,,,,,,,,,,,,,,,,,,,,
774,36.6679285,128.5584835,675.0,970.0,507.0,745.0,,,,,,,,,,,,,,,,,,,,,,,,
775,35.6232241,127.3953874,754.0,260.0,491.0,490.0,860.0,889.0,820.0,1134.0,717.0,,,,,,,,,,,,,,,,,,,
776,37.4856113,127.8890489,894.0,36.0,963.0,,,,,,,,,,,,,,,,,,,,,,,,,
777,35.4151198,127.7807653,896.0,657.0,527.0,666.0,914.0,,,,,,,,,,,,,,,,,,,,,,,
778,37.8107051,128.2724166,955.0,157.0,,,,,,,,,,,,,,,,,,,,,,,,,,
779,37.3910274,128.9927715,,,,,,,,,,,,,,,,,,,,,,,,,,,,
780,37.7965324,127.7787099,,,,,,,,,,,,,,,,,,,,,,,,,,,,
781,36.7877626,129.2030091,1077.0,406.0,1158.0,161.0,0.0,21.0,4.0,,,,,,,,,,,,,,,,,,,,,
782,35.4259901,127.3648432,916.0,797.0,843.0,528.0,956.0,,,,,,,,,,,,,,,,,,,,,,,
783,37.9763688,128.0820625,686.0,1042.0,1103.0,951.0,982.0,463.0,887.0,,,,,,,,,,,,,,,,,,,,,
784,37.7183936,127.5757485,368.0,,,,,,,,,,,,,,,,,,,,,,,,,,,
785,38.1453645,128.1335981,324.0,80.0,82.0,2.0,371.0,599.0,768.0,1100.0,1104.0,1105.0,1106.0,1115.0,1119.0,1148.0,555.0,1015.0,469.0,1156.0,164.0,271.0,497.0,,,,,,,
786,35.485308,127.5426539,938.0,,,,,,,,,,,,,,,,,,,,,,,,,,,
787,36.0302856,127.9284691,834.0,382.0,501.0,365.0,430.0,431.0,,,,,,,,,,,,,,,,,,,,,,
788,35.1077764,127.2000409,902.0,1093.0,1097.0,706.0,992.0,556.0,562.0,600.0,605.0,,,,,,,,,,,,,,,,,,,
789,37.5779448,128.5344673,747.0,695.0,,,,,,,,,,,,,,,,,,,,,,,,,,
790,37.7120915,127.7440552,132.0,237.0,252.0,332.0,487.0,602.0,613.0,475.0,629.0,,,,,,,,,,,,,,,,,,,
791,36.7516478,126.9660455,,,,,,,,,,,,,,,,,,,,,,,,,,,,
792,37.6343265,126.3988995,,,,,,,,,,,,,,,,,,,,,,,,,,,,
793,35.6414668,127.201126,656.0,678.0,700.0,,,,,,,,,,,,,,,,,,,,,,,,,
794,37.0060873,128.9653695,753.0,558.0,568.0,102.0,309.0,466.0,299.0,266.0,298.0,520.0,134.0,1124.0,28.0,,,,,,,,,,,,,,,
795,35.9454491,127.3208264,796.0,1078.0,,,,,,,,,,,,,,,,,,,,,,,,,,
796,35.8975893,127.3115218,928.0,663.0,795.0,,,,,,,,,,,,,,,,,,,,,,,,,
797,35.4142743,127.3487711,916.0,782.0,843.0,,,,,,,,,,,,,,,,,,,,,,,,,
798,37.6037604,128.3210882,518.0,179.0,493.0,244.0,268.0,269.0,425.0,455.0,762.0,194.0,508.0,512.0,378.0,517.0,803.0,325.0,312.0,509.0,,,,,,,,,,
799,37.6644632,127.6998828,929.0,973.0,254.0,253.0,935.0,95.0,60.0,1002.0,1099.0,,,,,,,,,,,,,,,,,,,
800,35.6030592,127.596053,372.0,,,,,,,,,,,,,,,,,,,,,,,,,,,
801,35.822442,127.344502,410.0,813.0,953.0,,,,,,,,,,,,,,,,,,,,,,,,,
802,37.5019304,128.7080385,126.0,136.0,367.0,66.0,334.0,,,,,,,,,,,,,,,,,,,,,,,
803,37.6361022,128.3700029,508.0,798.0,400.0,479.0,478.0,512.0,378.0,517.0,458.0,424.0,498.0,325.0,465.0,387.0,312.0,509.0,524.0,553.0,578.0,554.0,,,,,,,,
804,37.017043,128.8162766,10.0,54.0,50.0,20.0,1062.0,25.0,690.0,521.0,571.0,408.0,407.0,310.0,552.0,350.0,61.0,587.0,375.0,721.0,593.0,609.0,610.0,529.0,88.0,335.0,573.0,,,
805,36.9576622,127.2127404,848.0,879.0,,,,,,,,,,,,,,,,,,,,,,,,,,
806,35.354195,127.5896257,434.0,822.0,733.0,878.0,812.0,941.0,682.0,,,,,,,,,,,,,,,,,,,,,
807,37.763285,127.5286119,380.0,1118.0,296.0,369.0,,,,,,,,,,,,,,,,,,,,,,,,
808,36.8484432,127.9865342,761.0,921.0,1096.0,1126.0,,,,,,,,,,,,,,,,,,,,,,,,
809,34.3748605,126.6614699,1021.0,892.0,1022.0,831.0,1024.0,1025.0,1058.0,1057.0,1053.0,1023.0,1019.0,1020.0,,,,,,,,,,,,,,,,
810,36.4518737,129.4294626,526.0,445.0,447.0,354.0,,,,,,,,,,,,,,,,,,,,,,,,
811,37.1778476,128.7549387,,,,,,,,,,,,,,,,,,,,,,,,,,,,
812,35.354195,127.5896257,806.0,434.0,822.0,733.0,878.0,941.0,682.0,,,,,,,,,,,,,,,,,,,,,
813,35.8134957,127.2866581,410.0,801.0,953.0,,,,,,,,,,,,,,,,,,,,,,,,,
814,37.8764886,128.0984423,913.0,885.0,948.0,714.0,514.0,1102.0,,,,,,,,,,,,,,,,,,,,,,
815,37.9429407,127.4806675,73.0,46.0,149.0,31.0,202.0,203.0,403.0,439.0,716.0,744.0,919.0,920.0,939.0,940.0,,,,,,,,,,,,,,
816,37.6685086,127.4860673,19.0,867.0,1017.0,985.0,817.0,1085.0,,,,,,,,,,,,,,,,,,,,,,
817,37.6617845,127.5291954,816.0,867.0,1017.0,985.0,315.0,1085.0,,,,,,,,,,,,,,,,,,,,,,
818,35.6269529,129.2847549,,,,,,,,,,,,,,,,,,,,,,,,,,,,
819,36.8992222,128.4537971,971.0,852.0,931.0,,,,,,,,,,,,,,,,,,,,,,,,,
820,35.6232241,127.3953874,754.0,260.0,775.0,491.0,490.0,860.0,889.0,1134.0,717.0,,,,,,,,,,,,,,,,,,,
821,34.4722055,127.2029507,,,,,,,,,,,,,,,,,,,,,,,,,,,,
822,35.354195,127.5896257,806.0,434.0,733.0,878.0,812.0,941.0,682.0,,,,,,,,,,,,,,,,,,,,,
823,36.3125036,126.6942481,,,,,,,,,,,,,,,,,,,,,,,,,,,,
824,36.1607314,127.8561939,,,,,,,,,,,,,,,,,,,,,,,,,,,,
825,36.0501173,128.589178,826.0,1013.0,1113.0,1071.0,,,,,,,,,,,,,,,,,,,,,,,,
826,36.0501173,128.589178,825.0,1013.0,1113.0,1071.0,,,,,,,,,,,,,,,,,,,,,,,,
827,37.7803639,127.9135629,964.0,845.0,384.0,386.0,385.0,347.0,30.0,,,,,,,,,,,,,,,,,,,,,
828,35.6019213,127.1434343,204.0,243.0,853.0,119.0,656.0,731.0,,,,,,,,,,,,,,,,,,,,,,
829,37.7952538,127.637333,368.0,,,,,,,,,,,,,,,,,,,,,,,,,,,
830,37.5893415,127.4947634,19.0,183.0,294.0,295.0,426.0,840.0,986.0,315.0,,,,,,,,,,,,,,,,,,,,
831,34.3886384,126.673364,1021.0,892.0,809.0,1058.0,1053.0,1019.0,1020.0,,,,,,,,,,,,,,,,,,,,,
832,37.866666,128.3416211,464.0,,,,,,,,,,,,,,,,,,,,,,,,,,,
833,37.43714,127.4569735,,,,,,,,,,,,,,,,,,,,,,,,,,,,
834,36.0302856,127.9284691,382.0,787.0,501.0,365.0,430.0,431.0,,,,,,,,,,,,,,,,,,,,,,
835,36.6211096,128.1016145,842.0,945.0,,,,,,,,,,,,,,,,,,,,,,,,,,
836,35.891691,127.3976681,704.0,1130.0,996.0,,,,,,,,,,,,,,,,,,,,,,,,,
837,36.9694817,128.7708492,142.0,361.0,846.0,672.0,70.0,689.0,954.0,,,,,,,,,,,,,,,,,,,,,
838,35.9718139,127.4414868,,,,,,,,,,,,,,,,,,,,,,,,,,,,
839,34.810344,127.0284393,,,,,,,,,,,,,,,,,,,,,,,,,,,,
840,37.5893415,127.4947634,19.0,183.0,294.0,295.0,426.0,830.0,986.0,315.0,,,,,,,,,,,,,,,,,,,,
841,37.3264572,127.8461587,1088.0,231.0,481.0,893.0,,,,,,,,,,,,,,,,,,,,,,,,
842,36.6211096,128.1016145,835.0,945.0,,,,,,,,,,,,,,,,,,,,,,,,,,
843,35.4402894,127.4044142,916.0,797.0,782.0,528.0,956.0,,,,,,,,,,,,,,,,,,,,,,,
844,37.1981957,127.3366783,,,,,,,,,,,,,,,,,,,,,,,,,,,,
845,37.7803639,127.9135629,964.0,827.0,384.0,386.0,385.0,347.0,30.0,,,,,,,,,,,,,,,,,,,,,
846,36.9694817,128.7708492,142.0,837.0,361.0,672.0,70.0,689.0,954.0,,,,,,,,,,,,,,,,,,,,,
847,36.3616331,128.7962705,180.0,660.0,1040.0,26.0,45.0,205.0,665.0,230.0,213.0,681.0,121.0,679.0,262.0,,,,,,,,,,,,,,,
848,36.9576622,127.2127404,805.0,879.0,,,,,,,,,,,,,,,,,,,,,,,,,,
849,37.0529246,128.2095856,,,,,,,,,,,,,,,,,,,,,,,,,,,,
850,36.795644,127.8382474,764.0,725.0,693.0,710.0,,,,,,,,,,,,,,,,,,,,,,,,
851,35.0380394,126.9087248,923.0,339.0,958.0,,,,,,,,,,,,,,,,,,,,,,,,,
852,36.8992222,128.4537971,971.0,819.0,931.0,,,,,,,,,,,,,,,,,,,,,,,,,
853,35.6019213,127.1434343,828.0,204.0,243.0,119.0,656.0,731.0,,,,,,,,,,,,,,,,,,,,,,
854,38.1759283,127.5417197,911.0,910.0,909.0,908.0,906.0,855.0,960.0,961.0,905.0,,,,,,,,,,,,,,,,,,,
855,38.1759283,127.5417197,911.0,910.0,909.0,908.0,906.0,854.0,960.0,961.0,905.0,,,,,,,,,,,,,,,,,,,
856,38.0777327,127.519277,435.0,1033.0,1117.0,907.0,962.0,998.0,873.0,,,,,,,,,,,,,,,,,,,,,
857,34.8849014,127.3922504,,,,,,,,,,,,,,,,,,,,,,,,,,,,
858,37.8862401,127.2168372,,,,,,,,,,,,,,,,,,,,,,,,,,,,
859,35.7070291,127.1532238,346.0,729.0,436.0,185.0,557.0,,,,,,,,,,,,,,,,,,,,,,,
860,35.6232241,127.3953874,754.0,260.0,775.0,491.0,490.0,889.0,820.0,1134.0,717.0,,,,,,,,,,,,,,,,,,,
861,35.6565243,129.1392355,,,,,,,,,,,,,,,,,,,,,,,,,,,,
862,35.5118111,129.0765389,,,,,,,,,,,,,,,,,,,,,,,,,,,,
863,38.0466608,128.3851271,588.0,583.0,579.0,601.0,81.0,1137.0,590.0,199.0,513.0,511.0,598.0,,,,,,,,,,,,,,,,,
864,37.8811169,127.5245739,1149.0,,,,,,,,,,,,,,,,,,,,,,,,,,,
865,35.6990304,127.590711,272.0,966.0,1037.0,,,,,,,,,,,,,,,,,,,,,,,,,
866,37.7228102,127.8432939,1003.0,130.0,611.0,,,,,,,,,,,,,,,,,,,,,,,,,
867,37.6654255,127.5054068,816.0,19.0,1017.0,985.0,315.0,817.0,1085.0,,,,,,,,,,,,,,,,,,,,,
868,37.4684441,128.2208537,607.0,531.0,569.0,459.0,93.0,94.0,542.0,,,,,,,,,,,,,,,,,,,,,
869,38.1886627,128.3651816,1074.0,155.0,1014.0,,,,,,,,,,,,,,,,,,,,,,,,,
870,36.5763417,128.8070598,,,,,,,,,,,,,,,,,,,,,,,,,,,,
871,36.5475881,128.5452575,321.0,,,,,,,,,,,,,,,,,,,,,,,,,,,
872,37.0161648,128.7315613,976.0,,,,,,,,,,,,,,,,,,,,,,,,,,,
873,38.0599182,127.553534,856.0,907.0,962.0,998.0,997.0,,,,,,,,,,,,,,,,,,,,,,,
874,37.8594804,127.7837564,654.0,8.0,111.0,109.0,,,,,,,,,,,,,,,,,,,,,,,,
875,35.0611343,128.4556496,1116.0,978.0,1034.0,,,,,,,,,,,,,,,,,,,,,,,,,
876,37.3116906,127.3799627,900.0,344.0,,,,,,,,,,,,,,,,,,,,,,,,,,
877,35.0237325,128.0824143,,,,,,,,,,,,,,,,,,,,,,,,,,,,
878,35.354195,127.5896257,806.0,434.0,822.0,733.0,812.0,941.0,682.0,,,,,,,,,,,,,,,,,,,,,
879,36.9833588,127.2304655,848.0,805.0,,,,,,,,,,,,,,,,,,,,,,,,,,
880,37.6814752,127.6318406,987.0,519.0,544.0,929.0,,,,,,,,,,,,,,,,,,,,,,,,
881,37.8228476,127.9549594,159.0,347.0,949.0,248.0,30.0,239.0,,,,,,,,,,,,,,,,,,,,,,
882,36.7047911,128.8286576,71.0,586.0,226.0,357.0,669.0,,,,,,,,,,,,,,,,,,,,,,,
883,36.4034175,129.0243083,,,,,,,,,,,,,,,,,,,,,,,,,,,,
884,37.5710458,127.6416006,364.0,328.0,429.0,423.0,220.0,186.0,15.0,247.0,,,,,,,,,,,,,,,,,,,,
885,37.8764886,128.0984423,913.0,948.0,714.0,514.0,814.0,1102.0,,,,,,,,,,,,,,,,,,,,,,
886,37.2534286,128.726245,163.0,915.0,476.0,125.0,270.0,122.0,128.0,391.0,530.0,756.0,,,,,,,,,,,,,,,,,,
887,37.9763688,128.0820625,686.0,1042.0,783.0,1103.0,951.0,982.0,463.0,,,,,,,,,,,,,,,,,,,,,
888,36.0840588,128.4993854,1059.0,,,,,,,,,,,,,,,,,,,,,,,,,,,
889,35.6232241,127.3953874,754.0,260.0,775.0,491.0,490.0,860.0,820.0,1134.0,717.0,,,,,,,,,,,,,,,,,,,
890,37.6426333,127.8650768,950.0,197.0,,,,,,,,,,,,,,,,,,,,,,,,,,
891,35.6010073,126.4997293,684.0,,,,,,,,,,,,,,,,,,,,,,,,,,,
892,34.3617495,126.6617565,1021.0,1022.0,831.0,1024.0,1025.0,809.0,1058.0,1057.0,1053.0,1023.0,1019.0,1020.0,,,,,,,,,,,,,,,,
893,37.2882089,127.8796149,1088.0,841.0,481.0,,,,,,,,,,,,,,,,,,,,,,,,,
894,37.4933412,127.8543931,258.0,776.0,1089.0,36.0,963.0,1060.0,,,,,,,,,,,,,,,,,,,,,,
895,35.2053772,128.1165386,225.0,,,,,,,,,,,,,,,,,,,,,,,,,,,
896,35.4613511,127.7911938,777.0,657.0,666.0,914.0,,,,,,,,,,,,,,,,,,,,,,,,
897,35.6835943,126.674112,,,,,,,,,,,,,,,,,,,,,,,,,,,,
898,37.2775872,128.0831466,718.0,912.0,705.0,925.0,37.0,924.0,48.0,,,,,,,,,,,,,,,,,,,,,
899,37.694464,128.2708307,541.0,59.0,273.0,765.0,,,,,,,,,,,,,,,,,,,,,,,,
900,37.3116906,127.3799627,876.0,344.0,,,,,,,,,,,,,,,,,,,,,,,,,,
901,37.7267059,126.9116461,285.0,623.0,206.0,68.0,,,,,,,,,,,,,,,,,,,,,,,,
902,35.1077764,127.2000409,788.0,1093.0,1097.0,706.0,992.0,556.0,562.0,600.0,605.0,,,,,,,,,,,,,,,,,,,
903,35.2938097,127.9227657,1128.0,482.0,1121.0,,,,,,,,,,,,,,,,,,,,,,,,,
904,36.929005,127.9105637,917.0,933.0,301.0,968.0,211.0,615.0,488.0,703.0,1008.0,1044.0,,,,,,,,,,,,,,,,,,
905,38.1759283,127.5417197,911.0,910.0,909.0,908.0,906.0,855.0,854.0,960.0,961.0,,,,,,,,,,,,,,,,,,,
906,38.1759283,127.5417197,911.0,910.0,909.0,908.0,855.0,854.0,960.0,961.0,905.0,,,,,,,,,,,,,,,,,,,
907,38.0777327,127.519277,435.0,1033.0,1117.0,856.0,962.0,998.0,873.0,,,,,,,,,,,,,,,,,,,,,
908,38.1759283,127.5417197,911.0,910.0,909.0,906.0,855.0,854.0,960.0,961.0,905.0,,,,,,,,,,,,,,,,,,,
909,38.1759283,127.5417197,911.0,910.0,908.0,906.0,855.0,854.0,960.0,961.0,905.0,,,,,,,,,,,,,,,,,,,
910,38.1759283,127.5417197,911.0,909.0,908.0,906.0,855.0,854.0,960.0,961.0,905.0,,,,,,,,,,,,,,,,,,,
911,38.1759283,127.5417197,910.0,909.0,908.0,906.0,855.0,854.0,960.0,961.0,905.0,,,,,,,,,,,,,,,,,,,
912,37.2775872,128.0831466,718.0,705.0,898.0,925.0,37.0,924.0,48.0,,,,,,,,,,,,,,,,,,,,,
913,37.8598438,128.1293578,885.0,948.0,714.0,514.0,814.0,946.0,44.0,57.0,58.0,133.0,200.0,1073.0,,,,,,,,,,,,,,,,
914,35.4151198,127.7807653,777.0,896.0,657.0,527.0,666.0,,,,,,,,,,,,,,,,,,,,,,,
915,37.2520769,128.7817425,886.0,106.0,476.0,125.0,270.0,122.0,128.0,548.0,391.0,530.0,756.0,1056.0,276.0,,,,,,,,,,,,,,,
916,35.4114491,127.382667,797.0,782.0,843.0,528.0,956.0,,,,,,,,,,,,,,,,,,,,,,,
917,36.9691539,127.9232858,933.0,301.0,968.0,211.0,904.0,488.0,703.0,1008.0,1044.0,,,,,,,,,,,,,,,,,,,
918,35.0146387,127.6844058,965.0,1026.0,1027.0,1028.0,,,,,,,,,,,,,,,,,,,,,,,,
919,37.9429407,127.4806675,73.0,46.0,149.0,31.0,202.0,203.0,403.0,439.0,716.0,744.0,815.0,920.0,939.0,940.0,,,,,,,,,,,,,,
920,37.9429407,127.4806675,73.0,46.0,149.0,31.0,202.0,203.0,403.0,439.0,716.0,744.0,815.0,919.0,939.0,940.0,,,,,,,,,,,,,,
921,36.8484432,127.9865342,761.0,808.0,1096.0,1126.0,,,,,,,,,,,,,,,,,,,,,,,,
922,34.9918255,127.1324743,286.0,1035.0,549.0,404.0,405.0,536.0,550.0,540.0,538.0,,,,,,,,,,,,,,,,,,,
923,34.9908486,126.9213478,339.0,958.0,851.0,,,,,,,,,,,,,,,,,,,,,,,,,
924,37.2775872,128.0831466,718.0,912.0,705.0,898.0,925.0,37.0,48.0,,,,,,,,,,,,,,,,,,,,,
925,37.2775872,128.0831466,718.0,912.0,705.0,898.0,37.0,924.0,48.0,,,,,,,,,,,,,,,,,,,,,
926,36.9448146,128.9381286,753.0,558.0,568.0,178.0,102.0,348.0,674.0,,,,,,,,,,,,,,,,,,,,,
927,35.6490244,128.8541177,,,,,,,,,,,,,,,,,,,,,,,,,,,,
928,35.8703189,127.2653376,663.0,796.0,,,,,,,,,,,,,,,,,,,,,,,,,,
929,37.6418514,127.6530618,987.0,519.0,544.0,880.0,60.0,799.0,1002.0,1099.0,,,,,,,,,,,,,,,,,,,,
930,37.9872585,128.6295139,47.0,176.0,,,,,,,,,,,,,,,,,,,,,,,,,,
931,36.8992222,128.4537971,971.0,819.0,852.0,,,,,,,,,,,,,,,,,,,,,,,,,
932,37.7524819,127.437941,96.0,641.0,,,,,,,,,,,,,,,,,,,,,,,,,,
933,36.9691539,127.9232858,917.0,301.0,968.0,211.0,904.0,488.0,703.0,1008.0,1044.0,,,,,,,,,,,,,,,,,,,
934,38.117962,127.0473841,,,,,,,,,,,,,,,,,,,,,,,,,,,,
935,37.6518777,127.74339,1091.0,606.0,973.0,254.0,620.0,617.0,1092.0,253.0,448.0,95.0,60.0,799.0,1002.0,1099.0,,,,,,,,,,,,,,
936,36.4616321,128.9410712,297.0,,,,,,,,,,,,,,,,,,,,,,,,,,,
937,37.6535569,127.3319806,,,,,,,,,,,,,,,,,,,,,,,,,,,,
938,35.485308,127.5426539,786.0,,,,,,,,,,,,,,,,,,,,,,,,,,,
939,37.9429407,127.4806675,73.0,46.0,149.0,31.0,202.0,203.0,403.0,439.0,716.0,744.0,815.0,919.0,920.0,940.0,,,,,,,,,,,,,,
940,37.9429407,127.4806675,73.0,46.0,149.0,31.0,202.0,203.0,403.0,439.0,716.0,744.0,815.0,919.0,920.0,939.0,,,,,,,,,,,,,,
941,35.354195,127.5896257,806.0,434.0,822.0,733.0,878.0,812.0,682.0,,,,,,,,,,,,,,,,,,,,,
942,37.8740024,127.909936,654.0,8.0,347.0,30.0,,,,,,,,,,,,,,,,,,,,,,,,
943,37.7610572,127.9813129,964.0,947.0,355.0,,,,,,,,,,,,,,,,,,,,,,,,,
944,37.3728454,128.4052788,242.0,275.0,454.0,453.0,311.0,150.0,748.0,633.0,631.0,443.0,698.0,1094.0,195.0,457.0,637.0,632.0,,,,,,,,,,,,
945,36.6211096,128.1016145,835.0,842.0,,,,,,,,,,,,,,,,,,,,,,,,,,
946,37.8229473,128.121852,913.0,514.0,44.0,57.0,58.0,133.0,200.0,413.0,1073.0,,,,,,,,,,,,,,,,,,,
947,37.7770615,128.0156889,1032.0,943.0,504.0,257.0,355.0,159.0,248.0,,,,,,,,,,,,,,,,,,,,,
948,37.8764886,128.0984423,913.0,885.0,714.0,514.0,814.0,1102.0,,,,,,,,,,,,,,,,,,,,,,
949,37.8228476,127.9549594,159.0,881.0,347.0,248.0,30.0,239.0,,,,,,,,,,,,,,,,,,,,,,
950,37.6147161,127.8863288,766.0,890.0,197.0,9.0,,,,,,,,,,,,,,,,,,,,,,,,
951,37.9894237,128.116951,686.0,1042.0,783.0,1103.0,982.0,463.0,887.0,251.0,293.0,196.0,5.0,1000.0,16.0,,,,,,,,,,,,,,,
952,38.0771327,128.1436063,,,,,,,,,,,,,,,,,,,,,,,,,,,,
953,35.8134957,127.2866581,410.0,813.0,801.0,,,,,,,,,,,,,,,,,,,,,,,,,
954,36.9395486,128.7902001,142.0,837.0,361.0,846.0,672.0,70.0,689.0,1047.0,,,,,,,,,,,,,,,,,,,,
955,37.8107051,128.2724166,778.0,157.0,,,,,,,,,,,,,,,,,,,,,,,,,,
956,35.4412163,127.4091203,916.0,782.0,843.0,528.0,,,,,,,,,,,,,,,,,,,,,,,,
957,35.1813263,127.173433,556.0,562.0,600.0,605.0,,,,,,,,,,,,,,,,,,,,,,,,
958,35.0117982,126.8818047,923.0,339.0,851.0,,,,,,,,,,,,,,,,,,,,,,,,,
959,35.6745167,127.2863785,1051.0,1131.0,241.0,,,,,,,,,,,,,,,,,,,,,,,,,
960,38.1759283,127.5417197,911.0,910.0,909.0,908.0,906.0,855.0,854.0,961.0,905.0,,,,,,,,,,,,,,,,,,,
961,38.1759283,127.5417197,911.0,910.0,909.0,908.0,906.0,855.0,854.0,960.0,905.0,,,,,,,,,,,,,,,,,,,
962,38.0777327,127.519277,435.0,1033.0,1117.0,856.0,907.0,998.0,873.0,,,,,,,,,,,,,,,,,,,,,
963,37.4573003,127.893469,258.0,776.0,1089.0,894.0,1060.0,,,,,,,,,,,,,,,,,,,,,,,
964,37.7492272,127.9215469,611.0,17.0,943.0,845.0,827.0,384.0,386.0,385.0,,,,,,,,,,,,,,,,,,,,
965,35.0146387,127.6844058,918.0,1026.0,1027.0,1028.0,,,,,,,,,,,,,,,,,,,,,,,,
966,35.6990304,127.590711,272.0,865.0,1037.0,,,,,,,,,,,,,,,,,,,,,,,,,
967,35.7401886,127.4294129,,,,,,,,,,,,,,,,,,,,,,,,,,,,
968,36.9691539,127.9232858,917.0,933.0,301.0,211.0,904.0,488.0,703.0,1008.0,1044.0,,,,,,,,,,,,,,,,,,,
969,37.5365529,128.2296884,104.0,,,,,,,,,,,,,,,,,,,,,,,,,,,
970,36.6393275,128.5140897,675.0,507.0,774.0,745.0,,,,,,,,,,,,,,,,,,,,,,,,
971,36.8992222,128.4537971,819.0,852.0,931.0,,,,,,,,,,,,,,,,,,,,,,,,,
972,37.6437711,127.9527749,1067.0,9.0,209.0,319.0,,,,,,,,,,,,,,,,,,,,,,,,
973,37.6324523,127.7520913,1091.0,606.0,254.0,620.0,617.0,1092.0,253.0,935.0,448.0,95.0,60.0,799.0,1002.0,1099.0,,,,,,,,,,,,,,
974,37.7142062,128.1824685,494.0,1064.0,582.0,621.0,622.0,576.0,630.0,273.0,765.0,,,,,,,,,,,,,,,,,,,
975,37.6011843,128.2265769,238.0,305.0,152.0,356.0,112.0,988.0,,,,,,,,,,,,,,,,,,,,,,
976,37.0161648,128.7315613,872.0,,,,,,,,,,,,,,,,,,,,,,,,,,,
977,35.9128626,129.4499391,750.0,1061.0,,,,,,,,,,,,,,,,,,,,,,,,,,
978,35.0182672,128.4765665,1116.0,875.0,1034.0,,,,,,,,,,,,,,,,,,,,,,,,,
979,37.7594062,128.5710184,740.0,,,,,,,,,,,,,,,,,,,,,,,,,,,
980,35.0878407,127.6114145,215.0,216.0,451.0,1098.0,,,,,,,,,,,,,,,,,,,,,,,,
981,35.0389006,126.9988465,326.0,146.0,145.0,402.0,,,,,,,,,,,,,,,,,,,,,,,,
982,37.9763688,128.0820625,686.0,1042.0,783.0,1103.0,951.0,463.0,887.0,,,,,,,,,,,,,,,,,,,,,
983,38.1219556,128.3101926,456.0,67.0,470.0,984.0,,,,,,,,,,,,,,,,,,,,,,,,
984,38.1219556,128.3101926,456.0,67.0,470.0,983.0,,,,,,,,,,,,,,,,,,,,,,,,
985,37.6617845,127.5291954,816.0,867.0,1017.0,315.0,817.0,1085.0,,,,,,,,,,,,,,,,,,,,,,
986,37.5893415,127.4947634,19.0,183.0,294.0,295.0,426.0,830.0,840.0,315.0,,,,,,,,,,,,,,,,,,,,
987,37.656916,127.6122255,519.0,544.0,880.0,929.0,,,,,,,,,,,,,,,,,,,,,,,,
988,37.6011843,128.2265769,238.0,975.0,305.0,152.0,356.0,112.0,,,,,,,,,,,,,,,,,,,,,,
989,36.8203575,128.6044862,,,,,,,,,,,,,,,,,,,,,,,,,,,,
990,37.5416012,127.4258645,259.0,113.0,,,,,,,,,,,,,,,,,,,,,,,,,,
991,37.4250014,128.2967109,116.0,123.0,32.0,1055.0,65.0,89.0,74.0,,,,,,,,,,,,,,,,,,,,,
992,35.1077764,127.2000409,788.0,902.0,1093.0,1097.0,706.0,556.0,562.0,600.0,605.0,,,,,,,,,,,,,,,,,,,
993,35.6501248,128.7060644,,,,,,,,,,,,,,,,,,,,,,,,,,,,
994,38.1323492,128.2292072,,,,,,,,,,,,,,,,,,,,,,,,,,,,
995,38.05014,128.5452484,1076.0,76.0,227.0,1041.0,,,,,,,,,,,,,,,,,,,,,,,,
996,35.891691,127.3976681,836.0,704.0,1130.0,,,,,,,,,,,,,,,,,,,,,,,,,
997,38.0497615,127.5950284,873.0,,,,,,,,,,,,,,,,,,,,,,,,,,,
998,38.0777327,127.519277,435.0,1033.0,1117.0,856.0,907.0,962.0,873.0,,,,,,,,,,,,,,,,,,,,,
999,35.2343442,128.8318904,640.0,,,,,,,,,,,,,,,,,,,,,,,,,,,
1000,38.0087006,128.1617215,951.0,463.0,293.0,196.0,5.0,16.0,,,,,,,,,,,,,,,,,,,,,,
1001,36.3735292,128.9007835,349.0,187.0,727.0,728.0,121.0,320.0,,,,,,,,,,,,,,,,,,,,,,
1002,37.6644632,127.6998828,929.0,973.0,254.0,253.0,935.0,95.0,60.0,799.0,1099.0,,,,,,,,,,,,,,,,,,,
1003,37.6995714,127.8821936,319.0,130.0,611.0,866.0,17.0,,,,,,,,,,,,,,,,,,,,,,,
1004,36.6583598,128.8915154,64.0,333.0,170.0,255.0,91.0,572.0,,,,,,,,,,,,,,,,,,,,,,
1005,37.7979718,126.3953013,192.0,,,,,,,,,,,,,,,,,,,,,,,,,,,
1006,35.1957011,128.4999975,642.0,,,,,,,,,,,,,,,,,,,,,,,,,,,
1007,38.0412339,127.0393313,1125.0,39.0,,,,,,,,,,,,,,,,,,,,,,,,,,
1008,36.9635809,127.9320017,917.0,933.0,301.0,968.0,211.0,904.0,488.0,703.0,1044.0,,,,,,,,,,,,,,,,,,,
1009,34.5646638,127.148057,,,,,,,,,,,,,,,,,,,,,,,,,,,,
1010,35.1917957,126.4357275,1065.0,,,,,,,,,,,,,,,,,,,,,,,,,,,
1011,35.256597,126.5405597,214.0,,,,,,,,,,,,,,,,,,,,,,,,,,,
1012,34.7326998,127.1538776,327.0,323.0,283.0,188.0,207.0,282.0,118.0,278.0,340.0,341.0,342.0,162.0,739.0,279.0,353.0,563.0,362.0,288.0,232.0,233.0,166.0,322.0,,,,,,
1013,36.0501173,128.589178,825.0,826.0,1113.0,1071.0,,,,,,,,,,,,,,,,,,,,,,,,
1014,38.1886627,128.3651816,1074.0,869.0,155.0,,,,,,,,,,,,,,,,,,,,,,,,,
1015,38.1681838,128.1786506,324.0,80.0,82.0,2.0,371.0,599.0,768.0,785.0,1100.0,1104.0,1105.0,1106.0,1115.0,1119.0,1148.0,555.0,250.0,469.0,1156.0,164.0,1147.0,271.0,497.0,499.0,,,,
1016,36.8744093,128.8887244,1054.0,1069.0,147.0,358.0,267.0,,,,,,,,,,,,,,,,,,,,,,,
1017,37.6617845,127.5291954,816.0,867.0,985.0,315.0,817.0,1085.0,,,,,,,,,,,,,,,,,,,,,,
1018,35.5165876,129.2623781,1152.0,,,,,,,,,,,,,,,,,,,,,,,,,,,
1019,34.3748605,126.6614699,1021.0,892.0,1022.0,831.0,1024.0,1025.0,809.0,1058.0,1057.0,1053.0,1023.0,1020.0,,,,,,,,,,,,,,,,
1020,34.3748605,126.6614699,1021.0,892.0,1022.0,831.0,1024.0,1025.0,809.0,1058.0,1057.0,1053.0,1023.0,1019.0,,,,,,,,,,,,,,,,
1021,34.3839197,126.6915543,892.0,831.0,809.0,1058.0,1053.0,1019.0,1020.0,,,,,,,,,,,,,,,,,,,,,
1022,34.3342368,126.6602934,892.0,1024.0,1025.0,809.0,1058.0,1057.0,1053.0,1023.0,1019.0,1020.0,,,,,,,,,,,,,,,,,,
1023,34.3342368,126.6602934,892.0,1022.0,1024.0,1025.0,809.0,1058.0,1057.0,1053.0,1019.0,1020.0,,,,,,,,,,,,,,,,,,
1024,34.3342368,126.6602934,892.0,1022.0,1025.0,809.0,1058.0,1057.0,1053.0,1023.0,1019.0,1020.0,,,,,,,,,,,,,,,,,,
1025,34.3342368,126.6602934,892.0,1022.0,1024.0,809.0,1058.0,1057.0,1053.0,1023.0,1019.0,1020.0,,,,,,,,,,,,,,,,,,
1026,35.0181337,127.6489426,918.0,965.0,1027.0,1028.0,,,,,,,,,,,,,,,,,,,,,,,,
1027,35.0181337,127.6489426,918.0,965.0,1026.0,1028.0,,,,,,,,,,,,,,,,,,,,,,,,
1028,35.0181337,127.6489426,918.0,965.0,1026.0,1027.0,,,,,,,,,,,,,,,,,,,,,,,,
1029,35.1934074,127.2851201,473.0,584.0,585.0,589.0,597.0,1030.0,560.0,561.0,533.0,1153.0,,,,,,,,,,,,,,,,,,
1030,35.1934074,127.2851201,473.0,584.0,585.0,589.0,597.0,1029.0,560.0,561.0,533.0,1153.0,,,,,,,,,,,,,,,,,,
1031,37.5313869,127.6928777,381.0,1036.0,,,,,,,,,,,,,,,,,,,,,,,,,,
1032,37.7285179,128.0376067,249.0,947.0,355.0,,,,,,,,,,,,,,,,,,,,,,,,,
1033,38.0815097,127.4702373,435.0,1117.0,856.0,907.0,962.0,998.0,,,,,,,,,,,,,,,,,,,,,,
1034,35.0611343,128.4556496,1116.0,875.0,978.0,,,,,,,,,,,,,,,,,,,,,,,,,
1035,34.9730223,127.1427854,286.0,549.0,404.0,405.0,922.0,,,,,,,,,,,,,,,,,,,,,,,
1036,37.5107169,127.6332539,287.0,1123.0,1122.0,422.0,329.0,330.0,421.0,381.0,1031.0,,,,,,,,,,,,,,,,,,,
1037,35.6990304,127.590711,272.0,865.0,966.0,,,,,,,,,,,,,,,,,,,,,,,,,
1038,35.8021674,127.4199564,,,,,,,,,,,,,,,,,,,,,,,,,,,,
1039,36.1854956,129.2051557,,,,,,,,,,,,,,,,,,,,,,,,,,,,
1040,36.3616331,128.7962705,180.0,660.0,847.0,26.0,45.0,205.0,665.0,230.0,213.0,681.0,121.0,679.0,262.0,,,,,,,,,,,,,,,
1041,38.0375603,128.5476157,995.0,1076.0,76.0,227.0,,,,,,,,,,,,,,,,,,,,,,,,
1042,37.9763688,128.0820625,686.0,783.0,1103.0,951.0,982.0,463.0,887.0,,,,,,,,,,,,,,,,,,,,,
1043,34.7014878,126.9485704,,,,,,,,,,,,,,,,,,,,,,,,,,,,
1044,36.9635809,127.9320017,917.0,933.0,301.0,968.0,211.0,904.0,488.0,703.0,1008.0,,,,,,,,,,,,,,,,,,,
1045,38.2279577,128.5206485,,,,,,,,,,,,,,,,,,,,,,,,,,,,
1046,37.9993658,128.3250403,1136.0,198.0,433.0,1095.0,1107.0,,,,,,,,,,,,,,,,,,,,,,,
1047,36.8919819,128.7963456,142.0,70.0,689.0,954.0,147.0,,,,,,,,,,,,,,,,,,,,,,,
1048,37.2462508,126.5257313,,,,,,,,,,,,,,,,,,,,,,,,,,,,
1049,35.1649004,128.985722,1050.0,,,,,,,,,,,,,,,,,,,,,,,,,,,
1050,35.1746452,128.9884548,1049.0,,,,,,,,,,,,,,,,,,,,,,,,,,,
1051,35.693019,127.22746,729.0,436.0,1131.0,557.0,959.0,,,,,,,,,,,,,,,,,,,,,,,
1052,35.1505106,126.9952503,,,,,,,,,,,,,,,,,,,,,,,,,,,,
1053,34.3467695,126.6651876,1021.0,892.0,1022.0,831.0,1024.0,1025.0,809.0,1058.0,1057.0,1023.0,1019.0,1020.0,,,,,,,,,,,,,,,,
1054,36.8353368,128.910956,1069.0,358.0,1016.0,,,,,,,,,,,,,,,,,,,,,,,,,
1055,37.4250014,128.2967109,116.0,123.0,32.0,991.0,65.0,89.0,74.0,,,,,,,,,,,,,,,,,,,,,
1056,37.2220583,128.8218722,343.0,915.0,106.0,548.0,276.0,,,,,,,,,,,,,,,,,,,,,,,
1057,34.3342368,126.6602934,892.0,1022.0,1024.0,1025.0,809.0,1058.0,1053.0,1023.0,1019.0,1020.0,,,,,,,,,,,,,,,,,,
1058,34.3467695,126.6651876,1021.0,892.0,1022.0,831.0,1024.0,1025.0,809.0,1057.0,1053.0,1023.0,1019.0,1020.0,,,,,,,,,,,,,,,,
1059,36.0909549,128.4829988,888.0,,,,,,,,,,,,,,,,,,,,,,,,,,,
1060,37.4405188,127.8508915,258.0,1089.0,894.0,963.0,,,,,,,,,,,,,,,,,,,,,,,,
1061,35.8877503,129.4453564,977.0,750.0,,,,,,,,,,,,,,,,,,,,,,,,,,
1062,36.9786453,128.85124,10.0,753.0,558.0,568.0,54.0,102.0,50.0,20.0,25.0,690.0,521.0,571.0,408.0,407.0,310.0,552.0,350.0,61.0,587.0,375.0,721.0,593.0,609.0,610.0,529.0,804.0,88.0,573.0
1063,37.6654008,126.714036,,,,,,,,,,,,,,,,,,,,,,,,,,,,
1064,37.7142062,128.1824685,494.0,582.0,621.0,622.0,974.0,576.0,630.0,273.0,765.0,,,,,,,,,,,,,,,,,,,
1065,35.2270487,126.3984685,1010.0,,,,,,,,,,,,,,,,,,,,,,,,,,,
1066,37.3793844,127.9569719,486.0,1087.0,,,,,,,,,,,,,,,,,,,,,,,,,,
1067,37.6020683,127.9591221,972.0,9.0,209.0,,,,,,,,,,,,,,,,,,,,,,,,,
1068,35.3338895,129.1732717,302.0,1142.0,,,,,,,,,,,,,,,,,,,,,,,,,,
1069,36.8353368,128.910956,1054.0,358.0,1016.0,,,,,,,,,,,,,,,,,,,,,,,,,
1070,37.8683544,127.0292399,1081.0,,,,,,,,,,,,,,,,,,,,,,,,,,,
1071,36.03714,128.6111061,825.0,826.0,1013.0,1113.0,,,,,,,,,,,,,,,,,,,,,,,,
1072,35.3000705,127.0618243,,,,,,,,,,,,,,,,,,,,,,,,,,,,
1073,37.8140141,128.1452309,913.0,514.0,946.0,44.0,57.0,58.0,133.0,200.0,413.0,,,,,,,,,,,,,,,,,,,
1074,38.1886627,128.3651816,869.0,155.0,1014.0,,,,,,,,,,,,,,,,,,,,,,,,,
1075,37.348768,128.1604644,401.0,314.0,345.0,492.0,49.0,103.0,158.0,,,,,,,,,,,,,,,,,,,,,
1076,38.0807,128.5240511,441.0,318.0,452.0,256.0,995.0,76.0,227.0,1041.0,,,,,,,,,,,,,,,,,,,,
1077,36.7877626,129.2030091,781.0,406.0,1158.0,161.0,0.0,21.0,4.0,,,,,,,,,,,,,,,,,,,,,
1078,35.9822558,127.3033187,795.0,,,,,,,,,,,,,,,,,,,,,,,,,,,
1079,35.7357767,129.4342524,,,,,,,,,,,,,,,,,,,,,,,,,,,,
1080,37.4325997,127.6898941,12.0,69.0,139.0,317.0,7.0,683.0,758.0,496.0,649.0,13.0,,,,,,,,,,,,,,,,,,
1081,37.8528108,127.0391079,1070.0,,,,,,,,,,,,,,,,,,,,,,,,,,,
1082,37.6139354,128.1511451,238.0,370.0,112.0,,,,,,,,,,,,,,,,,,,,,,,,,
1083,36.8004842,128.7944095,86.0,110.0,763.0,722.0,,,,,,,,,,,,,,,,,,,,,,,,
1084,37.7307329,127.1373616,648.0,,,,,,,,,,,,,,,,,,,,,,,,,,,
1085,37.6617845,127.5291954,816.0,867.0,1017.0,985.0,315.0,817.0,,,,,,,,,,,,,,,,,,,,,,
1086,34.4869365,126.2284574,,,,,,,,,,,,,,,,,,,,,,,,,,,,
1087,37.3382632,127.9559957,486.0,1066.0,,,,,,,,,,,,,,,,,,,,,,,,,,
1088,37.3162611,127.8333974,841.0,231.0,481.0,893.0,,,,,,,,,,,,,,,,,,,,,,,,
1089,37.4405188,127.8508915,258.0,894.0,963.0,1060.0,,,,,,,,,,,,,,,,,,,,,,,,
1090,36.2945638,129.0464878,99.0,639.0,43.0,18.0,,,,,,,,,,,,,,,,,,,,,,,,
1091,37.6078802,127.7290553,606.0,973.0,254.0,620.0,617.0,1092.0,253.0,935.0,448.0,95.0,,,,,,,,,,,,,,,,,,
1092,37.6078802,127.7290553,1091.0,606.0,973.0,254.0,620.0,617.0,253.0,935.0,448.0,95.0,,,,,,,,,,,,,,,,,,
1093,35.1077764,127.2000409,788.0,902.0,1097.0,706.0,992.0,556.0,562.0,600.0,605.0,,,,,,,,,,,,,,,,,,,
1094,37.3728454,128.4052788,242.0,275.0,454.0,453.0,311.0,150.0,748.0,633.0,631.0,443.0,698.0,944.0,195.0,457.0,637.0,632.0,,,,,,,,,,,,
1095,37.9993658,128.3250403,1136.0,198.0,433.0,1046.0,1107.0,,,,,,,,,,,,,,,,,,,,,,,
1096,36.8484432,127.9865342,761.0,808.0,921.0,1126.0,,,,,,,,,,,,,,,,,,,,,,,,
1097,35.1077764,127.2000409,788.0,902.0,1093.0,706.0,992.0,556.0,562.0,600.0,605.0,,,,,,,,,,,,,,,,,,,
1098,35.0878407,127.6114145,215.0,216.0,451.0,980.0,,,,,,,,,,,,,,,,,,,,,,,,
1099,37.6644632,127.6998828,929.0,973.0,254.0,253.0,935.0,95.0,60.0,799.0,1002.0,,,,,,,,,,,,,,,,,,,
1100,38.1453645,128.1335981,324.0,80.0,82.0,2.0,371.0,599.0,768.0,785.0,1104.0,1105.0,1106.0,1115.0,1119.0,1148.0,555.0,1015.0,469.0,1156.0,164.0,271.0,497.0,,,,,,,
1101,37.5059781,129.0900522,661.0,,,,,,,,,,,,,,,,,,,,,,,,,,,
1102,37.9151065,128.1387795,885.0,948.0,714.0,814.0,251.0,,,,,,,,,,,,,,,,,,,,,,,
1103,37.9763688,128.0820625,686.0,1042.0,783.0,951.0,982.0,463.0,887.0,,,,,,,,,,,,,,,,,,,,,
1104,38.1453645,128.1335981,324.0,80.0,82.0,2.0,371.0,599.0,768.0,785.0,1100.0,1105.0,1106.0,1115.0,1119.0,1148.0,555.0,1015.0,469.0,1156.0,164.0,271.0,497.0,,,,,,,
1105,38.1453645,128.1335981,324.0,80.0,82.0,2.0,371.0,599.0,768.0,785.0,1100.0,1104.0,1106.0,1115.0,1119.0,1148.0,555.0,1015.0,469.0,1156.0,164.0,271.0,497.0,,,,,,,
1106,38.1453645,128.1335981,324.0,80.0,82.0,2.0,371.0,599.0,768.0,785.0,1100.0,1104.0,1105.0,1115.0,1119.0,1148.0,555.0,1015.0,469.0,1156.0,164.0,271.0,497.0,,,,,,,
1107,37.9993658,128.3250403,1136.0,198.0,433.0,1046.0,1095.0,,,,,,,,,,,,,,,,,,,,,,,
1108,37.768125,128.1850253,273.0,413.0,765.0,,,,,,,,,,,,,,,,,,,,,,,,,
1109,36.0472497,127.7101074,,,,,,,,,,,,,,,,,,,,,,,,,,,,
1110,37.4945468,127.4887109,259.0,113.0,23.0,169.0,440.0,685.0,720.0,90.0,696.0,732.0,760.0,,,,,,,,,,,,,,,,,
1111,34.417759,126.5509463,697.0,208.0,245.0,,,,,,,,,,,,,,,,,,,,,,,,,
1112,36.4852884,129.046328,140.0,174.0,27.0,,,,,,,,,,,,,,,,,,,,,,,,,
1113,36.0501173,128.589178,825.0,826.0,1013.0,1071.0,,,,,,,,,,,,,,,,,,,,,,,,
1114,35.8167838,127.1984944,450.0,515.0,,,,,,,,,,,,,,,,,,,,,,,,,,
1115,38.1453645,128.1335981,324.0,80.0,82.0,2.0,371.0,599.0,768.0,785.0,1100.0,1104.0,1105.0,1106.0,1119.0,1148.0,555.0,1015.0,469.0,1156.0,164.0,271.0,497.0,,,,,,,
1116,35.0611343,128.4556496,875.0,978.0,1034.0,,,,,,,,,,,,,,,,,,,,,,,,,
1117,38.0815097,127.4702373,435.0,1033.0,856.0,907.0,962.0,998.0,,,,,,,,,,,,,,,,,,,,,,
1118,37.785624,127.5469953,807.0,380.0,296.0,369.0,,,,,,,,,,,,,,,,,,,,,,,,
1119,38.1453645,128.1335981,324.0,80.0,82.0,2.0,371.0,599.0,768.0,785.0,1100.0,1104.0,1105.0,1106.0,1115.0,1148.0,555.0,1015.0,469.0,1156.0,164.0,271.0,497.0,,,,,,,
1120,35.4797722,127.698092,604.0,643.0,614.0,,,,,,,,,,,,,,,,,,,,,,,,,
1121,35.3310801,127.9113578,1128.0,903.0,482.0,,,,,,,,,,,,,,,,,,,,,,,,,
1122,37.4863982,127.5902252,696.0,732.0,287.0,1123.0,422.0,329.0,330.0,421.0,760.0,12.0,381.0,1036.0,,,,,,,,,,,,,,,,
1123,37.4863982,127.5902252,696.0,732.0,287.0,1122.0,422.0,329.0,330.0,421.0,760.0,12.0,381.0,1036.0,,,,,,,,,,,,,,,,
1124,37.0060873,128.9653695,753.0,558.0,568.0,102.0,794.0,309.0,466.0,299.0,266.0,298.0,520.0,134.0,28.0,,,,,,,,,,,,,,,
1125,38.0412339,127.0393313,1007.0,39.0,,,,,,,,,,,,,,,,,,,,,,,,,,
1126,36.8484432,127.9865342,761.0,808.0,921.0,1096.0,,,,,,,,,,,,,,,,,,,,,,,,
1127,36.718176,127.6424775,,,,,,,,,,,,,,,,,,,,,,,,,,,,
1128,35.3310801,127.9113578,903.0,482.0,1121.0,,,,,,,,,,,,,,,,,,,,,,,,,
1129,34.784308,127.109093,108.0,,,,,,,,,,,,,,,,,,,,,,,,,,,
1130,35.891691,127.3976681,836.0,704.0,996.0,,,,,,,,,,,,,,,,,,,,,,,,,
1131,35.6764888,127.2632347,1051.0,959.0,241.0,,,,,,,,,,,,,,,,,,,,,,,,,
1132,34.7703449,128.4157739,,,,,,,,,,,,,,,,,,,,,,,,,,,,
1133,38.0415585,128.6886217,,,,,,,,,,,,,,,,,,,,,,,,,,,,
1134,35.6398854,127.3985765,754.0,260.0,775.0,491.0,490.0,860.0,889.0,820.0,717.0,,,,,,,,,,,,,,,,,,,
1135,35.7213202,128.6332771,,,,,,,,,,,,,,,,,,,,,,,,,,,,
1136,37.948639,128.3172237,198.0,433.0,1046.0,1095.0,1107.0,,,,,,,,,,,,,,,,,,,,,,,
1137,38.0466608,128.3851271,588.0,583.0,579.0,863.0,601.0,81.0,590.0,199.0,513.0,511.0,598.0,,,,,,,,,,,,,,,,,
1138,37.3087458,128.3873055,454.0,748.0,,,,,,,,,,,,,,,,,,,,,,,,,,
1139,38.0616616,128.6215764,1151.0,,,,,,,,,,,,,,,,,,,,,,,,,,,
1140,36.668705,128.0171798,652.0,,,,,,,,,,,,,,,,,,,,,,,,,,,
1141,36.378131,128.5618083,,,,,,,,,,,,,,,,,,,,,,,,,,,,
1142,35.3166025,129.1658062,302.0,1068.0,,,,,,,,,,,,,,,,,,,,,,,,,,
1143,36.4571359,129.3230741,417.0,224.0,137.0,35.0,34.0,,,,,,,,,,,,,,,,,,,,,,,
1144,34.8774854,128.0044561,,,,,,,,,,,,,,,,,,,,,,,,,,,,
1145,35.2523976,128.6922326,,,,,,,,,,,,,,,,,,,,,,,,,,,,
1146,36.5686008,128.7151174,336.0,,,,,,,,,,,,,,,,,,,,,,,,,,,
1147,38.1922602,128.1994956,390.0,1148.0,555.0,250.0,1015.0,469.0,164.0,271.0,497.0,499.0,,,,,,,,,,,,,,,,,,
1148,38.1681838,128.1786506,324.0,80.0,82.0,2.0,371.0,599.0,768.0,785.0,1100.0,1104.0,1105.0,1106.0,1115.0,1119.0,555.0,250.0,1015.0,469.0,1156.0,164.0,1147.0,271.0,497.0,499.0,,,,
1149,37.8811169,127.5245739,864.0,,,,,,,,,,,,,,,,,,,,,,,,,,,
1150,35.142975,128.1495849,,,,,,,,,,,,,,,,,,,,,,,,,,,,
1151,38.0616616,128.6215764,1139.0,,,,,,,,,,,,,,,,,,,,,,,,,,,
1152,35.5239237,129.2886798,1018.0,,,,,,,,,,,,,,,,,,,,,,,,,,,
1153,35.2128403,127.3399964,473.0,584.0,585.0,589.0,597.0,1029.0,1030.0,560.0,561.0,533.0,274.0,307.0,500.0,580.0,217.0,510.0,338.0,,,,,,,,,,,
1154,35.005055,126.7573618,143.0,,,,,,,,,,,,,,,,,,,,,,,,,,,
1155,37.3860959,126.6389202,,,,,,,,,,,,,,,,,,,,,,,,,,,,
1156,38.1453645,128.1335981,324.0,80.0,82.0,2.0,371.0,599.0,768.0,785.0,1100.0,1104.0,1105.0,1106.0,1115.0,1119.0,1148.0,555.0,1015.0,469.0,164.0,271.0,497.0,,,,,,,
1157,37.1765396,127.0263059,,,,,,,,,,,,,,,,,,,,,,,,,,,,
1158,36.7877626,129.2030091,1077.0,781.0,406.0,161.0,0.0,21.0,4.0,,,,,,,,,,,,,,,,,,,,,
