Latitude,Longitude,축종,발생두수,ID,nearby_1,nearby_2,nearby_3,nearby_4,nearby_5,nearby_6,nearby_7,nearby_8,nearby_9,nearby_10,nearby_11,nearby_12,nearby_13,nearby_14,nearby_15,nearby_16,nearby_17,nearby_18,nearby_19,nearby_20,nearby_21,nearby_22,nearby_23,nearby_24,nearby_25,nearby_26,nearby_27,nearby_28,nearby_29,nearby_30,nearby_31,nearby_32,nearby_33,nearby_34,nearby_35,nearby_36,nearby_37,nearby_38,nearby_39,nearby_40,nearby_41,nearby_42,nearby_43,nearby_44,nearby_45,nearby_46,nearby_47,nearby_48,nearby_49,nearby_50,nearby_51,nearby_52,nearby_53,nearby_54,nearby_55,nearby_56,nearby_57,nearby_58,nearby_59,nearby_60,nearby_61,nearby_62,nearby_63,nearby_64,nearby_65,nearby_66,nearby_67,nearby_68,nearby_69,nearby_70,nearby_71,nearby_72,nearby_73,nearby_74,nearby_75,nearby_76,nearby_77,nearby_78,nearby_79,nearby_80,nearby_81,nearby_82,nearby_83,nearby_84,nearby_85,nearby_86,nearby_87,nearby_88,nearby_89,nearby_90,nearby_91,nearby_92,nearby_93,nearby_94,nearby_95,nearby_96,nearby_97,nearby_98,nearby_99,nearby_100,nearby_101,nearby_102,nearby_103,nearby_104,nearby_105,nearby_106,nearby_107,nearby_108,nearby_109,nearby_110,nearby_111,nearby_112,nearby_113,nearby_114,nearby_115,nearby_116,nearby_117,nearby_118,nearby_119,nearby_120,nearby_121,nearby_122,nearby_123,nearby_124,nearby_125,nearby_126,nearby_127,nearby_128,nearby_129,nearby_130,nearby_131,nearby_132,nearby_133,nearby_134,nearby_135,nearby_136,nearby_137,nearby_138,nearby_139,nearby_140,nearby_141,nearby_142,nearby_143,nearby_144,nearby_145,nearby_146,nearby_147,nearby_148,nearby_149,nearby_150,nearby_151,nearby_152,nearby_153,nearby_154,nearby_155,nearby_156,nearby_157,nearby_158,nearby_159,nearby_160,nearby_161,nearby_162,nearby_163,nearby_164,nearby_165,nearby_166,nearby_167,nearby_168,nearby_169,nearby_170,nearby_171,nearby_172,nearby_173,nearby_174,nearby_175,nearby_176,nearby_177,nearby_178,nearby_179,nearby_180,nearby_181,nearby_182,nearby_183,nearby_184,nearby_185,nearby_186,nearby_187,nearby_188,nearby_189,nearby_190,nearby_191,nearby_192,nearby_193,nearby_194,nearby_195,nearby_196,nearby_197,nearby_198,nearby_199,nearby_200,nearby_201,nearby_202,nearby_203,nearby_204,nearby_205,nearby_206,nearby_207,nearby_208,nearby_209,nearby_210,nearby_211,nearby_212,nearby_213,nearby_214,nearby_215,nearby_216,nearby_217,nearby_218,nearby_219,nearby_220,nearby_221,nearby_222,nearby_223,nearby_224,nearby_225,nearby_226,nearby_227,nearby_228,nearby_229,nearby_230,nearby_231,nearby_232,nearby_233,nearby_234,nearby_235,nearby_236,nearby_237,nearby_238,nearby_239,nearby_240,nearby_241,nearby_242,nearby_243,nearby_244,nearby_245,nearby_246,nearby_247,nearby_248,nearby_249,nearby_250,nearby_251,nearby_252,nearby_253,nearby_254,nearby_255,nearby_256,nearby_257,nearby_258,nearby_259,nearby_260,nearby_261,nearby_262,nearby_263,nearby_264,nearby_265,nearby_266,nearby_267,nearby_268,nearby_269,nearby_270,nearby_271,nearby_272,nearby_273,nearby_274,nearby_275,nearby_276,nearby_277,nearby_278,nearby_279,nearby_280,nearby_281,nearby_282,nearby_283,nearby_284,nearby_285,nearby_286,nearby_287,nearby_288,nearby_289,nearby_290,nearby_291,nearby_292,nearby_293,nearby_294,nearby_295,nearby_296,nearby_297,nearby_298,nearby_299,nearby_300,nearby_301,nearby_302,nearby_303,nearby_304,nearby_305,nearby_306,nearby_307,nearby_308,nearby_309,nearby_310,nearby_311,nearby_312,nearby_313,nearby_314,nearby_315,nearby_316,nearby_317,nearby_318,nearby_319,nearby_320,nearby_321,nearby_322,nearby_323,nearby_324,nearby_325,nearby_326,nearby_327,nearby_328,nearby_329,nearby_330,nearby_331,nearby_332,nearby_333,nearby_334,nearby_335,nearby_336,nearby_337,nearby_338,nearby_339,nearby_340,nearby_341,nearby_342,nearby_343,nearby_344,nearby_345,nearby_346,nearby_347,nearby_348,nearby_349,nearby_350,nearby_351,nearby_352,nearby_353,nearby_354,nearby_355,nearby_356,nearby_357,nearby_358,nearby_359,nearby_360,nearby_361,nearby_362,nearby_363,nearby_364,nearby_365,nearby_366,nearby_367,nearby_368,nearby_369,nearby_370,nearby_371,nearby_372,nearby_373,nearby_374,nearby_375,nearby_376,nearby_377,nearby_378,nearby_379,nearby_380,nearby_381,nearby_382,nearby_383,nearby_384,nearby_385,nearby_386,nearby_387,nearby_388,nearby_389,nearby_390,nearby_391,nearby_392,nearby_393,nearby_394,nearby_395,nearby_396,nearby_397,nearby_398,nearby_399,nearby_400,nearby_401,nearby_402,nearby_403,nearby_404,nearby_405,nearby_406,nearby_407,nearby_408,nearby_409,nearby_410,nearby_411,nearby_412,nearby_413,nearby_414,nearby_415,nearby_416,nearby_417,nearby_418,nearby_419,nearby_420,nearby_421,nearby_422,nearby_423,nearby_424,nearby_425,nearby_426,nearby_427,nearby_428,nearby_429,nearby_430,nearby_431,nearby_432,nearby_433,nearby_434,nearby_435,nearby_436,nearby_437,nearby_438,nearby_439,nearby_440,nearby_441,nearby_442,nearby_443,nearby_444,nearby_445,nearby_446,nearby_447,nearby_448,nearby_449,nearby_450,nearby_451,nearby_452,nearby_453,nearby_454,nearby_455,nearby_456,nearby_457,nearby_458,nearby_459,nearby_460,nearby_461,nearby_462,nearby_463,nearby_464,nearby_465,nearby_466,nearby_467,nearby_468,nearby_469,nearby_470,nearby_471,nearby_472,nearby_473,nearby_474,nearby_475,nearby_476,nearby_477,nearby_478,nearby_479,nearby_480,nearby_481,nearby_482,nearby_483,nearby_484,nearby_485,nearby_486,nearby_487,nearby_488,nearby_489,nearby_490,nearby_491,nearby_492,nearby_493,nearby_494,nearby_495,nearby_496
36.1533392,128.6041672,벌-개량종,20,6846,8416.0,1316.0,1318.0,1320.0,2512.0,4866.0,6359.0,6837.0,6846.0,6841.0,8425.0,6374.0,4036.0,8427.0,6828.0,8426.0,581.0,6847.0,870.0,8415.0,1597.0,1608.0,882.0,880.0,4892.0,6869.0,6870.0,4895.0,1334.0,7543.0,1636.0,5770.0,8439.0,3403.0,2926.0,1331.0,2923.0,5479.0,7991.0,7993.0,181.0,175.0,2922.0,6394.0,2359.0,6393.0,8431.0,1629.0,,,,,,,,,,,,,,,,,,,,,,,,,,,,,,,,,,,,,,,,,,,,,,,,,,,,,,,,,,,,,,,,,,,,,,,,,,,,,,,,,,,,,,,,,,,,,,,,,,,,,,,,,,,,,,,,,,,,,,,,,,,,,,,,,,,,,,,,,,,,,,,,,,,,,,,,,,,,,,,,,,,,,,,,,,,,,,,,,,,,,,,,,,,,,,,,,,,,,,,,,,,,,,,,,,,,,,,,,,,,,,,,,,,,,,,,,,,,,,,,,,,,,,,,,,,,,,,,,,,,,,,,,,,,,,,,,,,,,,,,,,,,,,,,,,,,,,,,,,,,,,,,,,,,,,,,,,,,,,,,,,,,,,,,,,,,,,,,,,,,,,,,,,,,,,,,,,,,,,,,,,,,,,,,,,,,,,,,,,,,,,,,,,,,,,,,,,,,,,,,,,,,,,,,,,,,,,,,,,,,,,,,,,,,,,,,,,,,,,,,,,,,,,,,
37.4679821,128.7981629,벌-개량종,250,2650,3175.0,5958.0,664.0,7684.0,7042.0,4249.0,5996.0,8600.0,7040.0,4250.0,1116.0,666.0,2650.0,7664.0,2660.0,8206.0,2293.0,2661.0,2666.0,2664.0,668.0,8605.0,4303.0,8603.0,4304.0,8602.0,6018.0,1126.0,1119.0,1117.0,6005.0,6007.0,6602.0,8601.0,8604.0,6003.0,6015.0,6019.0,8606.0,672.0,1133.0,2676.0,6028.0,8610.0,7106.0,6029.0,673.0,2677.0,7102.0,7695.0,675.0,4317.0,8611.0,1134.0,6033.0,2678.0,,,,,,,,,,,,,,,,,,,,,,,,,,,,,,,,,,,,,,,,,,,,,,,,,,,,,,,,,,,,,,,,,,,,,,,,,,,,,,,,,,,,,,,,,,,,,,,,,,,,,,,,,,,,,,,,,,,,,,,,,,,,,,,,,,,,,,,,,,,,,,,,,,,,,,,,,,,,,,,,,,,,,,,,,,,,,,,,,,,,,,,,,,,,,,,,,,,,,,,,,,,,,,,,,,,,,,,,,,,,,,,,,,,,,,,,,,,,,,,,,,,,,,,,,,,,,,,,,,,,,,,,,,,,,,,,,,,,,,,,,,,,,,,,,,,,,,,,,,,,,,,,,,,,,,,,,,,,,,,,,,,,,,,,,,,,,,,,,,,,,,,,,,,,,,,,,,,,,,,,,,,,,,,,,,,,,,,,,,,,,,,,,,,,,,,,,,,,,,,,,,,,,,,,,,,,,,,,,,,,,,,,,,,,,,,,,,,,,,,,
36.3371588,127.8960781,벌-개량종,150,6867,6365.0,858.0,495.0,8420.0,862.0,1605.0,4860.0,8421.0,6835.0,1606.0,865.0,3382.0,6375.0,7976.0,7971.0,2083.0,4038.0,1321.0,2091.0,2912.0,6845.0,4865.0,4870.0,1611.0,1609.0,869.0,498.0,159.0,162.0,6839.0,6844.0,163.0,4868.0,2514.0,1319.0,164.0,2085.0,6373.0,6850.0,4031.0,5756.0,5757.0,2513.0,1613.0,1615.0,7528.0,7531.0,1322.0,1614.0,4037.0,6376.0,6849.0,2087.0,867.0,2086.0,4032.0,5758.0,1610.0,3390.0,4871.0,5759.0,2088.0,4033.0,7968.0,866.0,2084.0,2908.0,3386.0,4029.0,4864.0,6371.0,7963.0,161.0,2090.0,3391.0,4035.0,5760.0,6836.0,6370.0,497.0,5754.0,4862.0,4028.0,3384.0,2905.0,2082.0,2911.0,7967.0,2089.0,157.0,868.0,158.0,502.0,1324.0,1620.0,6380.0,6858.0,7534.0,4045.0,2098.0,4879.0,6381.0,2916.0,5766.0,876.0,3402.0,7539.0,506.0,2521.0,178.0,6382.0,6386.0,1326.0,1330.0,176.0,4889.0,1631.0,7535.0,8904.0,7988.0,3400.0,505.0,1625.0,1628.0,879.0,4053.0,6389.0,4891.0,6867.0,7541.0,1632.0,1332.0,2925.0,196.0,895.0,2523.0,2115.0,2524.0,5785.0,8831.0,2525.0,198.0,2946.0,3420.0,5488.0,1342.0,5489.0,,,,,,,,,,,,,,,,,,,,,,,,,,,,,,,,,,,,,,,,,,,,,,,,,,,,,,,,,,,,,,,,,,,,,,,,,,,,,,,,,,,,,,,,,,,,,,,,,,,,,,,,,,,,,,,,,,,,,,,,,,,,,,,,,,,,,,,,,,,,,,,,,,,,,,,,,,,,,,,,,,,,,,,,,,,,,,,,,,,,,,,,,,,,,,,,,,,,,,,,,,,,,,,,,,,,,,,,,,,,,,,,,,,,,,,,,,,,,,,,,,,,,,,,,,,,,,,,,,,,,,,,,,,,,,,,,,,,,,,,,,,,,,,,,,,,,,,,,,,,,,,,,,,,,,,,,,,,,,,,,,,,,,,,,,,,,,,,,,,,,,,,,,,,,
37.1712746,128.9669333,벌-개량종,230,632,973.0,1039.0,7411.0,6535.0,2593.0,7632.0,1030.0,5915.0,5909.0,5902.0,301.0,639.0,2226.0,4219.0,2607.0,5126.0,6542.0,8147.0,5933.0,7024.0,7650.0,1768.0,1773.0,643.0,2617.0,4238.0,7032.0,5946.0,6549.0,7656.0,8096.0,3497.0,1707.0,2562.0,3484.0,8595.0,960.0,5855.0,4156.0,5038.0,2569.0,6950.0,5024.0,1727.0,6956.0,6478.0,610.0,3024.0,1719.0,2570.0,1722.0,1715.0,7604.0,7608.0,972.0,6482.0,7610.0,284.0,6490.0,7616.0,4169.0,6491.0,7617.0,4174.0,620.0,4175.0,622.0,5876.0,6977.0,5878.0,623.0,993.0,2586.0,4179.0,5879.0,6978.0,1736.0,2587.0,5881.0,6979.0,8943.0,1737.0,2589.0,2590.0,1740.0,6499.0,4205.0,4183.0,632.0,5907.0,1752.0,2591.0,6525.0,7634.0,7627.0,2594.0,7410.0,5128.0,4225.0,7035.0,2239.0,3080.0,7405.0,6532.0,4211.0,2618.0,8160.0,1416.0,5947.0,644.0,7655.0,1411.0,5569.0,1754.0,634.0,4240.0,329.0,5138.0,1058.0,5917.0,2599.0,1027.0,7004.0,8513.0,7402.0,527.0,5882.0,5875.0,2581.0,2582.0,7270.0,5865.0,4166.0,985.0,2190.0,1735.0,8103.0,1757.0,5870.0,4176.0,2196.0,5869.0,5872.0,2191.0,2578.0,2221.0,2577.0,5936.0,7639.0,986.0,6974.0,7623.0,8111.0,5863.0,8872.0,2576.0,992.0,281.0,2188.0,6498.0,618.0,2583.0,2573.0,291.0,6980.0,5868.0,5864.0,8870.0,5051.0,5060.0,,,,,,,,,,,,,,,,,,,,,,,,,,,,,,,,,,,,,,,,,,,,,,,,,,,,,,,,,,,,,,,,,,,,,,,,,,,,,,,,,,,,,,,,,,,,,,,,,,,,,,,,,,,,,,,,,,,,,,,,,,,,,,,,,,,,,,,,,,,,,,,,,,,,,,,,,,,,,,,,,,,,,,,,,,,,,,,,,,,,,,,,,,,,,,,,,,,,,,,,,,,,,,,,,,,,,,,,,,,,,,,,,,,,,,,,,,,,,,,,,,,,,,,,,,,,,,,,,,,,,,,,,,,,,,,,,,,,,,,,,,,,,,,,,,,,,,,,,,,,,,,,,,,,,,,,,,,,,,,,,,,,,,
36.7551344,128.1698493,벌-개량종,63,2547,1355.0,4947.0,1671.0,594.0,5507.0,7267.0,2137.0,8853.0,2542.0,2363.0,4091.0,518.0,916.0,4601.0,6903.0,223.0,2962.0,5801.0,8464.0,8909.0,6432.0,225.0,4095.0,4946.0,2138.0,7564.0,5508.0,1357.0,4602.0,3442.0,1674.0,8036.0,6433.0,8851.0,5805.0,2547.0,2364.0,920.0,,,,,,,,,,,,,,,,,,,,,,,,,,,,,,,,,,,,,,,,,,,,,,,,,,,,,,,,,,,,,,,,,,,,,,,,,,,,,,,,,,,,,,,,,,,,,,,,,,,,,,,,,,,,,,,,,,,,,,,,,,,,,,,,,,,,,,,,,,,,,,,,,,,,,,,,,,,,,,,,,,,,,,,,,,,,,,,,,,,,,,,,,,,,,,,,,,,,,,,,,,,,,,,,,,,,,,,,,,,,,,,,,,,,,,,,,,,,,,,,,,,,,,,,,,,,,,,,,,,,,,,,,,,,,,,,,,,,,,,,,,,,,,,,,,,,,,,,,,,,,,,,,,,,,,,,,,,,,,,,,,,,,,,,,,,,,,,,,,,,,,,,,,,,,,,,,,,,,,,,,,,,,,,,,,,,,,,,,,,,,,,,,,,,,,,,,,,,,,,,,,,,,,,,,,,,,,,,,,,,,,,,,,,,,,,,,,,,,,,,,,,,,,,,,,,,,,,,,,
35.6789038,129.4305092,벌-개량종,7,569,566.0,2858.0,2025.0,3949.0,4778.0,5430.0,5702.0,6290.0,6755.0,8776.0,108.0,1556.0,2027.0,2862.0,3951.0,4782.0,5431.0,6294.0,6759.0,7903.0,8778.0,569.0,806.0,1557.0,2028.0,2864.0,3331.0,3952.0,4785.0,5432.0,5705.0,6300.0,7911.0,810.0,2871.0,6295.0,6767.0,5434.0,7904.0,3959.0,6762.0,2033.0,8786.0,4790.0,8779.0,8792.0,3971.0,8390.0,7490.0,6309.0,4804.0,6307.0,6316.0,6311.0,6783.0,6782.0,820.0,8393.0,8790.0,5717.0,,,,,,,,,,,,,,,,,,,,,,,,,,,,,,,,,,,,,,,,,,,,,,,,,,,,,,,,,,,,,,,,,,,,,,,,,,,,,,,,,,,,,,,,,,,,,,,,,,,,,,,,,,,,,,,,,,,,,,,,,,,,,,,,,,,,,,,,,,,,,,,,,,,,,,,,,,,,,,,,,,,,,,,,,,,,,,,,,,,,,,,,,,,,,,,,,,,,,,,,,,,,,,,,,,,,,,,,,,,,,,,,,,,,,,,,,,,,,,,,,,,,,,,,,,,,,,,,,,,,,,,,,,,,,,,,,,,,,,,,,,,,,,,,,,,,,,,,,,,,,,,,,,,,,,,,,,,,,,,,,,,,,,,,,,,,,,,,,,,,,,,,,,,,,,,,,,,,,,,,,,,,,,,,,,,,,,,,,,,,,,,,,,,,,,,,,,,,,,,,,,,,,,,,,,,,,,,,,,,,,,,,,,,,,,,,,,,,
35.6789038,129.4305092,벌-개량종,7,569,566.0,2858.0,2025.0,3949.0,4778.0,5430.0,5702.0,6290.0,6755.0,8776.0,108.0,1556.0,2027.0,2862.0,3951.0,4782.0,5431.0,6294.0,6759.0,7903.0,8778.0,569.0,806.0,1557.0,2028.0,2864.0,3331.0,3952.0,4785.0,5432.0,5705.0,6300.0,7911.0,810.0,2871.0,6295.0,6767.0,5434.0,7904.0,3959.0,6762.0,2033.0,8786.0,4790.0,8779.0,8792.0,3971.0,8390.0,7490.0,6309.0,4804.0,6307.0,6316.0,6311.0,6783.0,6782.0,820.0,8393.0,8790.0,5717.0,,,,,,,,,,,,,,,,,,,,,,,,,,,,,,,,,,,,,,,,,,,,,,,,,,,,,,,,,,,,,,,,,,,,,,,,,,,,,,,,,,,,,,,,,,,,,,,,,,,,,,,,,,,,,,,,,,,,,,,,,,,,,,,,,,,,,,,,,,,,,,,,,,,,,,,,,,,,,,,,,,,,,,,,,,,,,,,,,,,,,,,,,,,,,,,,,,,,,,,,,,,,,,,,,,,,,,,,,,,,,,,,,,,,,,,,,,,,,,,,,,,,,,,,,,,,,,,,,,,,,,,,,,,,,,,,,,,,,,,,,,,,,,,,,,,,,,,,,,,,,,,,,,,,,,,,,,,,,,,,,,,,,,,,,,,,,,,,,,,,,,,,,,,,,,,,,,,,,,,,,,,,,,,,,,,,,,,,,,,,,,,,,,,,,,,,,,,,,,,,,,,,,,,,,,,,,,,,,,,,,,,,,,,,,,,,,,,,
37.9018596,126.8377851,벌-개량종,1,413,3674.0,6646.0,5619.0,4350.0,5620.0,1173.0,3689.0,5286.0,3139.0,7180.0,7158.0,6660.0,2323.0,8239.0,707.0,4371.0,4395.0,2704.0,3152.0,6100.0,5270.0,405.0,7160.0,5269.0,7714.0,5271.0,8564.0,4372.0,1875.0,1163.0,413.0,2316.0,4374.0,3675.0,3676.0,7715.0,7716.0,404.0,4373.0,3677.0,6077.0,7162.0,3143.0,6637.0,7156.0,401.0,3678.0,8231.0,6645.0,6071.0,7139.0,5246.0,5296.0,8243.0,1843.0,6629.0,8558.0,6072.0,7707.0,3664.0,7143.0,7138.0,2690.0,4349.0,5253.0,5614.0,8559.0,7286.0,4354.0,6074.0,683.0,3141.0,2697.0,7708.0,4414.0,6648.0,5272.0,5295.0,4376.0,8574.0,1895.0,5252.0,4355.0,1856.0,7200.0,,,,,,,,,,,,,,,,,,,,,,,,,,,,,,,,,,,,,,,,,,,,,,,,,,,,,,,,,,,,,,,,,,,,,,,,,,,,,,,,,,,,,,,,,,,,,,,,,,,,,,,,,,,,,,,,,,,,,,,,,,,,,,,,,,,,,,,,,,,,,,,,,,,,,,,,,,,,,,,,,,,,,,,,,,,,,,,,,,,,,,,,,,,,,,,,,,,,,,,,,,,,,,,,,,,,,,,,,,,,,,,,,,,,,,,,,,,,,,,,,,,,,,,,,,,,,,,,,,,,,,,,,,,,,,,,,,,,,,,,,,,,,,,,,,,,,,,,,,,,,,,,,,,,,,,,,,,,,,,,,,,,,,,,,,,,,,,,,,,,,,,,,,,,,,,,,,,,,,,,,,,,,,,,,,,,,,,,,,,,,,,,,,,,,,,,,,,,,,,,,,,,,,,,,,,
37.178741,127.5891868,벌-개량종,5,302,6504.0,5063.0,5066.0,2200.0,3042.0,8113.0,3523.0,6982.0,1397.0,1395.0,998.0,5546.0,5905.0,2205.0,1016.0,5094.0,3045.0,5090.0,6523.0,5904.0,5903.0,629.0,3543.0,5889.0,8115.0,3540.0,3539.0,3052.0,3536.0,5093.0,3053.0,3054.0,3055.0,8128.0,5896.0,5897.0,1020.0,1407.0,1015.0,6522.0,5910.0,5089.0,5901.0,2207.0,1019.0,6996.0,5092.0,3538.0,5097.0,1022.0,304.0,1014.0,5900.0,8131.0,1023.0,3057.0,6995.0,4204.0,3544.0,5101.0,5911.0,5102.0,8130.0,3549.0,5106.0,5913.0,6527.0,8135.0,3547.0,1025.0,308.0,2595.0,4206.0,1026.0,5105.0,6528.0,6997.0,8137.0,8136.0,309.0,4208.0,3548.0,3059.0,5104.0,3546.0,6526.0,5912.0,5103.0,3545.0,4207.0,3499.0,5843.0,5848.0,261.0,5849.0,961.0,3018.0,1377.0,6471.0,2173.0,5017.0,6949.0,5846.0,4146.0,3017.0,959.0,4144.0,8088.0,962.0,8085.0,963.0,8087.0,5025.0,958.0,5026.0,957.0,8596.0,956.0,954.0,4148.0,3015.0,5022.0,5027.0,3014.0,8086.0,5021.0,1714.0,5019.0,1717.0,964.0,5847.0,3493.0,3495.0,3496.0,1378.0,3498.0,1720.0,5028.0,965.0,3019.0,5029.0,5850.0,263.0,966.0,5851.0,6473.0,2565.0,8089.0,968.0,3501.0,8092.0,1383.0,5033.0,8093.0,5853.0,4152.0,6953.0,6952.0,5032.0,6475.0,6477.0,8091.0,1382.0,6476.0,1721.0,3503.0,3022.0,3502.0,3021.0,969.0,6954.0,2177.0,3507.0,5039.0,2181.0,3030.0,1384.0,5856.0,268.0,3504.0,3023.0,6481.0,8098.0,5532.0,265.0,3505.0,971.0,1386.0,2179.0,3028.0,5035.0,5534.0,975.0,1388.0,272.0,3032.0,4158.0,5535.0,3509.0,5041.0,5862.0,6484.0,6960.0,273.0,977.0,3035.0,3510.0,5042.0,6485.0,8100.0,282.0,6967.0,6501.0,999.0,3043.0,1398.0,4198.0,298.0,5079.0,4197.0,6516.0,5893.0,302.0,1008.0,1011.0,8124.0,6514.0,6988.0,1400.0,8126.0,1013.0,1002.0,5076.0,3541.0,1403.0,5070.0,1405.0,295.0,6511.0,6989.0,4192.0,297.0,3529.0,5077.0,5084.0,3534.0,6518.0,5075.0,5552.0,5551.0,3533.0,6519.0,4199.0,5087.0,5082.0,4195.0,3532.0,3048.0,1007.0,3047.0,1003.0,5088.0,1401.0,1010.0,7631.0,5550.0,3049.0,2202.0,3530.0,1005.0,3531.0,1004.0,1406.0,1747.0,8125.0,5080.0,4196.0,5891.0,5081.0,6513.0,6986.0,5892.0,6987.0,1399.0,3046.0,5078.0,5549.0,5890.0,6512.0,1006.0,5083.0,6515.0,294.0,2201.0,3044.0,3525.0,5547.0,5886.0,8118.0,1012.0,5553.0,5894.0,6990.0,8127.0,1404.0,5067.0,5085.0,6517.0,8116.0,3535.0,299.0,8505.0,4200.0,5895.0,3051.0,1748.0,3524.0,3050.0,1009.0,6991.0,5091.0,303.0,3537.0,5888.0,8129.0,6985.0,306.0,5073.0,1017.0,4202.0,3528.0,5072.0,4194.0,6510.0,5548.0,6984.0,5074.0,1402.0,4193.0,296.0,8121.0,6994.0,5898.0,1001.0,6992.0,8123.0,1021.0,8133.0,6520.0,5554.0,1746.0,2208.0,3056.0,5071.0,5086.0,6961.0,262.0,4160.0,277.0,8495.0,6486.0,2184.0,5044.0,2174.0,5023.0,3511.0,4149.0,274.0,276.0,3513.0,6472.0,981.0,3494.0,1389.0,278.0,4161.0,4162.0,7612.0,5537.0,2186.0,3036.0,8102.0,1729.0,5046.0,5045.0,2185.0,615.0,5047.0,982.0,279.0,3514.0,5050.0,8499.0,983.0,5871.0,5540.0,5543.0,6505.0,7629.0,626.0,997.0,1742.0,4187.0,5065.0,1743.0,3522.0,1744.0,5069.0,627.0,8120.0,4188.0,3527.0,1000.0,4190.0,8119.0,4191.0,5887.0,8117.0,6508.0,5068.0,4189.0,1745.0,7630.0,3526.0,6507.0,5885.0,6509.0,5908.0,5100.0,1024.0,5099.0,631.0,2206.0,8132.0,300.0,2592.0,1749.0,4201.0,2203.0,307.0,5906.0,3542.0,1018.0,6993.0,5899.0,5095.0,1750.0,6521.0,630.0,2204.0,8122.0,628.0,8134.0,3058.0,5098.0,5096.0,305.0,1766.0,2610.0,4224.0,5127.0,2609.0,1763.0,2608.0,7020.0,7648.0,7034.0,8149.0,7022.0,5143.0,5130.0,4228.0,8165.0,8163.0,2240.0,3083.0,2243.0,5573.0,3084.0,4242.0,4245.0,1776.0,5951.0,6554.0,8522.0,3575.0,330.0,5954.0,3573.0,1062.0,7039.0,6562.0,5147.0,1067.0,2622.0,334.0
36.605193,128.2073429,벌-개량종,1,3442,1355.0,4947.0,1671.0,594.0,5507.0,7267.0,2137.0,8853.0,2542.0,2363.0,4091.0,518.0,916.0,4601.0,6903.0,223.0,2962.0,5801.0,8464.0,8909.0,6432.0,225.0,4095.0,4946.0,2138.0,7564.0,5508.0,1357.0,4602.0,3442.0,1674.0,8036.0,6433.0,8851.0,5805.0,2547.0,2364.0,920.0,211.0,906.0,1350.0,1661.0,2129.0,2533.0,3432.0,4078.0,4928.0,5498.0,5796.0,6421.0,6894.0,7556.0,8019.0,8459.0,,,,,,,,,,,,,,,,,,,,,,,,,,,,,,,,,,,,,,,,,,,,,,,,,,,,,,,,,,,,,,,,,,,,,,,,,,,,,,,,,,,,,,,,,,,,,,,,,,,,,,,,,,,,,,,,,,,,,,,,,,,,,,,,,,,,,,,,,,,,,,,,,,,,,,,,,,,,,,,,,,,,,,,,,,,,,,,,,,,,,,,,,,,,,,,,,,,,,,,,,,,,,,,,,,,,,,,,,,,,,,,,,,,,,,,,,,,,,,,,,,,,,,,,,,,,,,,,,,,,,,,,,,,,,,,,,,,,,,,,,,,,,,,,,,,,,,,,,,,,,,,,,,,,,,,,,,,,,,,,,,,,,,,,,,,,,,,,,,,,,,,,,,,,,,,,,,,,,,,,,,,,,,,,,,,,,,,,,,,,,,,,,,,,,,,,,,,,,,,,,,,,,,,,,,,,,,,,,,,,,,,,,,,,,,,,,,,,,,,,,,
35.3241616,128.4270594,벌-개량종,1,6270,472.0,3314.0,6724.0,67.0,8736.0,1258.0,1516.0,1982.0,3906.0,3299.0,773.0,1262.0,1986.0,3300.0,3910.0,4735.0,3908.0,8351.0,5402.0,1261.0,6252.0,70.0,5399.0,1987.0,2453.0,2820.0,5672.0,7851.0,73.0,774.0,2455.0,2823.0,3301.0,1520.0,4738.0,5406.0,6254.0,8352.0,8353.0,775.0,2457.0,3302.0,7457.0,1522.0,1995.0,5409.0,8357.0,779.0,2459.0,8739.0,1523.0,3915.0,5678.0,4741.0,778.0,1264.0,8740.0,4559.0,1263.0,5677.0,1996.0,6257.0,7857.0,1997.0,3304.0,1998.0,1524.0,3916.0,4560.0,2460.0,3303.0,2826.0,2827.0,5679.0,4561.0,3921.0,2005.0,4564.0,2835.0,3736.0,6259.0,8741.0,8742.0,7858.0,7865.0,6260.0,8358.0,4745.0,7461.0,8747.0,8750.0,2471.0,8754.0,786.0,8752.0,2839.0,8360.0,80.0,3311.0,6269.0,4569.0,4568.0,4751.0,2470.0,1529.0,8361.0,8899.0,3931.0,7467.0,91.0,794.0,3319.0,7471.0,8371.0,4737.0,5404.0,5673.0,7853.0,6726.0,6274.0,8737.0,6270.0,7871.0,4750.0,87.0,1275.0,4760.0,7466.0,3309.0,1268.0,1270.0,5420.0,8768.0,8765.0,3313.0,1530.0,1279.0,2850.0,2845.0,8900.0,7469.0,1277.0,84.0,6735.0,791.0,7876.0,2010.0,92.0,3937.0,8751.0,785.0,1542.0,4576.0,4767.0,3321.0,4567.0,3930.0,2017.0,7884.0,3942.0,,,,,,,,,,,,,,,,,,,,,,,,,,,,,,,,,,,,,,,,,,,,,,,,,,,,,,,,,,,,,,,,,,,,,,,,,,,,,,,,,,,,,,,,,,,,,,,,,,,,,,,,,,,,,,,,,,,,,,,,,,,,,,,,,,,,,,,,,,,,,,,,,,,,,,,,,,,,,,,,,,,,,,,,,,,,,,,,,,,,,,,,,,,,,,,,,,,,,,,,,,,,,,,,,,,,,,,,,,,,,,,,,,,,,,,,,,,,,,,,,,,,,,,,,,,,,,,,,,,,,,,,,,,,,,,,,,,,,,,,,,,,,,,,,,,,,,,,,,,,,,,,,,,,,,,,,,,,,,,,,,,,,,,,,,,,,,,,
37.146709,129.0483328,벌-개량종,170,7634,2593.0,7632.0,1030.0,5915.0,5909.0,5902.0,301.0,5002.0,3005.0,604.0,4134.0,3481.0,1706.0,5833.0,8096.0,3497.0,1707.0,2562.0,3484.0,8595.0,960.0,5855.0,6941.0,4156.0,5038.0,2569.0,6950.0,5024.0,7596.0,1727.0,6956.0,6478.0,610.0,3024.0,1719.0,8074.0,2570.0,1722.0,1715.0,7604.0,7608.0,972.0,6482.0,7610.0,284.0,6490.0,7616.0,4169.0,6491.0,7617.0,4174.0,620.0,4175.0,622.0,5876.0,6977.0,5878.0,623.0,993.0,2586.0,4179.0,5879.0,6978.0,1736.0,2587.0,5881.0,6979.0,8943.0,1737.0,2589.0,2590.0,1740.0,6499.0,4205.0,4183.0,632.0,5907.0,1752.0,2591.0,6525.0,7634.0,7627.0,2594.0,7410.0,5128.0,4225.0,7035.0,2239.0,3080.0,7405.0,6532.0,4211.0,2618.0,8160.0,1416.0,5947.0,644.0,7655.0,1411.0,5569.0,1754.0,634.0,4240.0,329.0,5138.0,1058.0,5917.0,2599.0,1027.0,7004.0,8513.0,7402.0,527.0,5882.0,5875.0,2581.0,2582.0,7270.0,5865.0,4166.0,985.0,4138.0,2190.0,1735.0,8103.0,1757.0,5870.0,4176.0,2196.0,5869.0,5872.0,2191.0,2578.0,607.0,2221.0,2577.0,5936.0,2561.0,7639.0,986.0,6974.0,7623.0,2193.0,8111.0,5863.0,6492.0,7271.0,6968.0,8872.0,2576.0,992.0,281.0,5857.0,2188.0,6498.0,618.0,2583.0,1733.0,2573.0,291.0,6980.0,8095.0,1391.0,8597.0,5868.0,5864.0,8870.0,4170.0,5051.0,5060.0,,,,,,,,,,,,,,,,,,,,,,,,,,,,,,,,,,,,,,,,,,,,,,,,,,,,,,,,,,,,,,,,,,,,,,,,,,,,,,,,,,,,,,,,,,,,,,,,,,,,,,,,,,,,,,,,,,,,,,,,,,,,,,,,,,,,,,,,,,,,,,,,,,,,,,,,,,,,,,,,,,,,,,,,,,,,,,,,,,,,,,,,,,,,,,,,,,,,,,,,,,,,,,,,,,,,,,,,,,,,,,,,,,,,,,,,,,,,,,,,,,,,,,,,,,,,,,,,,,,,,,,,,,,,,,,,,,,,,,,,,,,,,,,,,,,,,,,,,,,,,,,,,,,,,,,,,,,,,,,,,,,,,,
37.8496926,126.9644347,벌-개량종,1,2697,6646.0,5619.0,4350.0,5620.0,1173.0,3689.0,5286.0,3139.0,7180.0,7158.0,6660.0,2323.0,8239.0,707.0,4371.0,4395.0,2704.0,3152.0,6100.0,5270.0,405.0,7160.0,5269.0,7714.0,5271.0,8564.0,4372.0,1875.0,1163.0,413.0,4374.0,3675.0,3676.0,7715.0,404.0,4373.0,3677.0,7162.0,3678.0,6071.0,7139.0,5246.0,5296.0,8243.0,1843.0,6629.0,8558.0,6072.0,7707.0,3664.0,7143.0,7138.0,2690.0,4349.0,5253.0,5614.0,396.0,1841.0,8559.0,7286.0,4354.0,6070.0,6074.0,683.0,8228.0,3141.0,3668.0,2697.0,7708.0,3146.0,4414.0,6648.0,5274.0,1161.0,5272.0,5262.0,4365.0,5263.0,5295.0,4376.0,7159.0,6084.0,7150.0,8574.0,3145.0,1895.0,6640.0,4367.0,5264.0,5616.0,6643.0,7713.0,7149.0,5252.0,8232.0,7155.0,4355.0,3673.0,1856.0,6641.0,7200.0,7712.0,3176.0,1147.0,1835.0,7128.0,6619.0,3652.0,7285.0,7127.0,4336.0,3129.0,3651.0,6066.0,1896.0,1877.0,4415.0,2329.0,8244.0,7181.0,5242.0,423.0,6114.0,7201.0,715.0,5294.0,3155.0,2719.0,,,,,,,,,,,,,,,,,,,,,,,,,,,,,,,,,,,,,,,,,,,,,,,,,,,,,,,,,,,,,,,,,,,,,,,,,,,,,,,,,,,,,,,,,,,,,,,,,,,,,,,,,,,,,,,,,,,,,,,,,,,,,,,,,,,,,,,,,,,,,,,,,,,,,,,,,,,,,,,,,,,,,,,,,,,,,,,,,,,,,,,,,,,,,,,,,,,,,,,,,,,,,,,,,,,,,,,,,,,,,,,,,,,,,,,,,,,,,,,,,,,,,,,,,,,,,,,,,,,,,,,,,,,,,,,,,,,,,,,,,,,,,,,,,,,,,,,,,,,,,,,,,,,,,,,,,,,,,,,,,,,,,,,,,,,,,,,,,,,,,,,,,,,,,,,,,,,,,,,,,,,,,,,,
35.9213983,129.1566704,벌-개량종,8,6790,2887.0,831.0,2048.0,5450.0,3986.0,2889.0,834.0,8804.0,833.0,5448.0,5727.0,3984.0,3981.0,830.0,3982.0,5729.0,2049.0,2888.0,3985.0,4816.0,5449.0,5728.0,4580.0,1298.0,1572.0,2046.0,2495.0,2884.0,3342.0,3979.0,4812.0,5445.0,5725.0,6318.0,7247.0,6790.0,8395.0,124.0,824.0,7494.0,7925.0,8798.0,120.0,821.0,1567.0,8791.0,1566.0,3338.0,6784.0,5718.0,7921.0,3972.0,3337.0,2041.0,2489.0,6308.0,8391.0,5719.0,7489.0,6793.0,8805.0,835.0,2050.0,3987.0,6323.0,6794.0,,,,,,,,,,,,,,,,,,,,,,,,,,,,,,,,,,,,,,,,,,,,,,,,,,,,,,,,,,,,,,,,,,,,,,,,,,,,,,,,,,,,,,,,,,,,,,,,,,,,,,,,,,,,,,,,,,,,,,,,,,,,,,,,,,,,,,,,,,,,,,,,,,,,,,,,,,,,,,,,,,,,,,,,,,,,,,,,,,,,,,,,,,,,,,,,,,,,,,,,,,,,,,,,,,,,,,,,,,,,,,,,,,,,,,,,,,,,,,,,,,,,,,,,,,,,,,,,,,,,,,,,,,,,,,,,,,,,,,,,,,,,,,,,,,,,,,,,,,,,,,,,,,,,,,,,,,,,,,,,,,,,,,,,,,,,,,,,,,,,,,,,,,,,,,,,,,,,,,,,,,,,,,,,,,,,,,,,,,,,,,,,,,,,,,,,,,,,,,,,,,,,,,,,,,,,,,,,,,,,,,,,,,,,,,
36.4328334,128.0152246,벌-개량종,100,178,,,,,,,,,,,,,,,,,,,,,,,,,,,,,,,,,,,,,,,,,,,,,,,,,,,,,,,,,,,,,,,,,,,,,,,,,,,,,,,,,,,,,,,,,,,,,,,,,,,,,,,,,,,,,,,,,,,,,,,,,,,,,,,,,,,,,,,,,,,,,,,,,,,,,,,,,,,,,,,,,,,,,,,,,,,,,,,,,,,,,,,,,,,,,,,,,,,,,,,,,,,,,,,,,,,,,,,,,,,,,,,,,,,,,,,,,,,,,,,,,,,,,,,,,,,,,,,,,,,,,,,,,,,,,,,,,,,,,,,,,,,,,,,,,,,,,,,,,,,,,,,,,,,,,,,,,,,,,,,,,,,,,,,,,,,,,,,,,,,,,,,,,,,,,,,,,,,,,,,,,,,,,,,,,,,,,,,,,,,,,,,,,,,,,,,,,,,,,,,,,,,,,,,,,,,,,,,,,,,,,,,,,,,,,,,,,,,,,,,,,,,,,,,,,,,,,,,,,,,,,,,,,,,,,,,,,,,,,,,,,,,,,,,,,,,,,,,,
35.433975,127.6260086,벌-개량종,80,4575,1280.0,7474.0,2018.0,3934.0,4758.0,788.0,1544.0,2475.0,4765.0,7387.0,475.0,8766.0,6740.0,4575.0,8760.0,6277.0,5423.0,3936.0,5690.0,1278.0,4764.0,8366.0,1539.0,2846.0,7879.0,2849.0,3318.0,792.0,8589.0,1283.0,2356.0,2014.0,89.0,564.0,2847.0,2476.0,1552.0,6756.0,90.0,1540.0,6279.0,565.0,7882.0,6292.0,6742.0,7245.0,3326.0,3320.0,7476.0,5692.0,7880.0,7891.0,99.0,5424.0,7472.0,4779.0,568.0,2480.0,6741.0,,,,,,,,,,,,,,,,,,,,,,,,,,,,,,,,,,,,,,,,,,,,,,,,,,,,,,,,,,,,,,,,,,,,,,,,,,,,,,,,,,,,,,,,,,,,,,,,,,,,,,,,,,,,,,,,,,,,,,,,,,,,,,,,,,,,,,,,,,,,,,,,,,,,,,,,,,,,,,,,,,,,,,,,,,,,,,,,,,,,,,,,,,,,,,,,,,,,,,,,,,,,,,,,,,,,,,,,,,,,,,,,,,,,,,,,,,,,,,,,,,,,,,,,,,,,,,,,,,,,,,,,,,,,,,,,,,,,,,,,,,,,,,,,,,,,,,,,,,,,,,,,,,,,,,,,,,,,,,,,,,,,,,,,,,,,,,,,,,,,,,,,,,,,,,,,,,,,,,,,,,,,,,,,,,,,,,,,,,,,,,,,,,,,,,,,,,,,,,,,,,,,,,,,,,,,,,,,,,,,,,,,,,,,,,,,,,,,,
36.7325426,128.1554979,벌-개량종,3,8851,1355.0,4947.0,1671.0,594.0,5507.0,7267.0,2137.0,8853.0,2542.0,2363.0,4091.0,518.0,916.0,4601.0,6903.0,223.0,2962.0,5801.0,8464.0,8909.0,6432.0,225.0,4095.0,4946.0,2138.0,7564.0,5508.0,1357.0,4602.0,3442.0,1674.0,8036.0,6433.0,8851.0,5805.0,2547.0,2364.0,920.0,,,,,,,,,,,,,,,,,,,,,,,,,,,,,,,,,,,,,,,,,,,,,,,,,,,,,,,,,,,,,,,,,,,,,,,,,,,,,,,,,,,,,,,,,,,,,,,,,,,,,,,,,,,,,,,,,,,,,,,,,,,,,,,,,,,,,,,,,,,,,,,,,,,,,,,,,,,,,,,,,,,,,,,,,,,,,,,,,,,,,,,,,,,,,,,,,,,,,,,,,,,,,,,,,,,,,,,,,,,,,,,,,,,,,,,,,,,,,,,,,,,,,,,,,,,,,,,,,,,,,,,,,,,,,,,,,,,,,,,,,,,,,,,,,,,,,,,,,,,,,,,,,,,,,,,,,,,,,,,,,,,,,,,,,,,,,,,,,,,,,,,,,,,,,,,,,,,,,,,,,,,,,,,,,,,,,,,,,,,,,,,,,,,,,,,,,,,,,,,,,,,,,,,,,,,,,,,,,,,,,,,,,,,,,,,,,,,,,,,,,,,,,,,,,,,,,,,,,,
35.2480059,126.9756866,벌-개량종,1,562,6734.0,7243.0,5419.0,8365.0,3929.0,7465.0,562.0,4754.0,4571.0,66.0,4558.0,8735.0,8350.0,5398.0,2817.0,1515.0,556.0,1981.0,3298.0,4732.0,5670.0,1257.0,6251.0,3909.0,,,,,,,,,,,,,,,,,,,,,,,,,,,,,,,,,,,,,,,,,,,,,,,,,,,,,,,,,,,,,,,,,,,,,,,,,,,,,,,,,,,,,,,,,,,,,,,,,,,,,,,,,,,,,,,,,,,,,,,,,,,,,,,,,,,,,,,,,,,,,,,,,,,,,,,,,,,,,,,,,,,,,,,,,,,,,,,,,,,,,,,,,,,,,,,,,,,,,,,,,,,,,,,,,,,,,,,,,,,,,,,,,,,,,,,,,,,,,,,,,,,,,,,,,,,,,,,,,,,,,,,,,,,,,,,,,,,,,,,,,,,,,,,,,,,,,,,,,,,,,,,,,,,,,,,,,,,,,,,,,,,,,,,,,,,,,,,,,,,,,,,,,,,,,,,,,,,,,,,,,,,,,,,,,,,,,,,,,,,,,,,,,,,,,,,,,,,,,,,,,,,,,,,,,,,,,,,,,,,,,,,,,,,,,,,,,,,,,,,,,,,,,,,,,,,,,,,,,,,,,,,,,,,,,,,,
35.3608443,128.4593874,벌-개량종,1,8900,773.0,1262.0,1986.0,3300.0,3910.0,4735.0,8351.0,5402.0,70.0,1987.0,2453.0,2820.0,5672.0,7851.0,73.0,774.0,2455.0,2823.0,3301.0,1520.0,4738.0,5406.0,6254.0,8352.0,8353.0,775.0,2457.0,3302.0,7457.0,1522.0,1995.0,5409.0,8357.0,779.0,2459.0,8739.0,1523.0,3915.0,5678.0,4741.0,778.0,1264.0,8740.0,4559.0,1263.0,5677.0,1996.0,6257.0,7857.0,1997.0,3304.0,1998.0,1524.0,3916.0,4560.0,2460.0,3303.0,2826.0,2827.0,5679.0,4561.0,6259.0,8741.0,8742.0,7858.0,6260.0,7461.0,3931.0,7467.0,91.0,794.0,3319.0,7471.0,8371.0,94.0,8374.0,6747.0,4737.0,5404.0,5673.0,7853.0,4766.0,6726.0,6274.0,8737.0,4577.0,6270.0,7871.0,4750.0,93.0,87.0,1275.0,4760.0,7466.0,3309.0,1268.0,1270.0,1541.0,5420.0,2016.0,8768.0,8765.0,3313.0,1530.0,1279.0,2850.0,2845.0,8900.0,7469.0,1277.0,84.0,6735.0,791.0,7876.0,2010.0,92.0,3937.0,8751.0,785.0,1542.0,4576.0,4767.0,3321.0,4567.0,3930.0,3322.0,4768.0,795.0,6280.0,3941.0,5425.0,2851.0,8769.0,5693.0,7883.0,2017.0,7884.0,3942.0,1543.0,7473.0,2852.0,3323.0,5694.0,6281.0,6743.0,7885.0,6284.0,6746.0,7886.0,8771.0,3945.0,6749.0,,,,,,,,,,,,,,,,,,,,,,,,,,,,,,,,,,,,,,,,,,,,,,,,,,,,,,,,,,,,,,,,,,,,,,,,,,,,,,,,,,,,,,,,,,,,,,,,,,,,,,,,,,,,,,,,,,,,,,,,,,,,,,,,,,,,,,,,,,,,,,,,,,,,,,,,,,,,,,,,,,,,,,,,,,,,,,,,,,,,,,,,,,,,,,,,,,,,,,,,,,,,,,,,,,,,,,,,,,,,,,,,,,,,,,,,,,,,,,,,,,,,,,,,,,,,,,,,,,,,,,,,,,,,,,,,,,,,,,,,,,,,,,,,,,,,,,,,,,,,,,,,,,,,,,,,,,,,,,,,,,,,,,,,,,,,,,,,,,,,,,,,
35.2164841,126.5568892,벌-개량종,100,1991,7856.0,776.0,6255.0,6256.0,4740.0,5408.0,3913.0,7458.0,1989.0,2822.0,1991.0,3907.0,7852.0,5403.0,5400.0,2824.0,72.0,469.0,4733.0,2818.0,6253.0,7854.0,1985.0,69.0,1984.0,4734.0,1990.0,68.0,1983.0,5401.0,7849.0,1988.0,2821.0,6727.0,71.0,1518.0,6731.0,7864.0,6262.0,2828.0,5411.0,7860.0,2462.0,8743.0,470.0,2829.0,5412.0,6245.0,8346.0,7317.0,4565.0,8744.0,2464.0,2465.0,7462.0,3918.0,6265.0,2836.0,2830.0,2837.0,6243.0,2831.0,4731.0,2838.0,4557.0,8732.0,6249.0,7863.0,4747.0,2006.0,7870.0,2001.0,5416.0,2003.0,5683.0,77.0,7845.0,2834.0,6248.0,5414.0,6730.0,7464.0,8348.0,79.0,7868.0,3310.0,1528.0,6264.0,7454.0,4563.0,6246.0,8749.0,8359.0,,,,,,,,,,,,,,,,,,,,,,,,,,,,,,,,,,,,,,,,,,,,,,,,,,,,,,,,,,,,,,,,,,,,,,,,,,,,,,,,,,,,,,,,,,,,,,,,,,,,,,,,,,,,,,,,,,,,,,,,,,,,,,,,,,,,,,,,,,,,,,,,,,,,,,,,,,,,,,,,,,,,,,,,,,,,,,,,,,,,,,,,,,,,,,,,,,,,,,,,,,,,,,,,,,,,,,,,,,,,,,,,,,,,,,,,,,,,,,,,,,,,,,,,,,,,,,,,,,,,,,,,,,,,,,,,,,,,,,,,,,,,,,,,,,,,,,,,,,,,,,,,,,,,,,,,,,,,,,,,,,,,,,,,,,,,,,,,,,,,,,,,,,,,,,,,,,,,,,,,,,,,,,,,,,,,,,,,,,,,,,,,,,,,,,,,,,,,,,,,,,,
37.2140877,129.3262249,벌-개량종,51,8872,1757.0,2221.0,5936.0,2193.0,8111.0,6492.0,7271.0,6968.0,8872.0,1733.0,291.0,6980.0,1391.0,8597.0,4170.0,5060.0,,,,,,,,,,,,,,,,,,,,,,,,,,,,,,,,,,,,,,,,,,,,,,,,,,,,,,,,,,,,,,,,,,,,,,,,,,,,,,,,,,,,,,,,,,,,,,,,,,,,,,,,,,,,,,,,,,,,,,,,,,,,,,,,,,,,,,,,,,,,,,,,,,,,,,,,,,,,,,,,,,,,,,,,,,,,,,,,,,,,,,,,,,,,,,,,,,,,,,,,,,,,,,,,,,,,,,,,,,,,,,,,,,,,,,,,,,,,,,,,,,,,,,,,,,,,,,,,,,,,,,,,,,,,,,,,,,,,,,,,,,,,,,,,,,,,,,,,,,,,,,,,,,,,,,,,,,,,,,,,,,,,,,,,,,,,,,,,,,,,,,,,,,,,,,,,,,,,,,,,,,,,,,,,,,,,,,,,,,,,,,,,,,,,,,,,,,,,,,,,,,,,,,,,,,,,,,,,,,,,,,,,,,,,,,,,,,,,,,,,,,,,,,,,,,,,,,,,,,,,,,,,,,,,,,,,,,,,,,,,
37.8708318,126.9915122,벌-개량종,1,5295,5619.0,4350.0,5620.0,1173.0,3689.0,5286.0,3139.0,7180.0,6660.0,2323.0,8239.0,707.0,4395.0,2704.0,3152.0,6100.0,1875.0,413.0,6071.0,7139.0,5246.0,5296.0,8243.0,1843.0,6629.0,8558.0,6072.0,7707.0,3664.0,7143.0,7138.0,2690.0,4349.0,5253.0,5614.0,396.0,1841.0,8559.0,7286.0,4354.0,6070.0,6074.0,683.0,8228.0,3141.0,3668.0,2697.0,7708.0,3146.0,4414.0,6648.0,5274.0,1161.0,5272.0,5262.0,4365.0,5263.0,5295.0,4376.0,7159.0,6084.0,7150.0,8574.0,3145.0,1895.0,6640.0,4367.0,5264.0,5616.0,6643.0,7713.0,7149.0,5252.0,8232.0,7155.0,4355.0,3673.0,1856.0,6641.0,7200.0,7712.0,7128.0,6619.0,3652.0,6066.0,1896.0,1877.0,4415.0,2329.0,8244.0,7181.0,5242.0,423.0,6114.0,7201.0,715.0,5294.0,3155.0,2719.0,,,,,,,,,,,,,,,,,,,,,,,,,,,,,,,,,,,,,,,,,,,,,,,,,,,,,,,,,,,,,,,,,,,,,,,,,,,,,,,,,,,,,,,,,,,,,,,,,,,,,,,,,,,,,,,,,,,,,,,,,,,,,,,,,,,,,,,,,,,,,,,,,,,,,,,,,,,,,,,,,,,,,,,,,,,,,,,,,,,,,,,,,,,,,,,,,,,,,,,,,,,,,,,,,,,,,,,,,,,,,,,,,,,,,,,,,,,,,,,,,,,,,,,,,,,,,,,,,,,,,,,,,,,,,,,,,,,,,,,,,,,,,,,,,,,,,,,,,,,,,,,,,,,,,,,,,,,,,,,,,,,,,,,,,,,,,,,,,,,,,,,,,,,,,,,,,,,,,,,,,,,,,,,,,,,,,,,,,,,,,,,,,,,,,,,,,,,,,
35.6618261,129.4303147,벌-개량종,50,569,566.0,2858.0,2025.0,3949.0,4778.0,5430.0,5702.0,6290.0,6755.0,8776.0,108.0,1556.0,2027.0,2862.0,3951.0,4782.0,5431.0,6294.0,6759.0,7903.0,8778.0,569.0,806.0,1557.0,2028.0,2864.0,3331.0,3952.0,4785.0,5432.0,5705.0,6300.0,7911.0,810.0,2871.0,6295.0,6767.0,5434.0,7904.0,3959.0,6762.0,2033.0,8786.0,4790.0,8779.0,8792.0,3971.0,8390.0,7490.0,6309.0,4804.0,6307.0,6316.0,6311.0,6783.0,6782.0,820.0,8393.0,8790.0,5717.0,,,,,,,,,,,,,,,,,,,,,,,,,,,,,,,,,,,,,,,,,,,,,,,,,,,,,,,,,,,,,,,,,,,,,,,,,,,,,,,,,,,,,,,,,,,,,,,,,,,,,,,,,,,,,,,,,,,,,,,,,,,,,,,,,,,,,,,,,,,,,,,,,,,,,,,,,,,,,,,,,,,,,,,,,,,,,,,,,,,,,,,,,,,,,,,,,,,,,,,,,,,,,,,,,,,,,,,,,,,,,,,,,,,,,,,,,,,,,,,,,,,,,,,,,,,,,,,,,,,,,,,,,,,,,,,,,,,,,,,,,,,,,,,,,,,,,,,,,,,,,,,,,,,,,,,,,,,,,,,,,,,,,,,,,,,,,,,,,,,,,,,,,,,,,,,,,,,,,,,,,,,,,,,,,,,,,,,,,,,,,,,,,,,,,,,,,,,,,,,,,,,,,,,,,,,,,,,,,,,,,,,,,,,,,,,,,,,,
35.0389006,126.9988465,벌-개량종,1,6717,59.0,4555.0,62.0,61.0,5395.0,1512.0,6239.0,60.0,8342.0,4730.0,4729.0,4728.0,3902.0,8336.0,7842.0,5396.0,3903.0,6238.0,2805.0,1971.0,5390.0,5659.0,46.0,7822.0,4707.0,8711.0,47.0,7823.0,4704.0,8717.0,8719.0,48.0,7824.0,4714.0,6717.0,1498.0,555.0,8343.0,4556.0,6722.0,8345.0,8344.0,66.0,7847.0,8735.0,8350.0,5398.0,2817.0,1515.0,1981.0,5670.0,6251.0,,,,,,,,,,,,,,,,,,,,,,,,,,,,,,,,,,,,,,,,,,,,,,,,,,,,,,,,,,,,,,,,,,,,,,,,,,,,,,,,,,,,,,,,,,,,,,,,,,,,,,,,,,,,,,,,,,,,,,,,,,,,,,,,,,,,,,,,,,,,,,,,,,,,,,,,,,,,,,,,,,,,,,,,,,,,,,,,,,,,,,,,,,,,,,,,,,,,,,,,,,,,,,,,,,,,,,,,,,,,,,,,,,,,,,,,,,,,,,,,,,,,,,,,,,,,,,,,,,,,,,,,,,,,,,,,,,,,,,,,,,,,,,,,,,,,,,,,,,,,,,,,,,,,,,,,,,,,,,,,,,,,,,,,,,,,,,,,,,,,,,,,,,,,,,,,,,,,,,,,,,,,,,,,,,,,,,,,,,,,,,,,,,,,,,,,,,,,,,,,,,,,,,,,,,,,,,,,,,,,,,,,,,,,,,,,,,,,,,,,,,,,
37.7072744,128.9161633,벌-개량종,60,2666,8206.0,2293.0,2666.0,2664.0,668.0,8605.0,4303.0,4304.0,6018.0,6602.0,6015.0,7106.0,7704.0,2677.0,7102.0,7695.0,6616.0,6033.0,,,,,,,,,,,,,,,,,,,,,,,,,,,,,,,,,,,,,,,,,,,,,,,,,,,,,,,,,,,,,,,,,,,,,,,,,,,,,,,,,,,,,,,,,,,,,,,,,,,,,,,,,,,,,,,,,,,,,,,,,,,,,,,,,,,,,,,,,,,,,,,,,,,,,,,,,,,,,,,,,,,,,,,,,,,,,,,,,,,,,,,,,,,,,,,,,,,,,,,,,,,,,,,,,,,,,,,,,,,,,,,,,,,,,,,,,,,,,,,,,,,,,,,,,,,,,,,,,,,,,,,,,,,,,,,,,,,,,,,,,,,,,,,,,,,,,,,,,,,,,,,,,,,,,,,,,,,,,,,,,,,,,,,,,,,,,,,,,,,,,,,,,,,,,,,,,,,,,,,,,,,,,,,,,,,,,,,,,,,,,,,,,,,,,,,,,,,,,,,,,,,,,,,,,,,,,,,,,,,,,,,,,,,,,,,,,,,,,,,,,,,,,,,,,,,,,,,,,,,,,,,,,,,,,,,,,,,,,,
37.4392596,129.1784042,벌-개량종,40,1428,5982.0,5173.0,1093.0,3611.0,2270.0,2646.0,1803.0,1796.0,6585.0,6579.0,8533.0,8532.0,1428.0,356.0,350.0,7063.0,8184.0,8882.0,8881.0,2641.0,2263.0,4277.0,5183.0,1430.0,7668.0,,,,,,,,,,,,,,,,,,,,,,,,,,,,,,,,,,,,,,,,,,,,,,,,,,,,,,,,,,,,,,,,,,,,,,,,,,,,,,,,,,,,,,,,,,,,,,,,,,,,,,,,,,,,,,,,,,,,,,,,,,,,,,,,,,,,,,,,,,,,,,,,,,,,,,,,,,,,,,,,,,,,,,,,,,,,,,,,,,,,,,,,,,,,,,,,,,,,,,,,,,,,,,,,,,,,,,,,,,,,,,,,,,,,,,,,,,,,,,,,,,,,,,,,,,,,,,,,,,,,,,,,,,,,,,,,,,,,,,,,,,,,,,,,,,,,,,,,,,,,,,,,,,,,,,,,,,,,,,,,,,,,,,,,,,,,,,,,,,,,,,,,,,,,,,,,,,,,,,,,,,,,,,,,,,,,,,,,,,,,,,,,,,,,,,,,,,,,,,,,,,,,,,,,,,,,,,,,,,,,,,,,,,,,,,,,,,,,,,,,,,,,,,,,,,,,,,,,,,,,,,,,,,,,,,,
37.2140877,129.3262249,벌-개량종,20,8872,1757.0,2221.0,5936.0,2193.0,8111.0,6492.0,7271.0,6968.0,8872.0,1733.0,291.0,6980.0,1391.0,8597.0,4170.0,5060.0,,,,,,,,,,,,,,,,,,,,,,,,,,,,,,,,,,,,,,,,,,,,,,,,,,,,,,,,,,,,,,,,,,,,,,,,,,,,,,,,,,,,,,,,,,,,,,,,,,,,,,,,,,,,,,,,,,,,,,,,,,,,,,,,,,,,,,,,,,,,,,,,,,,,,,,,,,,,,,,,,,,,,,,,,,,,,,,,,,,,,,,,,,,,,,,,,,,,,,,,,,,,,,,,,,,,,,,,,,,,,,,,,,,,,,,,,,,,,,,,,,,,,,,,,,,,,,,,,,,,,,,,,,,,,,,,,,,,,,,,,,,,,,,,,,,,,,,,,,,,,,,,,,,,,,,,,,,,,,,,,,,,,,,,,,,,,,,,,,,,,,,,,,,,,,,,,,,,,,,,,,,,,,,,,,,,,,,,,,,,,,,,,,,,,,,,,,,,,,,,,,,,,,,,,,,,,,,,,,,,,,,,,,,,,,,,,,,,,,,,,,,,,,,,,,,,,,,,,,,,,,,,,,,,,,,,,,,,,,,,
37.2340491,129.1662579,벌-개량종,80,5936,4174.0,620.0,4175.0,622.0,5876.0,6977.0,5878.0,623.0,993.0,2586.0,4179.0,5879.0,6978.0,1736.0,2587.0,5881.0,6979.0,8943.0,1737.0,2589.0,2590.0,1740.0,6499.0,4205.0,4183.0,1752.0,6525.0,7634.0,7627.0,5128.0,4225.0,7035.0,2239.0,3080.0,7405.0,6532.0,4211.0,2618.0,8160.0,1416.0,5947.0,644.0,7655.0,1411.0,5569.0,1754.0,634.0,4240.0,329.0,5138.0,1058.0,5917.0,2599.0,1027.0,7004.0,8513.0,7402.0,527.0,5882.0,5875.0,7668.0,2581.0,2582.0,7270.0,5865.0,4166.0,985.0,2190.0,1735.0,8103.0,1757.0,5870.0,4176.0,2196.0,5869.0,5872.0,2191.0,2578.0,2221.0,2577.0,5936.0,7639.0,986.0,6974.0,7623.0,2193.0,8111.0,5863.0,6492.0,7271.0,6968.0,8872.0,2576.0,992.0,281.0,5857.0,2188.0,6498.0,618.0,2583.0,1733.0,2573.0,291.0,6980.0,8095.0,1391.0,8597.0,5868.0,5864.0,8870.0,4170.0,5051.0,5060.0,,,,,,,,,,,,,,,,,,,,,,,,,,,,,,,,,,,,,,,,,,,,,,,,,,,,,,,,,,,,,,,,,,,,,,,,,,,,,,,,,,,,,,,,,,,,,,,,,,,,,,,,,,,,,,,,,,,,,,,,,,,,,,,,,,,,,,,,,,,,,,,,,,,,,,,,,,,,,,,,,,,,,,,,,,,,,,,,,,,,,,,,,,,,,,,,,,,,,,,,,,,,,,,,,,,,,,,,,,,,,,,,,,,,,,,,,,,,,,,,,,,,,,,,,,,,,,,,,,,,,,,,,,,,,,,,,,,,,,,,,,,,,,,,,,,,,,,,,,,,,,,,,,,,,,,,,,,,,,,,,,,,,,,,,,,,,,,,,,,,,,,,,,,,,,,,,,,,,,,,,,,,,,,,,,,,,,,,,,,,,,,
37.3608544,129.1989029,벌-개량종,150,7668,5982.0,5173.0,1093.0,3611.0,1416.0,2270.0,2646.0,1803.0,1796.0,6585.0,6579.0,8533.0,8532.0,1428.0,356.0,350.0,7063.0,8184.0,8882.0,8881.0,2641.0,2263.0,4277.0,5183.0,527.0,1430.0,7668.0,5936.0,,,,,,,,,,,,,,,,,,,,,,,,,,,,,,,,,,,,,,,,,,,,,,,,,,,,,,,,,,,,,,,,,,,,,,,,,,,,,,,,,,,,,,,,,,,,,,,,,,,,,,,,,,,,,,,,,,,,,,,,,,,,,,,,,,,,,,,,,,,,,,,,,,,,,,,,,,,,,,,,,,,,,,,,,,,,,,,,,,,,,,,,,,,,,,,,,,,,,,,,,,,,,,,,,,,,,,,,,,,,,,,,,,,,,,,,,,,,,,,,,,,,,,,,,,,,,,,,,,,,,,,,,,,,,,,,,,,,,,,,,,,,,,,,,,,,,,,,,,,,,,,,,,,,,,,,,,,,,,,,,,,,,,,,,,,,,,,,,,,,,,,,,,,,,,,,,,,,,,,,,,,,,,,,,,,,,,,,,,,,,,,,,,,,,,,,,,,,,,,,,,,,,,,,,,,,,,,,,,,,,,,,,,,,,,,,,,,,,,,,,,,,,,,,,,,,,,,,,,,,,,,,,,,,
37.5847694,128.6407562,벌-개량종,40,1131,2282.0,665.0,2654.0,4294.0,6597.0,7089.0,7686.0,2655.0,2658.0,4325.0,7113.0,4322.0,2682.0,677.0,664.0,7684.0,5996.0,8600.0,1116.0,666.0,2650.0,2660.0,8206.0,2293.0,2661.0,2666.0,2664.0,668.0,8605.0,4303.0,8603.0,4304.0,8602.0,6018.0,1126.0,1119.0,1117.0,6005.0,6007.0,6602.0,8601.0,8604.0,6003.0,6015.0,6019.0,8606.0,1822.0,1130.0,2673.0,6024.0,8544.0,8608.0,1131.0,2674.0,6025.0,8545.0,8609.0,671.0,2675.0,4312.0,1132.0,3114.0,3636.0,6027.0,6605.0,7100.0,7694.0,672.0,1133.0,2676.0,6028.0,8610.0,7106.0,5632.0,8612.0,7704.0,6029.0,8548.0,673.0,8546.0,674.0,2677.0,6041.0,8614.0,7102.0,7695.0,6032.0,675.0,6034.0,4317.0,6616.0,1138.0,8615.0,1137.0,8611.0,1136.0,6035.0,1134.0,6033.0,6052.0,6040.0,6038.0,7112.0,7700.0,6039.0,2680.0,2681.0,2689.0,2679.0,676.0,6608.0,2678.0,6610.0,6617.0,6064.0,2683.0,4318.0,1152.0,1140.0,1139.0,2684.0,,,,,,,,,,,,,,,,,,,,,,,,,,,,,,,,,,,,,,,,,,,,,,,,,,,,,,,,,,,,,,,,,,,,,,,,,,,,,,,,,,,,,,,,,,,,,,,,,,,,,,,,,,,,,,,,,,,,,,,,,,,,,,,,,,,,,,,,,,,,,,,,,,,,,,,,,,,,,,,,,,,,,,,,,,,,,,,,,,,,,,,,,,,,,,,,,,,,,,,,,,,,,,,,,,,,,,,,,,,,,,,,,,,,,,,,,,,,,,,,,,,,,,,,,,,,,,,,,,,,,,,,,,,,,,,,,,,,,,,,,,,,,,,,,,,,,,,,,,,,,,,,,,,,,,,,,,,,,,,,,,,,,,,,,,,,,,,,,,,,,,,,,,,,,,,,,,,,,,,,,,,,,,,,,,,,,,,
37.5847694,128.6407562,벌-개량종,30,1131,2282.0,665.0,2654.0,4294.0,6597.0,7089.0,7686.0,2655.0,2658.0,4325.0,7113.0,4322.0,2682.0,677.0,664.0,7684.0,5996.0,8600.0,1116.0,666.0,2650.0,2660.0,8206.0,2293.0,2661.0,2666.0,2664.0,668.0,8605.0,4303.0,8603.0,4304.0,8602.0,6018.0,1126.0,1119.0,1117.0,6005.0,6007.0,6602.0,8601.0,8604.0,6003.0,6015.0,6019.0,8606.0,1822.0,1130.0,2673.0,6024.0,8544.0,8608.0,1131.0,2674.0,6025.0,8545.0,8609.0,671.0,2675.0,4312.0,1132.0,3114.0,3636.0,6027.0,6605.0,7100.0,7694.0,672.0,1133.0,2676.0,6028.0,8610.0,7106.0,5632.0,8612.0,7704.0,6029.0,8548.0,673.0,8546.0,674.0,2677.0,6041.0,8614.0,7102.0,7695.0,6032.0,675.0,6034.0,4317.0,6616.0,1138.0,8615.0,1137.0,8611.0,1136.0,6035.0,1134.0,6033.0,6052.0,6040.0,6038.0,7112.0,7700.0,6039.0,2680.0,2681.0,2689.0,2679.0,676.0,6608.0,2678.0,6610.0,6617.0,6064.0,2683.0,4318.0,1152.0,1140.0,1139.0,2684.0,,,,,,,,,,,,,,,,,,,,,,,,,,,,,,,,,,,,,,,,,,,,,,,,,,,,,,,,,,,,,,,,,,,,,,,,,,,,,,,,,,,,,,,,,,,,,,,,,,,,,,,,,,,,,,,,,,,,,,,,,,,,,,,,,,,,,,,,,,,,,,,,,,,,,,,,,,,,,,,,,,,,,,,,,,,,,,,,,,,,,,,,,,,,,,,,,,,,,,,,,,,,,,,,,,,,,,,,,,,,,,,,,,,,,,,,,,,,,,,,,,,,,,,,,,,,,,,,,,,,,,,,,,,,,,,,,,,,,,,,,,,,,,,,,,,,,,,,,,,,,,,,,,,,,,,,,,,,,,,,,,,,,,,,,,,,,,,,,,,,,,,,,,,,,,,,,,,,,,,,,,,,,,,,,,,,,,,
37.5847694,128.6407562,벌-개량종,29,1131,2282.0,665.0,2654.0,4294.0,6597.0,7089.0,7686.0,2655.0,2658.0,4325.0,7113.0,4322.0,2682.0,677.0,664.0,7684.0,5996.0,8600.0,1116.0,666.0,2650.0,2660.0,8206.0,2293.0,2661.0,2666.0,2664.0,668.0,8605.0,4303.0,8603.0,4304.0,8602.0,6018.0,1126.0,1119.0,1117.0,6005.0,6007.0,6602.0,8601.0,8604.0,6003.0,6015.0,6019.0,8606.0,1822.0,1130.0,2673.0,6024.0,8544.0,8608.0,1131.0,2674.0,6025.0,8545.0,8609.0,671.0,2675.0,4312.0,1132.0,3114.0,3636.0,6027.0,6605.0,7100.0,7694.0,672.0,1133.0,2676.0,6028.0,8610.0,7106.0,5632.0,8612.0,7704.0,6029.0,8548.0,673.0,8546.0,674.0,2677.0,6041.0,8614.0,7102.0,7695.0,6032.0,675.0,6034.0,4317.0,6616.0,1138.0,8615.0,1137.0,8611.0,1136.0,6035.0,1134.0,6033.0,6052.0,6040.0,6038.0,7112.0,7700.0,6039.0,2680.0,2681.0,2689.0,2679.0,676.0,6608.0,2678.0,6610.0,6617.0,6064.0,2683.0,4318.0,1152.0,1140.0,1139.0,2684.0,,,,,,,,,,,,,,,,,,,,,,,,,,,,,,,,,,,,,,,,,,,,,,,,,,,,,,,,,,,,,,,,,,,,,,,,,,,,,,,,,,,,,,,,,,,,,,,,,,,,,,,,,,,,,,,,,,,,,,,,,,,,,,,,,,,,,,,,,,,,,,,,,,,,,,,,,,,,,,,,,,,,,,,,,,,,,,,,,,,,,,,,,,,,,,,,,,,,,,,,,,,,,,,,,,,,,,,,,,,,,,,,,,,,,,,,,,,,,,,,,,,,,,,,,,,,,,,,,,,,,,,,,,,,,,,,,,,,,,,,,,,,,,,,,,,,,,,,,,,,,,,,,,,,,,,,,,,,,,,,,,,,,,,,,,,,,,,,,,,,,,,,,,,,,,,,,,,,,,,,,,,,,,,,,,,,,,,
37.7376414,128.875436,벌-개량종,20,6616,8206.0,2293.0,2666.0,2664.0,668.0,8605.0,4303.0,4304.0,6018.0,6602.0,6015.0,7106.0,7704.0,2677.0,7102.0,7695.0,6616.0,6033.0,6052.0,6617.0,,,,,,,,,,,,,,,,,,,,,,,,,,,,,,,,,,,,,,,,,,,,,,,,,,,,,,,,,,,,,,,,,,,,,,,,,,,,,,,,,,,,,,,,,,,,,,,,,,,,,,,,,,,,,,,,,,,,,,,,,,,,,,,,,,,,,,,,,,,,,,,,,,,,,,,,,,,,,,,,,,,,,,,,,,,,,,,,,,,,,,,,,,,,,,,,,,,,,,,,,,,,,,,,,,,,,,,,,,,,,,,,,,,,,,,,,,,,,,,,,,,,,,,,,,,,,,,,,,,,,,,,,,,,,,,,,,,,,,,,,,,,,,,,,,,,,,,,,,,,,,,,,,,,,,,,,,,,,,,,,,,,,,,,,,,,,,,,,,,,,,,,,,,,,,,,,,,,,,,,,,,,,,,,,,,,,,,,,,,,,,,,,,,,,,,,,,,,,,,,,,,,,,,,,,,,,,,,,,,,,,,,,,,,,,,,,,,,,,,,,,,,,,,,,,,,,,,,,,,,,,,,,,,,,,,,,,,,
36.8072658,127.4319402,벌-개량종,400,239,6930.0,1693.0,932.0,4119.0,6932.0,244.0,4989.0,3471.0,2156.0,6927.0,252.0,6456.0,2990.0,4121.0,4987.0,8066.0,3475.0,935.0,6933.0,1698.0,5525.0,5828.0,4128.0,4996.0,6926.0,4118.0,929.0,1690.0,2154.0,3468.0,4116.0,4983.0,8056.0,2993.0,930.0,5518.0,928.0,521.0,6451.0,2987.0,7576.0,8474.0,6921.0,5821.0,2555.0,3467.0,4982.0,243.0,6929.0,8061.0,2153.0,239.0,1689.0,4111.0,8055.0,235.0,8858.0,,,,,,,,,,,,,,,,,,,,,,,,,,,,,,,,,,,,,,,,,,,,,,,,,,,,,,,,,,,,,,,,,,,,,,,,,,,,,,,,,,,,,,,,,,,,,,,,,,,,,,,,,,,,,,,,,,,,,,,,,,,,,,,,,,,,,,,,,,,,,,,,,,,,,,,,,,,,,,,,,,,,,,,,,,,,,,,,,,,,,,,,,,,,,,,,,,,,,,,,,,,,,,,,,,,,,,,,,,,,,,,,,,,,,,,,,,,,,,,,,,,,,,,,,,,,,,,,,,,,,,,,,,,,,,,,,,,,,,,,,,,,,,,,,,,,,,,,,,,,,,,,,,,,,,,,,,,,,,,,,,,,,,,,,,,,,,,,,,,,,,,,,,,,,,,,,,,,,,,,,,,,,,,,,,,,,,,,,,,,,,,,,,,,,,,,,,,,,,,,,,,,,,,,,,,,,,,,,,,,,,,,,,,,,,,,,,,,,,,
35.4196814,127.6117698,벌-개량종,15,475,1280.0,7474.0,2018.0,3934.0,4758.0,788.0,1544.0,2475.0,4765.0,7387.0,475.0,8766.0,6740.0,4575.0,8760.0,6277.0,5423.0,3936.0,5690.0,1278.0,4764.0,8366.0,1539.0,2846.0,7879.0,2849.0,3318.0,792.0,8589.0,1283.0,2356.0,2014.0,89.0,564.0,2847.0,2476.0,1552.0,6756.0,90.0,1540.0,6279.0,565.0,7882.0,6292.0,6742.0,7245.0,3326.0,3320.0,7476.0,5692.0,7880.0,7891.0,99.0,5424.0,7472.0,4779.0,568.0,2480.0,6741.0,,,,,,,,,,,,,,,,,,,,,,,,,,,,,,,,,,,,,,,,,,,,,,,,,,,,,,,,,,,,,,,,,,,,,,,,,,,,,,,,,,,,,,,,,,,,,,,,,,,,,,,,,,,,,,,,,,,,,,,,,,,,,,,,,,,,,,,,,,,,,,,,,,,,,,,,,,,,,,,,,,,,,,,,,,,,,,,,,,,,,,,,,,,,,,,,,,,,,,,,,,,,,,,,,,,,,,,,,,,,,,,,,,,,,,,,,,,,,,,,,,,,,,,,,,,,,,,,,,,,,,,,,,,,,,,,,,,,,,,,,,,,,,,,,,,,,,,,,,,,,,,,,,,,,,,,,,,,,,,,,,,,,,,,,,,,,,,,,,,,,,,,,,,,,,,,,,,,,,,,,,,,,,,,,,,,,,,,,,,,,,,,,,,,,,,,,,,,,,,,,,,,,,,,,,,,,,,,,,,,,,,,,,,,,,,,,,,,,
36.3085008,128.2774354,벌-개량종,300,6881,8434.0,6863.0,2101.0,6840.0,8418.0,8422.0,6361.0,8423.0,165.0,1617.0,4041.0,5761.0,7973.0,873.0,6851.0,2092.0,4872.0,6377.0,856.0,8416.0,4036.0,8426.0,179.0,5478.0,8822.0,881.0,8438.0,7992.0,2105.0,2924.0,7542.0,1633.0,6868.0,6391.0,4893.0,5772.0,2914.0,5762.0,7977.0,1325.0,4043.0,4876.0,6883.0,8436.0,1634.0,2095.0,6866.0,180.0,8446.0,1333.0,8432.0,6881.0,8447.0,2106.0,4894.0,5773.0,2920.0,6865.0,7984.0,4049.0,4888.0,880.0,7547.0,4892.0,6869.0,888.0,5770.0,5779.0,8444.0,2932.0,6876.0,8439.0,1337.0,4904.0,5481.0,4060.0,1331.0,2923.0,7991.0,186.0,175.0,2922.0,6402.0,2112.0,2360.0,6393.0,1629.0,,,,,,,,,,,,,,,,,,,,,,,,,,,,,,,,,,,,,,,,,,,,,,,,,,,,,,,,,,,,,,,,,,,,,,,,,,,,,,,,,,,,,,,,,,,,,,,,,,,,,,,,,,,,,,,,,,,,,,,,,,,,,,,,,,,,,,,,,,,,,,,,,,,,,,,,,,,,,,,,,,,,,,,,,,,,,,,,,,,,,,,,,,,,,,,,,,,,,,,,,,,,,,,,,,,,,,,,,,,,,,,,,,,,,,,,,,,,,,,,,,,,,,,,,,,,,,,,,,,,,,,,,,,,,,,,,,,,,,,,,,,,,,,,,,,,,,,,,,,,,,,,,,,,,,,,,,,,,,,,,,,,,,,,,,,,,,,,,,,,,,,,,,,,,,,,,,,,,,,,,,,,,,,,,,,,,,,,,,,,,,,,,,,,,,,,,,,,,,,,,,,,,,,,,
37.2132563,129.0268626,벌-개량종,180,5128,2593.0,7632.0,1030.0,5915.0,5909.0,5902.0,301.0,7650.0,1773.0,643.0,2617.0,4238.0,7032.0,5946.0,6549.0,7656.0,8096.0,3497.0,960.0,5855.0,4156.0,5038.0,2569.0,6950.0,5024.0,1727.0,6956.0,6478.0,610.0,3024.0,1719.0,2570.0,1722.0,7608.0,972.0,6482.0,7610.0,284.0,6490.0,7616.0,4169.0,6491.0,7617.0,4174.0,620.0,4175.0,622.0,5876.0,6977.0,5878.0,623.0,993.0,2586.0,4179.0,5879.0,6978.0,1736.0,2587.0,5881.0,6979.0,8943.0,1737.0,2589.0,2590.0,1740.0,6499.0,4205.0,4183.0,632.0,5907.0,1752.0,2591.0,6525.0,7634.0,7627.0,2594.0,7410.0,5128.0,4225.0,7035.0,2239.0,3080.0,7405.0,6532.0,4211.0,2618.0,8160.0,1416.0,5947.0,644.0,7655.0,1411.0,5569.0,1754.0,634.0,4240.0,329.0,5138.0,1058.0,5917.0,2599.0,1027.0,7004.0,8513.0,7402.0,527.0,5882.0,5875.0,2581.0,2582.0,7270.0,5865.0,4166.0,985.0,2190.0,1735.0,8103.0,1757.0,5870.0,4176.0,2196.0,5869.0,5872.0,2191.0,2578.0,2221.0,2577.0,5936.0,7639.0,986.0,6974.0,7623.0,2193.0,8111.0,5863.0,6492.0,7271.0,6968.0,8872.0,2576.0,992.0,281.0,5857.0,2188.0,6498.0,618.0,2583.0,1733.0,2573.0,291.0,6980.0,1391.0,8597.0,5868.0,5864.0,8870.0,4170.0,5051.0,5060.0,,,,,,,,,,,,,,,,,,,,,,,,,,,,,,,,,,,,,,,,,,,,,,,,,,,,,,,,,,,,,,,,,,,,,,,,,,,,,,,,,,,,,,,,,,,,,,,,,,,,,,,,,,,,,,,,,,,,,,,,,,,,,,,,,,,,,,,,,,,,,,,,,,,,,,,,,,,,,,,,,,,,,,,,,,,,,,,,,,,,,,,,,,,,,,,,,,,,,,,,,,,,,,,,,,,,,,,,,,,,,,,,,,,,,,,,,,,,,,,,,,,,,,,,,,,,,,,,,,,,,,,,,,,,,,,,,,,,,,,,,,,,,,,,,,,,,,,,,,,,,,,,,,,,,,,,,,,,,,,,,,,,,,,,,,,,,,,,,
38.1002164,127.749467,벌-개량종,50,4426,3708.0,4418.0,7726.0,5625.0,1183.0,1904.0,718.0,1182.0,1901.0,6672.0,2724.0,5299.0,1900.0,6116.0,2726.0,8245.0,426.0,3710.0,6675.0,5306.0,8578.0,4422.0,4423.0,2727.0,6677.0,719.0,1906.0,3711.0,4425.0,6678.0,7206.0,5305.0,2720.0,2722.0,7202.0,8572.0,5308.0,1899.0,2723.0,4410.0,7195.0,8573.0,1888.0,1890.0,6669.0,3699.0,6668.0,7199.0,4409.0,6665.0,6664.0,7197.0,3700.0,4407.0,7190.0,3704.0,3705.0,1891.0,8571.0,7724.0,3697.0,1892.0,1893.0,712.0,1894.0,8242.0,422.0,2715.0,7191.0,4411.0,4412.0,3701.0,4408.0,7192.0,3698.0,1887.0,4426.0,4413.0,5307.0,7193.0,7188.0,6109.0,1902.0,4420.0,5302.0,3706.0,7725.0,424.0,1898.0,8575.0,6671.0,716.0,1181.0,7205.0,2746.0,731.0,8586.0,4449.0,1923.0,1201.0,3723.0,2346.0,6697.0,8254.0,3162.0,433.0,7230.0,7736.0,5321.0,6144.0,,,,,,,,,,,,,,,,,,,,,,,,,,,,,,,,,,,,,,,,,,,,,,,,,,,,,,,,,,,,,,,,,,,,,,,,,,,,,,,,,,,,,,,,,,,,,,,,,,,,,,,,,,,,,,,,,,,,,,,,,,,,,,,,,,,,,,,,,,,,,,,,,,,,,,,,,,,,,,,,,,,,,,,,,,,,,,,,,,,,,,,,,,,,,,,,,,,,,,,,,,,,,,,,,,,,,,,,,,,,,,,,,,,,,,,,,,,,,,,,,,,,,,,,,,,,,,,,,,,,,,,,,,,,,,,,,,,,,,,,,,,,,,,,,,,,,,,,,,,,,,,,,,,,,,,,,,,,,,,,,,,,,,,,,,,,,,,,,,,,,,,,,,,,,,,,,,,,,,,,,,,,,,,,,,,,,,,,,,,,,,,,,,
35.5640875,127.2965426,벌-개량종,300,100,6287.0,2024.0,6301.0,1562.0,8383.0,7483.0,7892.0,8376.0,6751.0,4774.0,6768.0,7477.0,100.0,3221.0,7388.0,2855.0,7244.0,3961.0,3327.0,5698.0,3946.0,6772.0,2477.0,6774.0,,,,,,,,,,,,,,,,,,,,,,,,,,,,,,,,,,,,,,,,,,,,,,,,,,,,,,,,,,,,,,,,,,,,,,,,,,,,,,,,,,,,,,,,,,,,,,,,,,,,,,,,,,,,,,,,,,,,,,,,,,,,,,,,,,,,,,,,,,,,,,,,,,,,,,,,,,,,,,,,,,,,,,,,,,,,,,,,,,,,,,,,,,,,,,,,,,,,,,,,,,,,,,,,,,,,,,,,,,,,,,,,,,,,,,,,,,,,,,,,,,,,,,,,,,,,,,,,,,,,,,,,,,,,,,,,,,,,,,,,,,,,,,,,,,,,,,,,,,,,,,,,,,,,,,,,,,,,,,,,,,,,,,,,,,,,,,,,,,,,,,,,,,,,,,,,,,,,,,,,,,,,,,,,,,,,,,,,,,,,,,,,,,,,,,,,,,,,,,,,,,,,,,,,,,,,,,,,,,,,,,,,,,,,,,,,,,,,,,,,,,,,,,,,,,,,,,,,,,,,,,,,,,,,,,,,
35.5640875,127.2965426,벌-개량종,30,100,6287.0,2024.0,6301.0,1562.0,8383.0,7483.0,7892.0,8376.0,6751.0,4774.0,6768.0,7477.0,100.0,3221.0,7388.0,2855.0,7244.0,3961.0,3327.0,5698.0,3946.0,6772.0,2477.0,6774.0,,,,,,,,,,,,,,,,,,,,,,,,,,,,,,,,,,,,,,,,,,,,,,,,,,,,,,,,,,,,,,,,,,,,,,,,,,,,,,,,,,,,,,,,,,,,,,,,,,,,,,,,,,,,,,,,,,,,,,,,,,,,,,,,,,,,,,,,,,,,,,,,,,,,,,,,,,,,,,,,,,,,,,,,,,,,,,,,,,,,,,,,,,,,,,,,,,,,,,,,,,,,,,,,,,,,,,,,,,,,,,,,,,,,,,,,,,,,,,,,,,,,,,,,,,,,,,,,,,,,,,,,,,,,,,,,,,,,,,,,,,,,,,,,,,,,,,,,,,,,,,,,,,,,,,,,,,,,,,,,,,,,,,,,,,,,,,,,,,,,,,,,,,,,,,,,,,,,,,,,,,,,,,,,,,,,,,,,,,,,,,,,,,,,,,,,,,,,,,,,,,,,,,,,,,,,,,,,,,,,,,,,,,,,,,,,,,,,,,,,,,,,,,,,,,,,,,,,,,,,,,,,,,,,,,,,
36.139544,127.7420999,벌-개량종,58,490,6819.0,3372.0,6352.0,8409.0,7518.0,1593.0,8403.0,6332.0,575.0,4003.0,7940.0,140.0,139.0,2058.0,3995.0,7506.0,8808.0,1307.0,4837.0,5457.0,6331.0,7512.0,4828.0,1577.0,1581.0,1584.0,5454.0,3997.0,6336.0,7942.0,3357.0,6335.0,5736.0,5737.0,3362.0,4005.0,6803.0,576.0,3364.0,843.0,6343.0,1582.0,1578.0,2499.0,4838.0,1585.0,842.0,2895.0,3358.0,7504.0,2500.0,483.0,5738.0,485.0,6344.0,6805.0,7513.0,8809.0,844.0,1308.0,2896.0,2501.0,6807.0,2059.0,7948.0,2502.0,5739.0,141.0,1587.0,2060.0,4007.0,4839.0,5458.0,6345.0,7514.0,4008.0,8406.0,2061.0,2073.0,577.0,6813.0,4840.0,2504.0,2064.0,4020.0,6826.0,2065.0,846.0,5747.0,1588.0,3366.0,580.0,4011.0,142.0,6346.0,5740.0,4852.0,4841.0,151.0,3380.0,4009.0,4023.0,6356.0,6365.0,490.0,858.0,6825.0,3377.0,7950.0,3371.0,495.0,1604.0,5466.0,492.0,6820.0,2508.0,4017.0,854.0,1594.0,8420.0,4848.0,2063.0,7516.0,8810.0,850.0,1592.0,2506.0,2076.0,5752.0,862.0,1605.0,6367.0,4860.0,496.0,8421.0,6834.0,6368.0,6835.0,1606.0,6833.0,865.0,3382.0,5744.0,6817.0,3379.0,1600.0,7522.0,4854.0,4021.0,1596.0,1313.0,7974.0,2094.0,6855.0,3392.0,3393.0,6375.0,7976.0,7971.0,2083.0,4038.0,1321.0,1618.0,2091.0,872.0,2912.0,5470.0,6845.0,4865.0,8593.0,4870.0,1611.0,1609.0,869.0,500.0,498.0,4034.0,159.0,162.0,6839.0,6844.0,163.0,3389.0,4868.0,2515.0,2514.0,1319.0,164.0,2085.0,6373.0,6838.0,6850.0,4031.0,5756.0,5757.0,8430.0,2513.0,1613.0,1615.0,7528.0,7531.0,501.0,874.0,1619.0,4042.0,4875.0,5469.0,5763.0,6379.0,6856.0,7532.0,875.0,6857.0,2915.0,2096.0,1322.0,1614.0,4037.0,6376.0,6849.0,2087.0,867.0,2086.0,4032.0,5758.0,1610.0,3390.0,4871.0,5759.0,2088.0,4033.0,7968.0,866.0,2084.0,2908.0,3386.0,4029.0,4864.0,6371.0,7963.0,161.0,2090.0,3391.0,4035.0,5760.0,6836.0,6370.0,497.0,5754.0,4862.0,4028.0,3384.0,2905.0,2082.0,2911.0,2089.0,157.0,868.0,158.0,1621.0,6859.0,3395.0,2097.0,2516.0,8819.0,5765.0,7392.0,4878.0,5471.0,5764.0,504.0,4044.0,5771.0,7539.0,6387.0,1328.0,7537.0,7536.0,6383.0,174.0,6382.0,6386.0,173.0,1626.0,1630.0,176.0,5476.0,4889.0,7535.0,6862.0,4883.0,8904.0,7988.0,3400.0,4051.0,1625.0,1628.0,6867.0,7541.0,1632.0,,,,,,,,,,,,,,,,,,,,,,,,,,,,,,,,,,,,,,,,,,,,,,,,,,,,,,,,,,,,,,,,,,,,,,,,,,,,,,,,,,,,,,,,,,,,,,,,,,,,,,,,,,,,,,,,,,,,,,,,,,,,,,,,,,,,,,,,,,,,,,,,,,,,,,,,,,,,,,,,,,,,,,,,,,,,,,,,,,,,,,,,,,,,,,,,,,,,
36.8494311,127.6500498,벌-개량종,200,4113,5518.0,928.0,521.0,6451.0,2987.0,7576.0,6921.0,5821.0,2555.0,3467.0,4982.0,2153.0,1689.0,4111.0,1362.0,6448.0,1687.0,4976.0,7572.0,8052.0,925.0,1364.0,8910.0,4113.0,927.0,8471.0,8055.0,235.0,8054.0,6920.0,8858.0,3466.0,8936.0,2986.0,6918.0,8470.0,5519.0,6452.0,4115.0,2150.0,5819.0,2151.0,1684.0,2554.0,4980.0,5517.0,233.0,2552.0,3465.0,236.0,5817.0,2983.0,,,,,,,,,,,,,,,,,,,,,,,,,,,,,,,,,,,,,,,,,,,,,,,,,,,,,,,,,,,,,,,,,,,,,,,,,,,,,,,,,,,,,,,,,,,,,,,,,,,,,,,,,,,,,,,,,,,,,,,,,,,,,,,,,,,,,,,,,,,,,,,,,,,,,,,,,,,,,,,,,,,,,,,,,,,,,,,,,,,,,,,,,,,,,,,,,,,,,,,,,,,,,,,,,,,,,,,,,,,,,,,,,,,,,,,,,,,,,,,,,,,,,,,,,,,,,,,,,,,,,,,,,,,,,,,,,,,,,,,,,,,,,,,,,,,,,,,,,,,,,,,,,,,,,,,,,,,,,,,,,,,,,,,,,,,,,,,,,,,,,,,,,,,,,,,,,,,,,,,,,,,,,,,,,,,,,,,,,,,,,,,,,,,,,,,,,,,,,,,,,,,,,,,,,,,,,,,,,,,,,,,,,,,,,,,,,,,,,,,,,,,,
35.4993716,128.3894438,벌-개량종,380,8374,2854.0,97.0,6748.0,7325.0,799.0,7889.0,6286.0,3931.0,7467.0,789.0,5689.0,6276.0,8367.0,1276.0,1536.0,3316.0,7322.0,7470.0,8369.0,8761.0,91.0,794.0,3319.0,7471.0,8371.0,94.0,796.0,6761.0,5427.0,105.0,803.0,1546.0,8373.0,8780.0,3954.0,8374.0,797.0,3955.0,3956.0,6283.0,6747.0,110.0,5695.0,4770.0,1559.0,7475.0,2859.0,2865.0,4787.0,95.0,7479.0,4788.0,807.0,4773.0,1547.0,7899.0,7890.0,6745.0,3325.0,1560.0,7887.0,7480.0,8379.0,6298.0,3944.0,2031.0,2022.0,6297.0,7906.0,808.0,111.0,7907.0,2483.0,8777.0,2023.0,98.0,8772.0,7324.0,1282.0,2866.0,4766.0,6274.0,4577.0,93.0,87.0,1275.0,4760.0,1541.0,5420.0,2016.0,8768.0,8765.0,1279.0,2850.0,2845.0,8900.0,7469.0,1277.0,84.0,791.0,7876.0,2010.0,92.0,3937.0,1542.0,4576.0,4767.0,3321.0,3322.0,4768.0,795.0,6280.0,3941.0,5425.0,2851.0,8769.0,5693.0,7883.0,2017.0,7884.0,3942.0,1543.0,7473.0,2852.0,3323.0,5694.0,6281.0,6743.0,7885.0,6284.0,6746.0,7886.0,8771.0,3945.0,6749.0,7894.0,6289.0,1551.0,,,,,,,,,,,,,,,,,,,,,,,,,,,,,,,,,,,,,,,,,,,,,,,,,,,,,,,,,,,,,,,,,,,,,,,,,,,,,,,,,,,,,,,,,,,,,,,,,,,,,,,,,,,,,,,,,,,,,,,,,,,,,,,,,,,,,,,,,,,,,,,,,,,,,,,,,,,,,,,,,,,,,,,,,,,,,,,,,,,,,,,,,,,,,,,,,,,,,,,,,,,,,,,,,,,,,,,,,,,,,,,,,,,,,,,,,,,,,,,,,,,,,,,,,,,,,,,,,,,,,,,,,,,,,,,,,,,,,,,,,,,,,,,,,,,,,,,,,,,,,,,,,,,,,,,,,,,,,,,,,,,,,,,,,,,,,,,,,,,,,,,,,,,,,,,,,,,,,,
35.7511633,128.6213796,벌-개량종,1,477,8788.0,816.0,8787.0,7484.0,115.0,3963.0,7913.0,4795.0,5710.0,4792.0,1563.0,8384.0,6769.0,5435.0,2872.0,811.0,6303.0,3333.0,477.0,5713.0,1293.0,8795.0,7917.0,4805.0,2492.0,5437.0,2880.0,7923.0,118.0,7922.0,123.0,3975.0,2879.0,6786.0,7924.0,1569.0,3341.0,3340.0,4807.0,8796.0,1570.0,5722.0,5442.0,7492.0,5441.0,6314.0,823.0,6787.0,1294.0,2494.0,5721.0,7493.0,6778.0,8797.0,1295.0,8793.0,7491.0,6312.0,8794.0,6313.0,1568.0,2491.0,122.0,2042.0,6315.0,8392.0,5440.0,5443.0,822.0,5720.0,3973.0,2878.0,1292.0,1296.0,,,,,,,,,,,,,,,,,,,,,,,,,,,,,,,,,,,,,,,,,,,,,,,,,,,,,,,,,,,,,,,,,,,,,,,,,,,,,,,,,,,,,,,,,,,,,,,,,,,,,,,,,,,,,,,,,,,,,,,,,,,,,,,,,,,,,,,,,,,,,,,,,,,,,,,,,,,,,,,,,,,,,,,,,,,,,,,,,,,,,,,,,,,,,,,,,,,,,,,,,,,,,,,,,,,,,,,,,,,,,,,,,,,,,,,,,,,,,,,,,,,,,,,,,,,,,,,,,,,,,,,,,,,,,,,,,,,,,,,,,,,,,,,,,,,,,,,,,,,,,,,,,,,,,,,,,,,,,,,,,,,,,,,,,,,,,,,,,,,,,,,,,,,,,,,,,,,,,,,,,,,,,,,,,,,,,,,,,,,,,,,,,,,,,,,,,,,,,,,,,,,,,,,,,,,,,,,,,,,,,,
34.9916145,126.9880128,벌-개량종,1,6717,3877.0,8331.0,59.0,4555.0,41.0,62.0,61.0,5395.0,1512.0,6239.0,60.0,1967.0,8342.0,4730.0,4729.0,4728.0,3902.0,8336.0,7842.0,43.0,7820.0,553.0,2429.0,1968.0,5386.0,8709.0,8707.0,4705.0,5396.0,3903.0,6238.0,1969.0,8332.0,2805.0,1971.0,5390.0,5659.0,46.0,7822.0,4707.0,8711.0,47.0,7823.0,2803.0,6226.0,7819.0,4704.0,8717.0,8719.0,48.0,7824.0,4714.0,6717.0,1498.0,555.0,8343.0,4556.0,6722.0,8345.0,8344.0,,,,,,,,,,,,,,,,,,,,,,,,,,,,,,,,,,,,,,,,,,,,,,,,,,,,,,,,,,,,,,,,,,,,,,,,,,,,,,,,,,,,,,,,,,,,,,,,,,,,,,,,,,,,,,,,,,,,,,,,,,,,,,,,,,,,,,,,,,,,,,,,,,,,,,,,,,,,,,,,,,,,,,,,,,,,,,,,,,,,,,,,,,,,,,,,,,,,,,,,,,,,,,,,,,,,,,,,,,,,,,,,,,,,,,,,,,,,,,,,,,,,,,,,,,,,,,,,,,,,,,,,,,,,,,,,,,,,,,,,,,,,,,,,,,,,,,,,,,,,,,,,,,,,,,,,,,,,,,,,,,,,,,,,,,,,,,,,,,,,,,,,,,,,,,,,,,,,,,,,,,,,,,,,,,,,,,,,,,,,,,,,,,,,,,,,,,,,,,,,,,,,,,,,,,,,,,,,,,,,,,,,,,,,,,,,,,,,
36.8120935,128.6416647,벌-개량종,1,241,6934.0,6919.0,8067.0,8481.0,3474.0,1696.0,6462.0,2998.0,600.0,4977.0,2367.0,4994.0,7586.0,8053.0,4127.0,6450.0,1685.0,234.0,1368.0,2553.0,251.0,8068.0,6463.0,2551.0,6449.0,2368.0,6925.0,7587.0,926.0,4129.0,1697.0,241.0,7579.0,4986.0,5823.0,4978.0,4997.0,8059.0,2557.0,936.0,8860.0,7574.0,4112.0,1686.0,5818.0,2984.0,5829.0,2992.0,3464.0,1692.0,7401.0,2158.0,2999.0,941.0,,,,,,,,,,,,,,,,,,,,,,,,,,,,,,,,,,,,,,,,,,,,,,,,,,,,,,,,,,,,,,,,,,,,,,,,,,,,,,,,,,,,,,,,,,,,,,,,,,,,,,,,,,,,,,,,,,,,,,,,,,,,,,,,,,,,,,,,,,,,,,,,,,,,,,,,,,,,,,,,,,,,,,,,,,,,,,,,,,,,,,,,,,,,,,,,,,,,,,,,,,,,,,,,,,,,,,,,,,,,,,,,,,,,,,,,,,,,,,,,,,,,,,,,,,,,,,,,,,,,,,,,,,,,,,,,,,,,,,,,,,,,,,,,,,,,,,,,,,,,,,,,,,,,,,,,,,,,,,,,,,,,,,,,,,,,,,,,,,,,,,,,,,,,,,,,,,,,,,,,,,,,,,,,,,,,,,,,,,,,,,,,,,,,,,,,,,,,,,,,,,,,,,,,,,,,,,,,,,,,,,,,,,,,,,,,,,,,,,,,,,
36.8929232,127.573778,벌-개량종,15,521,5518.0,928.0,521.0,6451.0,2987.0,7576.0,6921.0,5821.0,2555.0,3467.0,4982.0,2153.0,1689.0,4111.0,1362.0,6448.0,1687.0,3499.0,5843.0,5848.0,261.0,5849.0,961.0,3018.0,4976.0,7572.0,8052.0,925.0,1364.0,8910.0,4113.0,1377.0,6471.0,2173.0,5017.0,927.0,8471.0,6949.0,5846.0,4146.0,3017.0,8055.0,959.0,4144.0,8088.0,962.0,235.0,8085.0,963.0,8054.0,8087.0,5025.0,958.0,5026.0,957.0,8596.0,956.0,954.0,4148.0,3015.0,5022.0,5027.0,6920.0,3014.0,8086.0,5021.0,1714.0,5019.0,1717.0,964.0,5847.0,3493.0,3495.0,3496.0,8858.0,1378.0,3498.0,1720.0,5028.0,965.0,3019.0,5029.0,5850.0,263.0,966.0,5851.0,6473.0,2565.0,8089.0,968.0,3501.0,8092.0,1383.0,5033.0,8093.0,5853.0,4152.0,6953.0,6952.0,5032.0,6475.0,6477.0,8091.0,1382.0,6476.0,1721.0,3503.0,3022.0,3502.0,3021.0,969.0,6954.0,2177.0,3507.0,5039.0,2181.0,3030.0,1384.0,5856.0,268.0,3504.0,3023.0,6481.0,8098.0,5532.0,265.0,3505.0,971.0,1386.0,2179.0,3028.0,5035.0,5534.0,975.0,1388.0,272.0,3032.0,4158.0,5535.0,3509.0,5041.0,5862.0,6484.0,6960.0,273.0,977.0,3035.0,3510.0,5042.0,6485.0,8100.0,3466.0,8936.0,2986.0,6918.0,8470.0,5519.0,6452.0,4115.0,2150.0,5819.0,2151.0,1684.0,2554.0,4980.0,5517.0,233.0,2552.0,3465.0,236.0,5817.0,2983.0,,,,,,,,,,,,,,,,,,,,,,,,,,,,,,,,,,,,,,,,,,,,,,,,,,,,,,,,,,,,,,,,,,,,,,,,,,,,,,,,,,,,,,,,,,,,,,,,,,,,,,,,,,,,,,,,,,,,,,,,,,,,,,,,,,,,,,,,,,,,,,,,,,,,,,,,,,,,,,,,,,,,,,,,,,,,,,,,,,,,,,,,,,,,,,,,,,,,,,,,,,,,,,,,,,,,,,,,,,,,,,,,,,,,,,,,,,,,,,,,,,,,,,,,,,,,,,,,,,,,,,,,,,,,,,,,,,,,,,,,,,,,,,,,,,,,,,,,,,,,,,,,,,,,,,,,,,,,,,,,,,,,
35.9489306,129.4207583,벌-개량종,30,3989,832.0,2047.0,8802.0,8803.0,7929.0,2886.0,3983.0,6322.0,4815.0,4814.0,5447.0,2496.0,5726.0,6316.0,1574.0,8396.0,129.0,8393.0,6792.0,6324.0,7498.0,6796.0,6797.0,3989.0,8397.0,,,,,,,,,,,,,,,,,,,,,,,,,,,,,,,,,,,,,,,,,,,,,,,,,,,,,,,,,,,,,,,,,,,,,,,,,,,,,,,,,,,,,,,,,,,,,,,,,,,,,,,,,,,,,,,,,,,,,,,,,,,,,,,,,,,,,,,,,,,,,,,,,,,,,,,,,,,,,,,,,,,,,,,,,,,,,,,,,,,,,,,,,,,,,,,,,,,,,,,,,,,,,,,,,,,,,,,,,,,,,,,,,,,,,,,,,,,,,,,,,,,,,,,,,,,,,,,,,,,,,,,,,,,,,,,,,,,,,,,,,,,,,,,,,,,,,,,,,,,,,,,,,,,,,,,,,,,,,,,,,,,,,,,,,,,,,,,,,,,,,,,,,,,,,,,,,,,,,,,,,,,,,,,,,,,,,,,,,,,,,,,,,,,,,,,,,,,,,,,,,,,,,,,,,,,,,,,,,,,,,,,,,,,,,,,,,,,,,,,,,,,,,,,,,,,,,,,,,,,,,,,,,,,,,,,
36.4483495,128.3463791,벌-개량종,70,211,6883.0,8446.0,6881.0,8447.0,211.0,906.0,1350.0,1661.0,2129.0,2533.0,3432.0,4078.0,4928.0,5498.0,5796.0,6421.0,6894.0,7556.0,8019.0,8459.0,901.0,7547.0,1654.0,888.0,512.0,8014.0,4074.0,205.0,2948.0,5779.0,8444.0,2932.0,6876.0,1337.0,4904.0,5481.0,4060.0,2122.0,186.0,6402.0,5494.0,2112.0,4923.0,2360.0,,,,,,,,,,,,,,,,,,,,,,,,,,,,,,,,,,,,,,,,,,,,,,,,,,,,,,,,,,,,,,,,,,,,,,,,,,,,,,,,,,,,,,,,,,,,,,,,,,,,,,,,,,,,,,,,,,,,,,,,,,,,,,,,,,,,,,,,,,,,,,,,,,,,,,,,,,,,,,,,,,,,,,,,,,,,,,,,,,,,,,,,,,,,,,,,,,,,,,,,,,,,,,,,,,,,,,,,,,,,,,,,,,,,,,,,,,,,,,,,,,,,,,,,,,,,,,,,,,,,,,,,,,,,,,,,,,,,,,,,,,,,,,,,,,,,,,,,,,,,,,,,,,,,,,,,,,,,,,,,,,,,,,,,,,,,,,,,,,,,,,,,,,,,,,,,,,,,,,,,,,,,,,,,,,,,,,,,,,,,,,,,,,,,,,,,,,,,,,,,,,,,,,,,,,,,,,,,,,,,,,,,,,,,,,,,,,,,,,,,,,,,,,,,,,,,
36.474209,128.362204,벌-개량종,150,211,6883.0,8446.0,6881.0,8447.0,211.0,906.0,1350.0,1661.0,2129.0,2533.0,3432.0,4078.0,4928.0,5498.0,5796.0,6421.0,6894.0,7556.0,8019.0,8459.0,901.0,7547.0,1654.0,888.0,512.0,8014.0,4074.0,5791.0,205.0,2948.0,5779.0,8444.0,2932.0,6876.0,1337.0,4904.0,6890.0,5481.0,4060.0,2122.0,3427.0,186.0,6402.0,5494.0,2112.0,4923.0,2360.0,,,,,,,,,,,,,,,,,,,,,,,,,,,,,,,,,,,,,,,,,,,,,,,,,,,,,,,,,,,,,,,,,,,,,,,,,,,,,,,,,,,,,,,,,,,,,,,,,,,,,,,,,,,,,,,,,,,,,,,,,,,,,,,,,,,,,,,,,,,,,,,,,,,,,,,,,,,,,,,,,,,,,,,,,,,,,,,,,,,,,,,,,,,,,,,,,,,,,,,,,,,,,,,,,,,,,,,,,,,,,,,,,,,,,,,,,,,,,,,,,,,,,,,,,,,,,,,,,,,,,,,,,,,,,,,,,,,,,,,,,,,,,,,,,,,,,,,,,,,,,,,,,,,,,,,,,,,,,,,,,,,,,,,,,,,,,,,,,,,,,,,,,,,,,,,,,,,,,,,,,,,,,,,,,,,,,,,,,,,,,,,,,,,,,,,,,,,,,,,,,,,,,,,,,,,,,,,,,,,,,,,,,,,,,,,,,,,,,,,,,,,,,,,,,
37.6671652,127.967412,벌-개량종,30,4321,7109.0,4319.0,3640.0,7116.0,3117.0,7107.0,7108.0,8213.0,8547.0,7110.0,5216.0,8549.0,4320.0,6609.0,4321.0,7699.0,1826.0,8550.0,1831.0,5230.0,1836.0,3659.0,5244.0,681.0,1840.0,7136.0,397.0,3138.0,5248.0,398.0,1844.0,682.0,4351.0,5250.0,6075.0,,,,,,,,,,,,,,,,,,,,,,,,,,,,,,,,,,,,,,,,,,,,,,,,,,,,,,,,,,,,,,,,,,,,,,,,,,,,,,,,,,,,,,,,,,,,,,,,,,,,,,,,,,,,,,,,,,,,,,,,,,,,,,,,,,,,,,,,,,,,,,,,,,,,,,,,,,,,,,,,,,,,,,,,,,,,,,,,,,,,,,,,,,,,,,,,,,,,,,,,,,,,,,,,,,,,,,,,,,,,,,,,,,,,,,,,,,,,,,,,,,,,,,,,,,,,,,,,,,,,,,,,,,,,,,,,,,,,,,,,,,,,,,,,,,,,,,,,,,,,,,,,,,,,,,,,,,,,,,,,,,,,,,,,,,,,,,,,,,,,,,,,,,,,,,,,,,,,,,,,,,,,,,,,,,,,,,,,,,,,,,,,,,,,,,,,,,,,,,,,,,,,,,,,,,,,,,,,,,,,,,,,,,,,,,,,,,,,,,,,,,,,,,,,,,,,,,,,,,,,,
36.428639,127.8227737,벌-개량종,400,198,196.0,895.0,2523.0,2115.0,2524.0,5785.0,8831.0,5487.0,2525.0,198.0,2946.0,3420.0,5488.0,2117.0,6414.0,8009.0,1341.0,1649.0,4915.0,6886.0,1342.0,4921.0,7262.0,1346.0,1652.0,5490.0,5489.0,209.0,3431.0,4927.0,,,,,,,,,,,,,,,,,,,,,,,,,,,,,,,,,,,,,,,,,,,,,,,,,,,,,,,,,,,,,,,,,,,,,,,,,,,,,,,,,,,,,,,,,,,,,,,,,,,,,,,,,,,,,,,,,,,,,,,,,,,,,,,,,,,,,,,,,,,,,,,,,,,,,,,,,,,,,,,,,,,,,,,,,,,,,,,,,,,,,,,,,,,,,,,,,,,,,,,,,,,,,,,,,,,,,,,,,,,,,,,,,,,,,,,,,,,,,,,,,,,,,,,,,,,,,,,,,,,,,,,,,,,,,,,,,,,,,,,,,,,,,,,,,,,,,,,,,,,,,,,,,,,,,,,,,,,,,,,,,,,,,,,,,,,,,,,,,,,,,,,,,,,,,,,,,,,,,,,,,,,,,,,,,,,,,,,,,,,,,,,,,,,,,,,,,,,,,,,,,,,,,,,,,,,,,,,,,,,,,,,,,,,,,,,,,,,,,,,,,,,,,,,,,,,,,,,,,,,,,,,,,,
35.5520282,127.7022051,벌-개량종,150,6742,1280.0,7474.0,2018.0,1544.0,2475.0,4765.0,7387.0,475.0,8766.0,6740.0,4575.0,8760.0,6277.0,5423.0,3936.0,5690.0,1278.0,4764.0,1539.0,2846.0,7879.0,2849.0,3318.0,792.0,8589.0,1283.0,2356.0,2014.0,89.0,564.0,2847.0,2476.0,1552.0,6756.0,114.0,7389.0,1285.0,90.0,1540.0,6279.0,812.0,3962.0,565.0,7882.0,116.0,6292.0,6765.0,6742.0,7245.0,3326.0,3320.0,2485.0,7476.0,5692.0,2873.0,7880.0,7891.0,99.0,2034.0,5424.0,1288.0,5709.0,7472.0,4779.0,568.0,2480.0,7909.0,571.0,6771.0,815.0,8591.0,5711.0,4794.0,570.0,7914.0,8784.0,2486.0,3960.0,6741.0,104.0,2857.0,4777.0,7898.0,6752.0,7897.0,102.0,1281.0,7893.0,8372.0,2019.0,2853.0,3324.0,3943.0,4769.0,5426.0,6282.0,6744.0,8770.0,1545.0,4797.0,,,,,,,,,,,,,,,,,,,,,,,,,,,,,,,,,,,,,,,,,,,,,,,,,,,,,,,,,,,,,,,,,,,,,,,,,,,,,,,,,,,,,,,,,,,,,,,,,,,,,,,,,,,,,,,,,,,,,,,,,,,,,,,,,,,,,,,,,,,,,,,,,,,,,,,,,,,,,,,,,,,,,,,,,,,,,,,,,,,,,,,,,,,,,,,,,,,,,,,,,,,,,,,,,,,,,,,,,,,,,,,,,,,,,,,,,,,,,,,,,,,,,,,,,,,,,,,,,,,,,,,,,,,,,,,,,,,,,,,,,,,,,,,,,,,,,,,,,,,,,,,,,,,,,,,,,,,,,,,,,,,,,,,,,,,,,,,,,,,,,,,,,,,,,,,,,,,,,,,,,,,,,,,,,,,,,,,,,,,,,,,,,,,,,,,,,,,,
36.4964149,127.1175656,벌-개량종,1,2133,6885.0,8448.0,3414.0,4910.0,7549.0,2114.0,6406.0,8006.0,892.0,1644.0,4066.0,2937.0,4590.0,5484.0,193.0,508.0,7261.0,214.0,215.0,2133.0,4926.0,5497.0,4076.0,4082.0,6893.0,7265.0,6418.0,1658.0,3430.0,2132.0,905.0,4595.0,6426.0,8024.0,516.0,220.0,2125.0,219.0,2362.0,2538.0,6899.0,8842.0,2956.0,587.0,8018.0,3438.0,1666.0,8023.0,203.0,8453.0,4936.0,2361.0,4935.0,910.0,2958.0,8026.0,8462.0,1353.0,1665.0,3437.0,2134.0,4084.0,197.0,6888.0,8833.0,3421.0,4591.0,1648.0,898.0,6413.0,2527.0,4914.0,5786.0,2945.0,2116.0,8832.0,8010.0,1343.0,4071.0,8450.0,5491.0,7551.0,2944.0,5783.0,3416.0,5486.0,6412.0,2943.0,3419.0,4913.0,894.0,1340.0,1647.0,2940.0,5784.0,3417.0,2941.0,4911.0,3418.0,4912.0,7552.0,2942.0,6411.0,2539.0,3441.0,2961.0,588.0,914.0,,,,,,,,,,,,,,,,,,,,,,,,,,,,,,,,,,,,,,,,,,,,,,,,,,,,,,,,,,,,,,,,,,,,,,,,,,,,,,,,,,,,,,,,,,,,,,,,,,,,,,,,,,,,,,,,,,,,,,,,,,,,,,,,,,,,,,,,,,,,,,,,,,,,,,,,,,,,,,,,,,,,,,,,,,,,,,,,,,,,,,,,,,,,,,,,,,,,,,,,,,,,,,,,,,,,,,,,,,,,,,,,,,,,,,,,,,,,,,,,,,,,,,,,,,,,,,,,,,,,,,,,,,,,,,,,,,,,,,,,,,,,,,,,,,,,,,,,,,,,,,,,,,,,,,,,,,,,,,,,,,,,,,,,,,,,,,,,,,,,,,,,,,,,,,,,,,,,,,,,,,,,,,,,,,,,,,,,,,,,,,,,,,,,
36.4345714,126.8771037,벌-개량종,100,1651,187.0,890.0,2933.0,4906.0,5483.0,6879.0,8445.0,1643.0,2113.0,3412.0,4589.0,5780.0,6404.0,8003.0,4064.0,1339.0,6409.0,2531.0,586.0,7263.0,8908.0,1653.0,2118.0,1667.0,3422.0,903.0,2123.0,6891.0,8837.0,1348.0,1656.0,6889.0,6900.0,1347.0,221.0,4069.0,8456.0,4937.0,6427.0,4925.0,4077.0,5788.0,5792.0,5493.0,511.0,2949.0,6416.0,8016.0,8452.0,4917.0,207.0,2529.0,897.0,8013.0,7560.0,202.0,3439.0,2929.0,7545.0,8441.0,4900.0,3407.0,1642.0,4058.0,8000.0,183.0,6398.0,8905.0,6873.0,8443.0,2111.0,4901.0,5480.0,5778.0,3409.0,4059.0,6400.0,6875.0,7546.0,8001.0,6885.0,8448.0,3414.0,4910.0,7549.0,2114.0,6406.0,8006.0,892.0,1644.0,4066.0,2937.0,4590.0,5484.0,193.0,508.0,7261.0,896.0,5787.0,510.0,3423.0,4919.0,8834.0,214.0,215.0,2133.0,4926.0,5497.0,2537.0,4076.0,4082.0,2120.0,4934.0,6897.0,6893.0,7265.0,6887.0,6418.0,1658.0,3430.0,2132.0,4598.0,909.0,1345.0,905.0,4595.0,2528.0,6426.0,1651.0,8024.0,516.0,2955.0,2125.0,8011.0,8451.0,4083.0,4594.0,8018.0,201.0,8023.0,203.0,8453.0,911.0,4939.0,7561.0,8843.0,1668.0,,,,,,,,,,,,,,,,,,,,,,,,,,,,,,,,,,,,,,,,,,,,,,,,,,,,,,,,,,,,,,,,,,,,,,,,,,,,,,,,,,,,,,,,,,,,,,,,,,,,,,,,,,,,,,,,,,,,,,,,,,,,,,,,,,,,,,,,,,,,,,,,,,,,,,,,,,,,,,,,,,,,,,,,,,,,,,,,,,,,,,,,,,,,,,,,,,,,,,,,,,,,,,,,,,,,,,,,,,,,,,,,,,,,,,,,,,,,,,,,,,,,,,,,,,,,,,,,,,,,,,,,,,,,,,,,,,,,,,,,,,,,,,,,,,,,,,,,,,,,,,,,,,,,,,,,,,,,,,,,,,,,,,,,,,,,,,,,,,,,,,,,,,,,,
36.4345714,126.8771037,벌-개량종,100,1651,187.0,890.0,2933.0,4906.0,5483.0,6879.0,8445.0,1643.0,2113.0,3412.0,4589.0,5780.0,6404.0,8003.0,4064.0,1339.0,6409.0,2531.0,586.0,7263.0,8908.0,1653.0,2118.0,1667.0,3422.0,903.0,2123.0,6891.0,8837.0,1348.0,1656.0,6889.0,6900.0,1347.0,221.0,4069.0,8456.0,4937.0,6427.0,4925.0,4077.0,5788.0,5792.0,5493.0,511.0,2949.0,6416.0,8016.0,8452.0,4917.0,207.0,2529.0,897.0,8013.0,7560.0,202.0,3439.0,2929.0,7545.0,8441.0,4900.0,3407.0,1642.0,4058.0,8000.0,183.0,6398.0,8905.0,6873.0,8443.0,2111.0,4901.0,5480.0,5778.0,3409.0,4059.0,6400.0,6875.0,7546.0,8001.0,6885.0,8448.0,3414.0,4910.0,7549.0,2114.0,6406.0,8006.0,892.0,1644.0,4066.0,2937.0,4590.0,5484.0,193.0,508.0,7261.0,896.0,5787.0,510.0,3423.0,4919.0,8834.0,214.0,215.0,2133.0,4926.0,5497.0,2537.0,4076.0,4082.0,2120.0,4934.0,6897.0,6893.0,7265.0,6887.0,6418.0,1658.0,3430.0,2132.0,4598.0,909.0,1345.0,905.0,4595.0,2528.0,6426.0,1651.0,8024.0,516.0,2955.0,2125.0,8011.0,8451.0,4083.0,4594.0,8018.0,201.0,8023.0,203.0,8453.0,911.0,4939.0,7561.0,8843.0,1668.0,,,,,,,,,,,,,,,,,,,,,,,,,,,,,,,,,,,,,,,,,,,,,,,,,,,,,,,,,,,,,,,,,,,,,,,,,,,,,,,,,,,,,,,,,,,,,,,,,,,,,,,,,,,,,,,,,,,,,,,,,,,,,,,,,,,,,,,,,,,,,,,,,,,,,,,,,,,,,,,,,,,,,,,,,,,,,,,,,,,,,,,,,,,,,,,,,,,,,,,,,,,,,,,,,,,,,,,,,,,,,,,,,,,,,,,,,,,,,,,,,,,,,,,,,,,,,,,,,,,,,,,,,,,,,,,,,,,,,,,,,,,,,,,,,,,,,,,,,,,,,,,,,,,,,,,,,,,,,,,,,,,,,,,,,,,,,,,,,,,,,,,,,,,,,
36.4345714,126.8771037,벌-개량종,100,1651,187.0,890.0,2933.0,4906.0,5483.0,6879.0,8445.0,1643.0,2113.0,3412.0,4589.0,5780.0,6404.0,8003.0,4064.0,1339.0,6409.0,2531.0,586.0,7263.0,8908.0,1653.0,2118.0,1667.0,3422.0,903.0,2123.0,6891.0,8837.0,1348.0,1656.0,6889.0,6900.0,1347.0,221.0,4069.0,8456.0,4937.0,6427.0,4925.0,4077.0,5788.0,5792.0,5493.0,511.0,2949.0,6416.0,8016.0,8452.0,4917.0,207.0,2529.0,897.0,8013.0,7560.0,202.0,3439.0,2929.0,7545.0,8441.0,4900.0,3407.0,1642.0,4058.0,8000.0,183.0,6398.0,8905.0,6873.0,8443.0,2111.0,4901.0,5480.0,5778.0,3409.0,4059.0,6400.0,6875.0,7546.0,8001.0,6885.0,8448.0,3414.0,4910.0,7549.0,2114.0,6406.0,8006.0,892.0,1644.0,4066.0,2937.0,4590.0,5484.0,193.0,508.0,7261.0,896.0,5787.0,510.0,3423.0,4919.0,8834.0,214.0,215.0,2133.0,4926.0,5497.0,2537.0,4076.0,4082.0,2120.0,4934.0,6897.0,6893.0,7265.0,6887.0,6418.0,1658.0,3430.0,2132.0,4598.0,909.0,1345.0,905.0,4595.0,2528.0,6426.0,1651.0,8024.0,516.0,2955.0,2125.0,8011.0,8451.0,4083.0,4594.0,8018.0,201.0,8023.0,203.0,8453.0,911.0,4939.0,7561.0,8843.0,1668.0,,,,,,,,,,,,,,,,,,,,,,,,,,,,,,,,,,,,,,,,,,,,,,,,,,,,,,,,,,,,,,,,,,,,,,,,,,,,,,,,,,,,,,,,,,,,,,,,,,,,,,,,,,,,,,,,,,,,,,,,,,,,,,,,,,,,,,,,,,,,,,,,,,,,,,,,,,,,,,,,,,,,,,,,,,,,,,,,,,,,,,,,,,,,,,,,,,,,,,,,,,,,,,,,,,,,,,,,,,,,,,,,,,,,,,,,,,,,,,,,,,,,,,,,,,,,,,,,,,,,,,,,,,,,,,,,,,,,,,,,,,,,,,,,,,,,,,,,,,,,,,,,,,,,,,,,,,,,,,,,,,,,,,,,,,,,,,,,,,,,,,,,,,,,,
36.5938136,128.5571271,벌-개량종,1,3427,901.0,1654.0,512.0,8014.0,4074.0,5791.0,205.0,2948.0,6890.0,2122.0,3427.0,5494.0,4923.0,,,,,,,,,,,,,,,,,,,,,,,,,,,,,,,,,,,,,,,,,,,,,,,,,,,,,,,,,,,,,,,,,,,,,,,,,,,,,,,,,,,,,,,,,,,,,,,,,,,,,,,,,,,,,,,,,,,,,,,,,,,,,,,,,,,,,,,,,,,,,,,,,,,,,,,,,,,,,,,,,,,,,,,,,,,,,,,,,,,,,,,,,,,,,,,,,,,,,,,,,,,,,,,,,,,,,,,,,,,,,,,,,,,,,,,,,,,,,,,,,,,,,,,,,,,,,,,,,,,,,,,,,,,,,,,,,,,,,,,,,,,,,,,,,,,,,,,,,,,,,,,,,,,,,,,,,,,,,,,,,,,,,,,,,,,,,,,,,,,,,,,,,,,,,,,,,,,,,,,,,,,,,,,,,,,,,,,,,,,,,,,,,,,,,,,,,,,,,,,,,,,,,,,,,,,,,,,,,,,,,,,,,,,,,,,,,,,,,,,,,,,,,,,,,,,,,,,,,,,,,,,,,,,,,,,,,,,,,,,,,,,
35.0436072,127.112621,벌-개량종,1,8719,8717.0,8719.0,48.0,7824.0,4714.0,6717.0,1498.0,555.0,554.0,8338.0,1500.0,4713.0,1252.0,8718.0,2434.0,6718.0,66.0,4558.0,6725.0,771.0,7847.0,8735.0,8350.0,5398.0,2817.0,1515.0,556.0,1981.0,3298.0,2450.0,4732.0,5670.0,1257.0,6251.0,3909.0,,,,,,,,,,,,,,,,,,,,,,,,,,,,,,,,,,,,,,,,,,,,,,,,,,,,,,,,,,,,,,,,,,,,,,,,,,,,,,,,,,,,,,,,,,,,,,,,,,,,,,,,,,,,,,,,,,,,,,,,,,,,,,,,,,,,,,,,,,,,,,,,,,,,,,,,,,,,,,,,,,,,,,,,,,,,,,,,,,,,,,,,,,,,,,,,,,,,,,,,,,,,,,,,,,,,,,,,,,,,,,,,,,,,,,,,,,,,,,,,,,,,,,,,,,,,,,,,,,,,,,,,,,,,,,,,,,,,,,,,,,,,,,,,,,,,,,,,,,,,,,,,,,,,,,,,,,,,,,,,,,,,,,,,,,,,,,,,,,,,,,,,,,,,,,,,,,,,,,,,,,,,,,,,,,,,,,,,,,,,,,,,,,,,,,,,,,,,,,,,,,,,,,,,,,,,,,,,,,,,,,,,,,,,,,,,,,,,,,,,,,,,,,,,,,,,,,,,,,,,,
35.6305091,127.3303778,벌-개량종,100,8383,6287.0,2024.0,6301.0,1562.0,8383.0,7483.0,7892.0,8376.0,6751.0,4774.0,6768.0,7477.0,100.0,3221.0,7388.0,2855.0,7244.0,3961.0,3327.0,5698.0,3946.0,6772.0,2477.0,6774.0,5714.0,6305.0,6775.0,7918.0,8387.0,3335.0,2488.0,2037.0,3336.0,7919.0,8388.0,2038.0,5715.0,3967.0,6776.0,1564.0,6306.0,6779.0,7488.0,4802.0,5438.0,3968.0,8925.0,2493.0,3974.0,4806.0,6785.0,3970.0,6781.0,,,,,,,,,,,,,,,,,,,,,,,,,,,,,,,,,,,,,,,,,,,,,,,,,,,,,,,,,,,,,,,,,,,,,,,,,,,,,,,,,,,,,,,,,,,,,,,,,,,,,,,,,,,,,,,,,,,,,,,,,,,,,,,,,,,,,,,,,,,,,,,,,,,,,,,,,,,,,,,,,,,,,,,,,,,,,,,,,,,,,,,,,,,,,,,,,,,,,,,,,,,,,,,,,,,,,,,,,,,,,,,,,,,,,,,,,,,,,,,,,,,,,,,,,,,,,,,,,,,,,,,,,,,,,,,,,,,,,,,,,,,,,,,,,,,,,,,,,,,,,,,,,,,,,,,,,,,,,,,,,,,,,,,,,,,,,,,,,,,,,,,,,,,,,,,,,,,,,,,,,,,,,,,,,,,,,,,,,,,,,,,,,,,,,,,,,,,,,,,,,,,,,,,,,,,,,,,,,,,,,,,,,,,,,,,,,,,,,,,,,,,
37.4493679,127.1022852,벌-개량종,20,1097,1066.0,3086.0,336.0,7662.0,1422.0,3580.0,5572.0,2241.0,8521.0,2246.0,7041.0,5149.0,3581.0,8524.0,7043.0,8525.0,7044.0,3087.0,337.0,339.0,529.0,6563.0,335.0,7066.0,2644.0,4273.0,2640.0,6581.0,7069.0,8880.0,3602.0,7406.0,7678.0,5979.0,4257.0,5169.0,4272.0,5587.0,8186.0,5990.0,2763.0,1098.0,4306.0,1802.0,8209.0,6020.0,8183.0,7693.0,1429.0,3606.0,5208.0,1820.0,2295.0,5184.0,6583.0,6026.0,4311.0,5955.0,1777.0,1779.0,1420.0,3582.0,8167.0,1780.0,338.0,5575.0,3578.0,6561.0,8168.0,4247.0,5959.0,8164.0,6558.0,5960.0,5151.0,1421.0,8169.0,1071.0,1070.0,4241.0,2624.0,1423.0,1069.0,2247.0,5152.0,3583.0,1064.0,5148.0,5145.0,332.0,3576.0,528.0,2245.0,5956.0,1068.0,1072.0,7045.0,2625.0,3584.0,4252.0,5153.0,5963.0,7047.0,8170.0,1783.0,6565.0,7049.0,340.0,1784.0,2626.0,3586.0,4253.0,5155.0,6566.0,7050.0,341.0,1424.0,2627.0,4254.0,5156.0,1074.0,2249.0,1075.0,2250.0,3587.0,5578.0,5579.0,5161.0,5966.0,1786.0,2630.0,8177.0,8176.0,8173.0,1084.0,3093.0,1787.0,1427.0,3610.0,3594.0,6572.0,4260.0,5179.0,357.0,8536.0,658.0,5589.0,6588.0,3098.0,7075.0,1431.0,1102.0,5163.0,8187.0,355.0,7672.0,4269.0,5972.0,7055.0,656.0,6576.0,2271.0,1805.0,5989.0,4276.0,3595.0,354.0,1097.0,5186.0,8190.0,4251.0,1781.0,3088.0,5961.0,5576.0,648.0,5574.0,530.0,3589.0,8172.0,343.0,531.0,5968.0,7064.0,1105.0,359.0,7679.0,7078.0,2374.0,7077.0,3734.0,3613.0,8192.0,2764.0,3635.0,2297.0,7689.0,4288.0,8539.0,8883.0,1809.0,5212.0,5211.0,8542.0,5205.0,3113.0,2649.0,1823.0,7688.0,2294.0,2285.0,3111.0,6598.0,5599.0,6604.0,3622.0,7086.0,8203.0,4299.0,1125.0,6011.0,7098.0,1110.0,7088.0,6594.0,5997.0,2276.0,5593.0,5995.0,3624.0,3104.0,7080.0,7087.0,364.0,6.0,2647.0,2651.0,2652.0,7680.0,6591.0,5191.0,8193.0,2278.0,3623.0,7081.0,5188.0,4283.0,3615.0,2274.0,1106.0,533.0,360.0,1432.0,1807.0,3614.0,5187.0,3625.0,,,,,,,,,,,,,,,,,,,,,,,,,,,,,,,,,,,,,,,,,,,,,,,,,,,,,,,,,,,,,,,,,,,,,,,,,,,,,,,,,,,,,,,,,,,,,,,,,,,,,,,,,,,,,,,,,,,,,,,,,,,,,,,,,,,,,,,,,,,,,,,,,,,,,,,,,,,,,,,,,,,,,,,,,,,,,,,,,,,,,,,,,,,,,,,,,,,,,,,,,,,,,,,,,,,,,,,,,,,,,,,,,,,,,,,,,,,,,,,
35.4931652,127.2389306,벌-개량종,90,100,2009.0,5686.0,7468.0,473.0,6287.0,2024.0,7892.0,3932.0,8376.0,6751.0,4774.0,7477.0,100.0,3221.0,7388.0,2855.0,7244.0,3327.0,7320.0,5698.0,3946.0,2477.0,,,,,,,,,,,,,,,,,,,,,,,,,,,,,,,,,,,,,,,,,,,,,,,,,,,,,,,,,,,,,,,,,,,,,,,,,,,,,,,,,,,,,,,,,,,,,,,,,,,,,,,,,,,,,,,,,,,,,,,,,,,,,,,,,,,,,,,,,,,,,,,,,,,,,,,,,,,,,,,,,,,,,,,,,,,,,,,,,,,,,,,,,,,,,,,,,,,,,,,,,,,,,,,,,,,,,,,,,,,,,,,,,,,,,,,,,,,,,,,,,,,,,,,,,,,,,,,,,,,,,,,,,,,,,,,,,,,,,,,,,,,,,,,,,,,,,,,,,,,,,,,,,,,,,,,,,,,,,,,,,,,,,,,,,,,,,,,,,,,,,,,,,,,,,,,,,,,,,,,,,,,,,,,,,,,,,,,,,,,,,,,,,,,,,,,,,,,,,,,,,,,,,,,,,,,,,,,,,,,,,,,,,,,,,,,,,,,,,,,,,,,,,,,,,,,,,,,,,,,,,,,,,,,,,,,,,,
35.5798635,127.1981911,벌-개량종,50,100,6287.0,2024.0,7892.0,8376.0,6751.0,4774.0,7477.0,100.0,3221.0,7388.0,2855.0,7244.0,3961.0,3327.0,5698.0,3946.0,6772.0,2477.0,6774.0,3967.0,6776.0,,,,,,,,,,,,,,,,,,,,,,,,,,,,,,,,,,,,,,,,,,,,,,,,,,,,,,,,,,,,,,,,,,,,,,,,,,,,,,,,,,,,,,,,,,,,,,,,,,,,,,,,,,,,,,,,,,,,,,,,,,,,,,,,,,,,,,,,,,,,,,,,,,,,,,,,,,,,,,,,,,,,,,,,,,,,,,,,,,,,,,,,,,,,,,,,,,,,,,,,,,,,,,,,,,,,,,,,,,,,,,,,,,,,,,,,,,,,,,,,,,,,,,,,,,,,,,,,,,,,,,,,,,,,,,,,,,,,,,,,,,,,,,,,,,,,,,,,,,,,,,,,,,,,,,,,,,,,,,,,,,,,,,,,,,,,,,,,,,,,,,,,,,,,,,,,,,,,,,,,,,,,,,,,,,,,,,,,,,,,,,,,,,,,,,,,,,,,,,,,,,,,,,,,,,,,,,,,,,,,,,,,,,,,,,,,,,,,,,,,,,,,,,,,,,,,,,,,,,,,,,,,,,,,,,,,,,,
37.3293308,126.918427,벌-개량종,2,5150,3068.0,7665.0,5964.0,1414.0,5157.0,5932.0,3558.0,6539.0,5119.0,1042.0,2224.0,5560.0,4216.0,6567.0,1425.0,6534.0,3588.0,314.0,3089.0,4255.0,8508.0,6999.0,3554.0,5111.0,5150.0,1031.0,8139.0,7005.0,1412.0,2217.0,3062.0,7635.0,2248.0,5556.0,5158.0,3090.0,1076.0,5580.0,5965.0,6568.0,7051.0,342.0,2251.0,5921.0,1061.0,3572.0,5142.0,5570.0,5950.0,6553.0,7658.0,8162.0,1755.0,4212.0,6551.0,1059.0,5949.0,7637.0,1066.0,3086.0,336.0,7662.0,1422.0,5571.0,7036.0,3580.0,5572.0,6556.0,2241.0,8521.0,2246.0,8519.0,645.0,7041.0,3061.0,2211.0,5149.0,4243.0,6555.0,7660.0,3581.0,8524.0,7043.0,8525.0,7044.0,3087.0,8509.0,337.0,339.0,529.0,6563.0,7277.0,8598.0,1060.0,5945.0,5141.0,7030.0,7029.0,5923.0,8161.0,8159.0,335.0,3091.0,3612.0,2254.0,7666.0,5971.0,8535.0,5970.0,8175.0,3100.0,358.0,5581.0,1104.0,6586.0,6570.0,2272.0,4281.0,8527.0,3591.0,3592.0,8174.0,7053.0,346.0,7074.0,5991.0,5185.0,8188.0,1083.0,1081.0,7280.0,344.0,7667.0,2629.0,7054.0,4259.0,345.0,1082.0,1426.0,2253.0,3593.0,5162.0,5969.0,6571.0,5159.0,7066.0,1079.0,2644.0,1078.0,4273.0,2640.0,6581.0,7069.0,8880.0,3590.0,3602.0,7406.0,7678.0,6569.0,5160.0,5979.0,4257.0,2628.0,5169.0,4272.0,5967.0,2252.0,1077.0,7052.0,5587.0,8186.0,5990.0,4256.0,1098.0,1802.0,8183.0,3092.0,1429.0,3606.0,5184.0,6583.0,5955.0,1777.0,1420.0,4247.0,8164.0,6558.0,4241.0,1064.0,5145.0,332.0,3576.0,528.0,1072.0,2625.0,3584.0,4252.0,5153.0,5963.0,7047.0,8170.0,355.0,1097.0,,,,,,,,,,,,,,,,,,,,,,,,,,,,,,,,,,,,,,,,,,,,,,,,,,,,,,,,,,,,,,,,,,,,,,,,,,,,,,,,,,,,,,,,,,,,,,,,,,,,,,,,,,,,,,,,,,,,,,,,,,,,,,,,,,,,,,,,,,,,,,,,,,,,,,,,,,,,,,,,,,,,,,,,,,,,,,,,,,,,,,,,,,,,,,,,,,,,,,,,,,,,,,,,,,,,,,,,,,,,,,,,,,,,,,,,,,,,,,,,,,,,,,,,,,,,,,,,,,,,,,,,,,,,,,,,,,,,,,,,,,,,,,,,,,,,,
36.6389298,128.2201196,벌-개량종,1,2364,1355.0,4947.0,1671.0,594.0,5507.0,7267.0,2137.0,8853.0,2542.0,2363.0,4091.0,518.0,916.0,4601.0,6903.0,223.0,2962.0,5801.0,8464.0,8909.0,6432.0,225.0,4095.0,4946.0,2138.0,7564.0,5508.0,1357.0,4602.0,3442.0,1674.0,8036.0,6433.0,8851.0,5805.0,2547.0,2364.0,920.0,,,,,,,,,,,,,,,,,,,,,,,,,,,,,,,,,,,,,,,,,,,,,,,,,,,,,,,,,,,,,,,,,,,,,,,,,,,,,,,,,,,,,,,,,,,,,,,,,,,,,,,,,,,,,,,,,,,,,,,,,,,,,,,,,,,,,,,,,,,,,,,,,,,,,,,,,,,,,,,,,,,,,,,,,,,,,,,,,,,,,,,,,,,,,,,,,,,,,,,,,,,,,,,,,,,,,,,,,,,,,,,,,,,,,,,,,,,,,,,,,,,,,,,,,,,,,,,,,,,,,,,,,,,,,,,,,,,,,,,,,,,,,,,,,,,,,,,,,,,,,,,,,,,,,,,,,,,,,,,,,,,,,,,,,,,,,,,,,,,,,,,,,,,,,,,,,,,,,,,,,,,,,,,,,,,,,,,,,,,,,,,,,,,,,,,,,,,,,,,,,,,,,,,,,,,,,,,,,,,,,,,,,,,,,,,,,,,,,,,,,,,,,,,,,,,,,,,,,,
36.6839838,126.5831038,벌-개량종,50,2139,5503.0,2959.0,6898.0,4933.0,6425.0,1352.0,6424.0,517.0,221.0,4932.0,7559.0,3436.0,5501.0,216.0,217.0,218.0,1664.0,3435.0,2981.0,4971.0,2980.0,232.0,4108.0,7568.0,3459.0,2149.0,4944.0,227.0,2140.0,6435.0,4938.0,6908.0,6430.0,1358.0,2969.0,4953.0,4954.0,3445.0,3446.0,3447.0,5504.0,8040.0,7266.0,4956.0,2970.0,4090.0,6906.0,6429.0,2968.0,921.0,4958.0,4087.0,6428.0,4959.0,5511.0,8041.0,6909.0,2141.0,5506.0,3448.0,6436.0,4952.0,8039.0,8038.0,4096.0,3444.0,4098.0,2972.0,5807.0,2142.0,8028.0,8029.0,4086.0,2139.0,3452.0,6910.0,519.0,1678.0,3455.0,4963.0,6913.0,7566.0,8045.0,520.0,4964.0,4965.0,7398.0,5809.0,6914.0,8854.0,4105.0,4966.0,5514.0,2145.0,2978.0,4967.0,3457.0,1679.0,2146.0,7399.0,231.0,1360.0,7400.0,2979.0,7567.0,5813.0,4941.0,4940.0,912.0,8463.0,2548.0,4101.0,3451.0,5806.0,1677.0,6439.0,6440.0,8467.0,3454.0,4960.0,6911.0,2144.0,4985.0,3470.0,2991.0,8859.0,1691.0,6454.0,1366.0,240.0,6924.0,8058.0,7578.0,,,,,,,,,,,,,,,,,,,,,,,,,,,,,,,,,,,,,,,,,,,,,,,,,,,,,,,,,,,,,,,,,,,,,,,,,,,,,,,,,,,,,,,,,,,,,,,,,,,,,,,,,,,,,,,,,,,,,,,,,,,,,,,,,,,,,,,,,,,,,,,,,,,,,,,,,,,,,,,,,,,,,,,,,,,,,,,,,,,,,,,,,,,,,,,,,,,,,,,,,,,,,,,,,,,,,,,,,,,,,,,,,,,,,,,,,,,,,,,,,,,,,,,,,,,,,,,,,,,,,,,,,,,,,,,,,,,,,,,,,,,,,,,,,,,,,,,,,,,,,,,,,,,,,,,,,,,,,,,,,,,,,,,,,,,,,,,,,,,,,,,,,,,,,,,,,,,,,,,,,,,
35.3363846,127.9217038,벌-개량종,3,2008,2475.0,74.0,2458.0,560.0,7460.0,561.0,5676.0,777.0,1994.0,4764.0,2825.0,8354.0,5675.0,8738.0,7869.0,8366.0,8753.0,3914.0,6733.0,559.0,3912.0,4739.0,8587.0,1993.0,1539.0,2846.0,7879.0,2472.0,8355.0,4755.0,8757.0,2008.0,7878.0,6736.0,8762.0,1537.0,6737.0,7877.0,3940.0,3938.0,8764.0,7323.0,4761.0,86.0,6739.0,4763.0,1538.0,1535.0,8763.0,3317.0,6738.0,6741.0,8372.0,2019.0,2853.0,3324.0,3943.0,4769.0,5426.0,6282.0,6744.0,8770.0,1545.0,5691.0,6278.0,8767.0,2848.0,2015.0,793.0,7881.0,,,,,,,,,,,,,,,,,,,,,,,,,,,,,,,,,,,,,,,,,,,,,,,,,,,,,,,,,,,,,,,,,,,,,,,,,,,,,,,,,,,,,,,,,,,,,,,,,,,,,,,,,,,,,,,,,,,,,,,,,,,,,,,,,,,,,,,,,,,,,,,,,,,,,,,,,,,,,,,,,,,,,,,,,,,,,,,,,,,,,,,,,,,,,,,,,,,,,,,,,,,,,,,,,,,,,,,,,,,,,,,,,,,,,,,,,,,,,,,,,,,,,,,,,,,,,,,,,,,,,,,,,,,,,,,,,,,,,,,,,,,,,,,,,,,,,,,,,,,,,,,,,,,,,,,,,,,,,,,,,,,,,,,,,,,,,,,,,,,,,,,,,,,,,,,,,,,,,,,,,,,,,,,,,,,,,,,,,,,,,,,,,,,,,,,,,,,,,,,,,,,,,,,,,,,,,,,,,,,,,,,,,,
37.4531546,129.1559572,벌-개량종,70,1428,5982.0,5173.0,1093.0,3611.0,2270.0,2646.0,1803.0,1796.0,6585.0,6579.0,8533.0,8532.0,1428.0,356.0,350.0,7063.0,8184.0,8882.0,8881.0,2641.0,2263.0,4277.0,5183.0,1430.0,7668.0,,,,,,,,,,,,,,,,,,,,,,,,,,,,,,,,,,,,,,,,,,,,,,,,,,,,,,,,,,,,,,,,,,,,,,,,,,,,,,,,,,,,,,,,,,,,,,,,,,,,,,,,,,,,,,,,,,,,,,,,,,,,,,,,,,,,,,,,,,,,,,,,,,,,,,,,,,,,,,,,,,,,,,,,,,,,,,,,,,,,,,,,,,,,,,,,,,,,,,,,,,,,,,,,,,,,,,,,,,,,,,,,,,,,,,,,,,,,,,,,,,,,,,,,,,,,,,,,,,,,,,,,,,,,,,,,,,,,,,,,,,,,,,,,,,,,,,,,,,,,,,,,,,,,,,,,,,,,,,,,,,,,,,,,,,,,,,,,,,,,,,,,,,,,,,,,,,,,,,,,,,,,,,,,,,,,,,,,,,,,,,,,,,,,,,,,,,,,,,,,,,,,,,,,,,,,,,,,,,,,,,,,,,,,,,,,,,,,,,,,,,,,,,,,,,,,,,,,,,,,,,,,,,,,,,,
37.4579607,129.1460745,벌-개량종,200,356,5982.0,5173.0,1093.0,3611.0,2270.0,2646.0,1803.0,1796.0,6585.0,6579.0,8533.0,8532.0,1428.0,356.0,350.0,7063.0,8184.0,8882.0,8881.0,2641.0,2263.0,4277.0,5183.0,1430.0,7668.0,,,,,,,,,,,,,,,,,,,,,,,,,,,,,,,,,,,,,,,,,,,,,,,,,,,,,,,,,,,,,,,,,,,,,,,,,,,,,,,,,,,,,,,,,,,,,,,,,,,,,,,,,,,,,,,,,,,,,,,,,,,,,,,,,,,,,,,,,,,,,,,,,,,,,,,,,,,,,,,,,,,,,,,,,,,,,,,,,,,,,,,,,,,,,,,,,,,,,,,,,,,,,,,,,,,,,,,,,,,,,,,,,,,,,,,,,,,,,,,,,,,,,,,,,,,,,,,,,,,,,,,,,,,,,,,,,,,,,,,,,,,,,,,,,,,,,,,,,,,,,,,,,,,,,,,,,,,,,,,,,,,,,,,,,,,,,,,,,,,,,,,,,,,,,,,,,,,,,,,,,,,,,,,,,,,,,,,,,,,,,,,,,,,,,,,,,,,,,,,,,,,,,,,,,,,,,,,,,,,,,,,,,,,,,,,,,,,,,,,,,,,,,,,,,,,,,,,,,,,,,,,,,,,,,,,
37.6506105,126.8479415,벌-개량종,20,387,3628.0,4296.0,8196.0,2287.0,7091.0,3110.0,1118.0,370.0,8886.0,5596.0,6002.0,3627.0,8888.0,5200.0,4297.0,5598.0,6599.0,5201.0,7092.0,6006.0,8198.0,2763.0,4306.0,8209.0,6020.0,7693.0,5208.0,1820.0,2295.0,1825.0,6026.0,1824.0,5213.0,7101.0,8210.0,377.0,8211.0,378.0,5600.0,4313.0,3115.0,5214.0,3116.0,3637.0,8212.0,4311.0,8220.0,6646.0,4350.0,1833.0,6055.0,7125.0,3650.0,3127.0,1443.0,387.0,4334.0,3139.0,8894.0,3130.0,4337.0,7158.0,3173.0,5234.0,7129.0,5609.0,6620.0,3653.0,6057.0,4371.0,5270.0,405.0,7160.0,5269.0,7714.0,5271.0,8564.0,4372.0,1163.0,2316.0,4374.0,3675.0,3676.0,7715.0,404.0,4373.0,3677.0,6077.0,7162.0,3143.0,6637.0,401.0,3678.0,8231.0,6071.0,7139.0,5246.0,1843.0,6629.0,8558.0,6072.0,7707.0,3664.0,7143.0,7138.0,2690.0,4349.0,5253.0,5614.0,396.0,1841.0,7696.0,6030.0,8559.0,7286.0,6031.0,4354.0,4314.0,7104.0,7103.0,1135.0,5215.0,2298.0,6070.0,6074.0,683.0,8228.0,3141.0,7708.0,5252.0,4355.0,,,,,,,,,,,,,,,,,,,,,,,,,,,,,,,,,,,,,,,,,,,,,,,,,,,,,,,,,,,,,,,,,,,,,,,,,,,,,,,,,,,,,,,,,,,,,,,,,,,,,,,,,,,,,,,,,,,,,,,,,,,,,,,,,,,,,,,,,,,,,,,,,,,,,,,,,,,,,,,,,,,,,,,,,,,,,,,,,,,,,,,,,,,,,,,,,,,,,,,,,,,,,,,,,,,,,,,,,,,,,,,,,,,,,,,,,,,,,,,,,,,,,,,,,,,,,,,,,,,,,,,,,,,,,,,,,,,,,,,,,,,,,,,,,,,,,,,,,,,,,,,,,,,,,,,,,,,,,,,,,,,,,,,,,,,,,,,,,,,,,,,,,,,,,,,,,,,,,,,,,,,,,
36.29654,126.8670582,벌-개량종,9,2113,150.0,4586.0,4859.0,6360.0,2077.0,857.0,4025.0,8818.0,2913.0,8428.0,7972.0,4874.0,6830.0,7959.0,8417.0,6854.0,4039.0,7530.0,1612.0,1638.0,4056.0,507.0,584.0,3406.0,5777.0,6872.0,887.0,8442.0,8825.0,4588.0,187.0,890.0,2933.0,4906.0,5483.0,6879.0,8445.0,1643.0,2113.0,3412.0,4589.0,5780.0,6404.0,8003.0,4064.0,1339.0,6409.0,7263.0,8908.0,1653.0,2118.0,3422.0,6889.0,1347.0,4069.0,5788.0,5493.0,511.0,6416.0,8452.0,4917.0,2529.0,897.0,8013.0,202.0,2901.0,3399.0,2929.0,2104.0,7545.0,7533.0,4890.0,7989.0,8441.0,1602.0,177.0,8437.0,5477.0,7394.0,166.0,4900.0,4873.0,1616.0,3407.0,878.0,1642.0,871.0,5750.0,5467.0,7327.0,1323.0,8429.0,2093.0,1327.0,4058.0,4052.0,4040.0,499.0,7975.0,6392.0,3385.0,6378.0,4587.0,6852.0,5755.0,5463.0,8000.0,183.0,6398.0,8905.0,6873.0,8443.0,2111.0,4901.0,5480.0,5778.0,3409.0,4059.0,6400.0,6875.0,7546.0,8001.0,6885.0,8448.0,3414.0,4910.0,7549.0,2114.0,6406.0,8006.0,892.0,1644.0,4066.0,2937.0,4590.0,5484.0,193.0,508.0,7261.0,896.0,5787.0,510.0,3423.0,4919.0,8834.0,2120.0,6887.0,1345.0,2528.0,1651.0,8011.0,8451.0,4594.0,201.0,,,,,,,,,,,,,,,,,,,,,,,,,,,,,,,,,,,,,,,,,,,,,,,,,,,,,,,,,,,,,,,,,,,,,,,,,,,,,,,,,,,,,,,,,,,,,,,,,,,,,,,,,,,,,,,,,,,,,,,,,,,,,,,,,,,,,,,,,,,,,,,,,,,,,,,,,,,,,,,,,,,,,,,,,,,,,,,,,,,,,,,,,,,,,,,,,,,,,,,,,,,,,,,,,,,,,,,,,,,,,,,,,,,,,,,,,,,,,,,,,,,,,,,,,,,,,,,,,,,,,,,,,,,,,,,,,,,,,,,,,,,,,,,,,,,,,,,,,,,,,,,,,,,,,,,,,,,,,,,,,,,,,,,,,,,,,,,,,,,,,,
36.9395457,127.997495,벌-개량종,80,4143,8498.0,8871.0,2194.0,1734.0,7622.0,6964.0,6947.0,6975.0,4165.0,5541.0,3517.0,4178.0,4143.0,6489.0,984.0,4171.0,8500.0,5056.0,8501.0,5057.0,7624.0,3516.0,289.0,5873.0,6963.0,991.0,2189.0,,,,,,,,,,,,,,,,,,,,,,,,,,,,,,,,,,,,,,,,,,,,,,,,,,,,,,,,,,,,,,,,,,,,,,,,,,,,,,,,,,,,,,,,,,,,,,,,,,,,,,,,,,,,,,,,,,,,,,,,,,,,,,,,,,,,,,,,,,,,,,,,,,,,,,,,,,,,,,,,,,,,,,,,,,,,,,,,,,,,,,,,,,,,,,,,,,,,,,,,,,,,,,,,,,,,,,,,,,,,,,,,,,,,,,,,,,,,,,,,,,,,,,,,,,,,,,,,,,,,,,,,,,,,,,,,,,,,,,,,,,,,,,,,,,,,,,,,,,,,,,,,,,,,,,,,,,,,,,,,,,,,,,,,,,,,,,,,,,,,,,,,,,,,,,,,,,,,,,,,,,,,,,,,,,,,,,,,,,,,,,,,,,,,,,,,,,,,,,,,,,,,,,,,,,,,,,,,,,,,,,,,,,,,,,,,,,,,,,,,,,,,,,,,,,,,,,,,,,,,,,,,,,,,,
36.0675456,128.2714806,벌-개량종,300,1599,6799.0,4.0,4847.0,5743.0,2497.0,2069.0,8408.0,6818.0,6353.0,6821.0,488.0,6822.0,7520.0,4857.0,7391.0,1315.0,493.0,7958.0,149.0,855.0,8410.0,6824.0,5462.0,6823.0,6354.0,4853.0,7521.0,8412.0,3378.0,7961.0,6829.0,4861.0,6357.0,6358.0,8411.0,4856.0,7253.0,8806.0,8901.0,6328.0,1576.0,4821.0,2053.0,3993.0,5731.0,837.0,2891.0,6840.0,8418.0,8422.0,6361.0,8423.0,3349.0,8401.0,7935.0,165.0,1617.0,4041.0,5761.0,7973.0,873.0,6851.0,2092.0,4872.0,6377.0,1599.0,1314.0,148.0,2075.0,4024.0,4855.0,5748.0,7957.0,856.0,147.0,8413.0,8416.0,1316.0,6359.0,6828.0,8426.0,8415.0,1597.0,2914.0,5762.0,7977.0,1325.0,4043.0,4876.0,8436.0,2095.0,6866.0,8432.0,2920.0,6865.0,7984.0,4049.0,4888.0,,,,,,,,,,,,,,,,,,,,,,,,,,,,,,,,,,,,,,,,,,,,,,,,,,,,,,,,,,,,,,,,,,,,,,,,,,,,,,,,,,,,,,,,,,,,,,,,,,,,,,,,,,,,,,,,,,,,,,,,,,,,,,,,,,,,,,,,,,,,,,,,,,,,,,,,,,,,,,,,,,,,,,,,,,,,,,,,,,,,,,,,,,,,,,,,,,,,,,,,,,,,,,,,,,,,,,,,,,,,,,,,,,,,,,,,,,,,,,,,,,,,,,,,,,,,,,,,,,,,,,,,,,,,,,,,,,,,,,,,,,,,,,,,,,,,,,,,,,,,,,,,,,,,,,,,,,,,,,,,,,,,,,,,,,,,,,,,,,,,,,,,,,,,,,,,,,,,,,,,,,,,,,,,,,,,,,,,,,,,,,,,,,,,,,,,,,,,,,
35.1077764,127.2000409,벌-개량종,1,7847,554.0,8338.0,1500.0,4713.0,1252.0,8718.0,2434.0,6718.0,5410.0,5413.0,2819.0,66.0,5407.0,4558.0,6725.0,771.0,2000.0,4736.0,4744.0,5684.0,7847.0,8735.0,8350.0,5398.0,5681.0,6250.0,5674.0,2817.0,1515.0,65.0,780.0,1260.0,7855.0,7862.0,4746.0,556.0,1981.0,1999.0,3298.0,2450.0,1992.0,4732.0,5670.0,772.0,1257.0,781.0,2466.0,1519.0,2454.0,6251.0,3909.0,3911.0,1266.0,6266.0,7385.0,3307.0,6732.0,78.0,4566.0,1526.0,8588.0,5415.0,7867.0,,,,,,,,,,,,,,,,,,,,,,,,,,,,,,,,,,,,,,,,,,,,,,,,,,,,,,,,,,,,,,,,,,,,,,,,,,,,,,,,,,,,,,,,,,,,,,,,,,,,,,,,,,,,,,,,,,,,,,,,,,,,,,,,,,,,,,,,,,,,,,,,,,,,,,,,,,,,,,,,,,,,,,,,,,,,,,,,,,,,,,,,,,,,,,,,,,,,,,,,,,,,,,,,,,,,,,,,,,,,,,,,,,,,,,,,,,,,,,,,,,,,,,,,,,,,,,,,,,,,,,,,,,,,,,,,,,,,,,,,,,,,,,,,,,,,,,,,,,,,,,,,,,,,,,,,,,,,,,,,,,,,,,,,,,,,,,,,,,,,,,,,,,,,,,,,,,,,,,,,,,,,,,,,,,,,,,,,,,,,,,,,,,,,,,,,,,,,,,,,,,,,,,,,,,,,,,,,,,,,,,,,,,,,,,,,,
38.2355632,127.9878123,벌-개량종,1,6146,2746.0,731.0,8586.0,4449.0,1923.0,1201.0,3723.0,2346.0,6697.0,8254.0,3162.0,433.0,7230.0,7736.0,5321.0,6144.0,729.0,7733.0,730.0,4447.0,2748.0,6141.0,2749.0,3163.0,3161.0,5319.0,6146.0,6151.0,2341.0,1922.0,7227.0,2345.0,8624.0,8623.0,8585.0,2745.0,726.0,4446.0,728.0,,,,,,,,,,,,,,,,,,,,,,,,,,,,,,,,,,,,,,,,,,,,,,,,,,,,,,,,,,,,,,,,,,,,,,,,,,,,,,,,,,,,,,,,,,,,,,,,,,,,,,,,,,,,,,,,,,,,,,,,,,,,,,,,,,,,,,,,,,,,,,,,,,,,,,,,,,,,,,,,,,,,,,,,,,,,,,,,,,,,,,,,,,,,,,,,,,,,,,,,,,,,,,,,,,,,,,,,,,,,,,,,,,,,,,,,,,,,,,,,,,,,,,,,,,,,,,,,,,,,,,,,,,,,,,,,,,,,,,,,,,,,,,,,,,,,,,,,,,,,,,,,,,,,,,,,,,,,,,,,,,,,,,,,,,,,,,,,,,,,,,,,,,,,,,,,,,,,,,,,,,,,,,,,,,,,,,,,,,,,,,,,,,,,,,,,,,,,,,,,,,,,,,,,,,,,,,,,,,,,,,,,,,,,,,,,,,,,,,,,,,,,,,,,,,,,,,,,,
36.6389298,128.2201196,벌-개량종,5,2364,1355.0,4947.0,1671.0,594.0,5507.0,7267.0,2137.0,8853.0,2542.0,2363.0,4091.0,518.0,916.0,4601.0,6903.0,223.0,2962.0,5801.0,8464.0,8909.0,6432.0,225.0,4095.0,4946.0,2138.0,7564.0,5508.0,1357.0,4602.0,3442.0,1674.0,8036.0,6433.0,8851.0,5805.0,2547.0,2364.0,920.0,,,,,,,,,,,,,,,,,,,,,,,,,,,,,,,,,,,,,,,,,,,,,,,,,,,,,,,,,,,,,,,,,,,,,,,,,,,,,,,,,,,,,,,,,,,,,,,,,,,,,,,,,,,,,,,,,,,,,,,,,,,,,,,,,,,,,,,,,,,,,,,,,,,,,,,,,,,,,,,,,,,,,,,,,,,,,,,,,,,,,,,,,,,,,,,,,,,,,,,,,,,,,,,,,,,,,,,,,,,,,,,,,,,,,,,,,,,,,,,,,,,,,,,,,,,,,,,,,,,,,,,,,,,,,,,,,,,,,,,,,,,,,,,,,,,,,,,,,,,,,,,,,,,,,,,,,,,,,,,,,,,,,,,,,,,,,,,,,,,,,,,,,,,,,,,,,,,,,,,,,,,,,,,,,,,,,,,,,,,,,,,,,,,,,,,,,,,,,,,,,,,,,,,,,,,,,,,,,,,,,,,,,,,,,,,,,,,,,,,,,,,,,,,,,,,,,,,,,,
35.200009,126.9515173,벌-개량종,1,562,6734.0,7243.0,5419.0,8365.0,3929.0,7465.0,562.0,4754.0,4571.0,66.0,7847.0,8735.0,8350.0,5398.0,2817.0,1515.0,1981.0,4732.0,5670.0,6251.0,,,,,,,,,,,,,,,,,,,,,,,,,,,,,,,,,,,,,,,,,,,,,,,,,,,,,,,,,,,,,,,,,,,,,,,,,,,,,,,,,,,,,,,,,,,,,,,,,,,,,,,,,,,,,,,,,,,,,,,,,,,,,,,,,,,,,,,,,,,,,,,,,,,,,,,,,,,,,,,,,,,,,,,,,,,,,,,,,,,,,,,,,,,,,,,,,,,,,,,,,,,,,,,,,,,,,,,,,,,,,,,,,,,,,,,,,,,,,,,,,,,,,,,,,,,,,,,,,,,,,,,,,,,,,,,,,,,,,,,,,,,,,,,,,,,,,,,,,,,,,,,,,,,,,,,,,,,,,,,,,,,,,,,,,,,,,,,,,,,,,,,,,,,,,,,,,,,,,,,,,,,,,,,,,,,,,,,,,,,,,,,,,,,,,,,,,,,,,,,,,,,,,,,,,,,,,,,,,,,,,,,,,,,,,,,,,,,,,,,,,,,,,,,,,,,,,,,,,,,,,,,,,,,,,,,,,,,,
35.200009,126.9515173,벌-개량종,1,562,6734.0,7243.0,5419.0,8365.0,3929.0,7465.0,562.0,4754.0,4571.0,66.0,7847.0,8735.0,8350.0,5398.0,2817.0,1515.0,1981.0,4732.0,5670.0,6251.0,,,,,,,,,,,,,,,,,,,,,,,,,,,,,,,,,,,,,,,,,,,,,,,,,,,,,,,,,,,,,,,,,,,,,,,,,,,,,,,,,,,,,,,,,,,,,,,,,,,,,,,,,,,,,,,,,,,,,,,,,,,,,,,,,,,,,,,,,,,,,,,,,,,,,,,,,,,,,,,,,,,,,,,,,,,,,,,,,,,,,,,,,,,,,,,,,,,,,,,,,,,,,,,,,,,,,,,,,,,,,,,,,,,,,,,,,,,,,,,,,,,,,,,,,,,,,,,,,,,,,,,,,,,,,,,,,,,,,,,,,,,,,,,,,,,,,,,,,,,,,,,,,,,,,,,,,,,,,,,,,,,,,,,,,,,,,,,,,,,,,,,,,,,,,,,,,,,,,,,,,,,,,,,,,,,,,,,,,,,,,,,,,,,,,,,,,,,,,,,,,,,,,,,,,,,,,,,,,,,,,,,,,,,,,,,,,,,,,,,,,,,,,,,,,,,,,,,,,,,,,,,,,,,,,,,,,,,,
36.8308912,128.6942083,벌-개량종,2,241,5814.0,6915.0,6934.0,6919.0,8067.0,8481.0,3474.0,1696.0,6462.0,2998.0,600.0,4977.0,2367.0,4994.0,7586.0,8053.0,4127.0,6450.0,1685.0,234.0,1368.0,2553.0,251.0,8068.0,6463.0,2551.0,6449.0,2368.0,6925.0,7587.0,926.0,4129.0,1697.0,241.0,7579.0,4986.0,5823.0,4978.0,4135.0,4997.0,8059.0,2557.0,1705.0,936.0,8860.0,7574.0,3006.0,4112.0,1686.0,5818.0,2984.0,5004.0,5829.0,2992.0,3464.0,1692.0,7401.0,2158.0,2999.0,6942.0,7598.0,941.0,2165.0,5834.0,8075.0,,,,,,,,,,,,,,,,,,,,,,,,,,,,,,,,,,,,,,,,,,,,,,,,,,,,,,,,,,,,,,,,,,,,,,,,,,,,,,,,,,,,,,,,,,,,,,,,,,,,,,,,,,,,,,,,,,,,,,,,,,,,,,,,,,,,,,,,,,,,,,,,,,,,,,,,,,,,,,,,,,,,,,,,,,,,,,,,,,,,,,,,,,,,,,,,,,,,,,,,,,,,,,,,,,,,,,,,,,,,,,,,,,,,,,,,,,,,,,,,,,,,,,,,,,,,,,,,,,,,,,,,,,,,,,,,,,,,,,,,,,,,,,,,,,,,,,,,,,,,,,,,,,,,,,,,,,,,,,,,,,,,,,,,,,,,,,,,,,,,,,,,,,,,,,,,,,,,,,,,,,,,,,,,,,,,,,,,,,,,,,,,,,,,,,,,,,,,,,,,,,,,,,,,,,,,,,,,,,,,,,,,,,,,,,,
35.6634688,128.4027436,벌-개량종,30,7480,6761.0,105.0,803.0,8373.0,8780.0,3954.0,8374.0,3955.0,3956.0,6747.0,110.0,1559.0,7475.0,2859.0,2865.0,4787.0,7479.0,4788.0,807.0,7899.0,7890.0,1560.0,7480.0,8379.0,6298.0,2031.0,2022.0,6297.0,7906.0,808.0,111.0,7907.0,2483.0,8777.0,2023.0,98.0,1282.0,2866.0,3945.0,6749.0,7894.0,6289.0,1551.0,6780.0,,,,,,,,,,,,,,,,,,,,,,,,,,,,,,,,,,,,,,,,,,,,,,,,,,,,,,,,,,,,,,,,,,,,,,,,,,,,,,,,,,,,,,,,,,,,,,,,,,,,,,,,,,,,,,,,,,,,,,,,,,,,,,,,,,,,,,,,,,,,,,,,,,,,,,,,,,,,,,,,,,,,,,,,,,,,,,,,,,,,,,,,,,,,,,,,,,,,,,,,,,,,,,,,,,,,,,,,,,,,,,,,,,,,,,,,,,,,,,,,,,,,,,,,,,,,,,,,,,,,,,,,,,,,,,,,,,,,,,,,,,,,,,,,,,,,,,,,,,,,,,,,,,,,,,,,,,,,,,,,,,,,,,,,,,,,,,,,,,,,,,,,,,,,,,,,,,,,,,,,,,,,,,,,,,,,,,,,,,,,,,,,,,,,,,,,,,,,,,,,,,,,,,,,,,,,,,,,,,,,,,,,,,,,,,,,,,,,,,,,,,,,,,,,,,,,
37.4358164,129.1399179,벌-개량종,60,1428,5982.0,5173.0,1093.0,3611.0,2270.0,2646.0,1803.0,1796.0,6585.0,6579.0,8533.0,8532.0,1428.0,356.0,350.0,7063.0,8184.0,8882.0,8881.0,2641.0,2263.0,4277.0,5183.0,1430.0,7668.0,,,,,,,,,,,,,,,,,,,,,,,,,,,,,,,,,,,,,,,,,,,,,,,,,,,,,,,,,,,,,,,,,,,,,,,,,,,,,,,,,,,,,,,,,,,,,,,,,,,,,,,,,,,,,,,,,,,,,,,,,,,,,,,,,,,,,,,,,,,,,,,,,,,,,,,,,,,,,,,,,,,,,,,,,,,,,,,,,,,,,,,,,,,,,,,,,,,,,,,,,,,,,,,,,,,,,,,,,,,,,,,,,,,,,,,,,,,,,,,,,,,,,,,,,,,,,,,,,,,,,,,,,,,,,,,,,,,,,,,,,,,,,,,,,,,,,,,,,,,,,,,,,,,,,,,,,,,,,,,,,,,,,,,,,,,,,,,,,,,,,,,,,,,,,,,,,,,,,,,,,,,,,,,,,,,,,,,,,,,,,,,,,,,,,,,,,,,,,,,,,,,,,,,,,,,,,,,,,,,,,,,,,,,,,,,,,,,,,,,,,,,,,,,,,,,,,,,,,,,,,,,,,,,,,,,
36.955982,127.6337621,벌-개량종,250,5843,5518.0,928.0,521.0,6451.0,2987.0,7576.0,6921.0,5821.0,2555.0,3467.0,4982.0,2153.0,1689.0,4111.0,1362.0,6448.0,1687.0,3499.0,5843.0,5848.0,261.0,5849.0,961.0,3018.0,4976.0,7572.0,8052.0,925.0,1364.0,8910.0,4113.0,1377.0,6471.0,2173.0,5017.0,927.0,8471.0,6949.0,5846.0,4146.0,3017.0,8055.0,959.0,4144.0,8088.0,962.0,235.0,8085.0,963.0,8054.0,8087.0,5025.0,958.0,5026.0,957.0,8596.0,956.0,954.0,4148.0,3015.0,5022.0,5027.0,6920.0,3014.0,8086.0,5021.0,1714.0,5019.0,1717.0,964.0,5847.0,3493.0,3495.0,3496.0,8858.0,1378.0,3498.0,1720.0,5028.0,965.0,3019.0,5029.0,5850.0,263.0,966.0,5851.0,6473.0,2565.0,8089.0,968.0,3501.0,8092.0,1383.0,5033.0,8093.0,5853.0,4152.0,6953.0,6952.0,5032.0,6475.0,6477.0,8091.0,1382.0,6476.0,1721.0,3503.0,3022.0,3502.0,3021.0,969.0,6954.0,2177.0,3507.0,5039.0,2181.0,3030.0,1384.0,5856.0,268.0,3504.0,3023.0,6481.0,8098.0,5532.0,265.0,3505.0,971.0,1386.0,2179.0,3028.0,5035.0,5534.0,975.0,1388.0,272.0,3032.0,4158.0,5535.0,3509.0,5041.0,5862.0,6484.0,6960.0,273.0,977.0,3035.0,3510.0,5042.0,6485.0,8100.0,282.0,6967.0,6501.0,3466.0,6961.0,8936.0,2986.0,6918.0,8470.0,262.0,5861.0,4160.0,2572.0,271.0,980.0,277.0,3031.0,974.0,8495.0,614.0,6486.0,5519.0,6452.0,4115.0,2184.0,5044.0,2174.0,5023.0,2150.0,5819.0,2151.0,3511.0,4149.0,1684.0,2554.0,4980.0,274.0,276.0,5517.0,233.0,2552.0,3513.0,6472.0,3465.0,981.0,236.0,3494.0,5817.0,2983.0,1389.0,278.0,4161.0,4162.0,1732.0,7612.0,617.0,5537.0,2186.0,3036.0,8102.0,1729.0,5046.0,5045.0,2185.0,615.0,5047.0,982.0,2575.0,279.0,3514.0,5050.0,8499.0,983.0,5871.0,5540.0,5543.0,266.0,612.0,1726.0,2568.0,4155.0,5037.0,8492.0,,,,,,,,,,,,,,,,,,,,,,,,,,,,,,,,,,,,,,,,,,,,,,,,,,,,,,,,,,,,,,,,,,,,,,,,,,,,,,,,,,,,,,,,,,,,,,,,,,,,,,,,,,,,,,,,,,,,,,,,,,,,,,,,,,,,,,,,,,,,,,,,,,,,,,,,,,,,,,,,,,,,,,,,,,,,,,,,,,,,,,,,,,,,,,,,,,,,,,,,,,,,,,,,,,,,,,,,,,,,,,,,,,,,,,,,,,,,,,,,,,,,,,,,,,,,,,,,,,,,,,
36.6389298,128.2201196,벌-개량종,140,2364,1355.0,4947.0,1671.0,594.0,5507.0,7267.0,2137.0,8853.0,2542.0,2363.0,4091.0,518.0,916.0,4601.0,6903.0,223.0,2962.0,5801.0,8464.0,8909.0,6432.0,225.0,4095.0,4946.0,2138.0,7564.0,5508.0,1357.0,4602.0,3442.0,1674.0,8036.0,6433.0,8851.0,5805.0,2547.0,2364.0,920.0,,,,,,,,,,,,,,,,,,,,,,,,,,,,,,,,,,,,,,,,,,,,,,,,,,,,,,,,,,,,,,,,,,,,,,,,,,,,,,,,,,,,,,,,,,,,,,,,,,,,,,,,,,,,,,,,,,,,,,,,,,,,,,,,,,,,,,,,,,,,,,,,,,,,,,,,,,,,,,,,,,,,,,,,,,,,,,,,,,,,,,,,,,,,,,,,,,,,,,,,,,,,,,,,,,,,,,,,,,,,,,,,,,,,,,,,,,,,,,,,,,,,,,,,,,,,,,,,,,,,,,,,,,,,,,,,,,,,,,,,,,,,,,,,,,,,,,,,,,,,,,,,,,,,,,,,,,,,,,,,,,,,,,,,,,,,,,,,,,,,,,,,,,,,,,,,,,,,,,,,,,,,,,,,,,,,,,,,,,,,,,,,,,,,,,,,,,,,,,,,,,,,,,,,,,,,,,,,,,,,,,,,,,,,,,,,,,,,,,,,,,,,,,,,,,,,,,,,,,
36.5789495,128.7192854,벌-개량종,1,1663,901.0,8014.0,5791.0,2131.0,5797.0,6890.0,8021.0,8461.0,907.0,2953.0,4080.0,3427.0,5500.0,212.0,1663.0,5494.0,7557.0,6422.0,2535.0,6895.0,4930.0,7397.0,3440.0,,,,,,,,,,,,,,,,,,,,,,,,,,,,,,,,,,,,,,,,,,,,,,,,,,,,,,,,,,,,,,,,,,,,,,,,,,,,,,,,,,,,,,,,,,,,,,,,,,,,,,,,,,,,,,,,,,,,,,,,,,,,,,,,,,,,,,,,,,,,,,,,,,,,,,,,,,,,,,,,,,,,,,,,,,,,,,,,,,,,,,,,,,,,,,,,,,,,,,,,,,,,,,,,,,,,,,,,,,,,,,,,,,,,,,,,,,,,,,,,,,,,,,,,,,,,,,,,,,,,,,,,,,,,,,,,,,,,,,,,,,,,,,,,,,,,,,,,,,,,,,,,,,,,,,,,,,,,,,,,,,,,,,,,,,,,,,,,,,,,,,,,,,,,,,,,,,,,,,,,,,,,,,,,,,,,,,,,,,,,,,,,,,,,,,,,,,,,,,,,,,,,,,,,,,,,,,,,,,,,,,,,,,,,,,,,,,,,,,,,,,,,,,,,,,,,,,,,,,,,,,,,,,,,,,,,,
35.2495331,127.1779403,벌-개량종,100,3307,5410.0,4743.0,5413.0,2819.0,6729.0,66.0,5407.0,4558.0,7463.0,6725.0,771.0,2000.0,4736.0,4744.0,5684.0,7847.0,75.0,2461.0,8735.0,8350.0,5398.0,1221.0,5681.0,6250.0,5674.0,2817.0,1515.0,65.0,780.0,1260.0,7855.0,3305.0,4562.0,7862.0,4746.0,3917.0,556.0,1981.0,1999.0,3298.0,2450.0,7459.0,8356.0,6728.0,1992.0,4732.0,5670.0,772.0,1257.0,781.0,6261.0,2466.0,7242.0,1519.0,7316.0,2454.0,6251.0,3909.0,3911.0,7861.0,1266.0,6266.0,7385.0,3307.0,6732.0,78.0,4566.0,1526.0,8588.0,5415.0,7867.0,1267.0,1527.0,5635.0,2009.0,5686.0,7468.0,473.0,3932.0,7320.0,,,,,,,,,,,,,,,,,,,,,,,,,,,,,,,,,,,,,,,,,,,,,,,,,,,,,,,,,,,,,,,,,,,,,,,,,,,,,,,,,,,,,,,,,,,,,,,,,,,,,,,,,,,,,,,,,,,,,,,,,,,,,,,,,,,,,,,,,,,,,,,,,,,,,,,,,,,,,,,,,,,,,,,,,,,,,,,,,,,,,,,,,,,,,,,,,,,,,,,,,,,,,,,,,,,,,,,,,,,,,,,,,,,,,,,,,,,,,,,,,,,,,,,,,,,,,,,,,,,,,,,,,,,,,,,,,,,,,,,,,,,,,,,,,,,,,,,,,,,,,,,,,,,,,,,,,,,,,,,,,,,,,,,,,,,,,,,,,,,,,,,,,,,,,,,,,,,,,,,,,,,,,,,,,,,,,,,,,,,,,,,,,,,,,,,,,,,,,,,,,,,,,,,,,,,,,,,,
34.8780837,126.9078796,벌-개량종,1,8332,3877.0,6208.0,2790.0,7435.0,4688.0,1477.0,8331.0,59.0,4555.0,42.0,41.0,62.0,61.0,5395.0,1512.0,6239.0,60.0,1967.0,8342.0,7797.0,1952.0,4730.0,4729.0,4728.0,3259.0,3902.0,8336.0,7842.0,43.0,7820.0,553.0,1237.0,2429.0,1968.0,2414.0,5386.0,8709.0,8708.0,8707.0,4705.0,552.0,8690.0,7433.0,3849.0,5373.0,4526.0,5396.0,3903.0,6238.0,1969.0,8332.0,2805.0,1971.0,5390.0,5659.0,46.0,7822.0,4707.0,8711.0,47.0,7823.0,2803.0,6226.0,7819.0,4704.0,8697.0,2792.0,4531.0,29.0,4689.0,4690.0,6214.0,5651.0,6216.0,8717.0,8719.0,48.0,7824.0,4714.0,6717.0,1498.0,555.0,8343.0,4556.0,8344.0,,,,,,,,,,,,,,,,,,,,,,,,,,,,,,,,,,,,,,,,,,,,,,,,,,,,,,,,,,,,,,,,,,,,,,,,,,,,,,,,,,,,,,,,,,,,,,,,,,,,,,,,,,,,,,,,,,,,,,,,,,,,,,,,,,,,,,,,,,,,,,,,,,,,,,,,,,,,,,,,,,,,,,,,,,,,,,,,,,,,,,,,,,,,,,,,,,,,,,,,,,,,,,,,,,,,,,,,,,,,,,,,,,,,,,,,,,,,,,,,,,,,,,,,,,,,,,,,,,,,,,,,,,,,,,,,,,,,,,,,,,,,,,,,,,,,,,,,,,,,,,,,,,,,,,,,,,,,,,,,,,,,,,,,,,,,,,,,,,,,,,,,,,,,,,,,,,,,,,,,,,,,,,,,,,,,,,,,,,,,,,,,,,,,,,,,,,,,,,,,,,,,,,,,,,,
36.527337,128.1444098,벌-개량종,200,3442,1355.0,4947.0,1671.0,5507.0,2137.0,2542.0,2363.0,4091.0,518.0,916.0,4601.0,6903.0,223.0,2962.0,5801.0,8464.0,6432.0,225.0,4095.0,4946.0,2138.0,7564.0,5508.0,1357.0,4602.0,3442.0,1674.0,8036.0,6433.0,8851.0,5805.0,920.0,211.0,906.0,1350.0,1661.0,2129.0,2533.0,3432.0,4078.0,4928.0,5498.0,5796.0,6421.0,6894.0,7556.0,8019.0,8459.0,,,,,,,,,,,,,,,,,,,,,,,,,,,,,,,,,,,,,,,,,,,,,,,,,,,,,,,,,,,,,,,,,,,,,,,,,,,,,,,,,,,,,,,,,,,,,,,,,,,,,,,,,,,,,,,,,,,,,,,,,,,,,,,,,,,,,,,,,,,,,,,,,,,,,,,,,,,,,,,,,,,,,,,,,,,,,,,,,,,,,,,,,,,,,,,,,,,,,,,,,,,,,,,,,,,,,,,,,,,,,,,,,,,,,,,,,,,,,,,,,,,,,,,,,,,,,,,,,,,,,,,,,,,,,,,,,,,,,,,,,,,,,,,,,,,,,,,,,,,,,,,,,,,,,,,,,,,,,,,,,,,,,,,,,,,,,,,,,,,,,,,,,,,,,,,,,,,,,,,,,,,,,,,,,,,,,,,,,,,,,,,,,,,,,,,,,,,,,,,,,,,,,,,,,,,,,,,,,,,,,,,,,,,,,,,,,,,,,,,,,,,,,,,,
35.6192242,127.248168,벌-개량종,140,100,6287.0,2024.0,6301.0,1562.0,8383.0,7483.0,7892.0,8376.0,6751.0,4774.0,6768.0,7477.0,100.0,3221.0,7388.0,2855.0,7244.0,3961.0,3327.0,5698.0,3946.0,6772.0,2477.0,6774.0,3335.0,2037.0,3967.0,6776.0,2493.0,3974.0,4806.0,6785.0,3970.0,6781.0,,,,,,,,,,,,,,,,,,,,,,,,,,,,,,,,,,,,,,,,,,,,,,,,,,,,,,,,,,,,,,,,,,,,,,,,,,,,,,,,,,,,,,,,,,,,,,,,,,,,,,,,,,,,,,,,,,,,,,,,,,,,,,,,,,,,,,,,,,,,,,,,,,,,,,,,,,,,,,,,,,,,,,,,,,,,,,,,,,,,,,,,,,,,,,,,,,,,,,,,,,,,,,,,,,,,,,,,,,,,,,,,,,,,,,,,,,,,,,,,,,,,,,,,,,,,,,,,,,,,,,,,,,,,,,,,,,,,,,,,,,,,,,,,,,,,,,,,,,,,,,,,,,,,,,,,,,,,,,,,,,,,,,,,,,,,,,,,,,,,,,,,,,,,,,,,,,,,,,,,,,,,,,,,,,,,,,,,,,,,,,,,,,,,,,,,,,,,,,,,,,,,,,,,,,,,,,,,,,,,,,,,,,,,,,,,,,,,,,,,,,,,,,,,,,,,,,,,,,,,,,
35.6192242,127.248168,벌-개량종,140,100,6287.0,2024.0,6301.0,1562.0,8383.0,7483.0,7892.0,8376.0,6751.0,4774.0,6768.0,7477.0,100.0,3221.0,7388.0,2855.0,7244.0,3961.0,3327.0,5698.0,3946.0,6772.0,2477.0,6774.0,3335.0,2037.0,3967.0,6776.0,2493.0,3974.0,4806.0,6785.0,3970.0,6781.0,,,,,,,,,,,,,,,,,,,,,,,,,,,,,,,,,,,,,,,,,,,,,,,,,,,,,,,,,,,,,,,,,,,,,,,,,,,,,,,,,,,,,,,,,,,,,,,,,,,,,,,,,,,,,,,,,,,,,,,,,,,,,,,,,,,,,,,,,,,,,,,,,,,,,,,,,,,,,,,,,,,,,,,,,,,,,,,,,,,,,,,,,,,,,,,,,,,,,,,,,,,,,,,,,,,,,,,,,,,,,,,,,,,,,,,,,,,,,,,,,,,,,,,,,,,,,,,,,,,,,,,,,,,,,,,,,,,,,,,,,,,,,,,,,,,,,,,,,,,,,,,,,,,,,,,,,,,,,,,,,,,,,,,,,,,,,,,,,,,,,,,,,,,,,,,,,,,,,,,,,,,,,,,,,,,,,,,,,,,,,,,,,,,,,,,,,,,,,,,,,,,,,,,,,,,,,,,,,,,,,,,,,,,,,,,,,,,,,,,,,,,,,,,,,,,,,,,,,,,,,,
36.6839838,126.5831038,벌-개량종,50,2139,5503.0,2959.0,6898.0,4933.0,6425.0,1352.0,6424.0,517.0,221.0,4932.0,7559.0,3436.0,5501.0,216.0,217.0,218.0,1664.0,3435.0,2981.0,4971.0,2980.0,232.0,4108.0,7568.0,3459.0,2149.0,4944.0,227.0,2140.0,6435.0,4938.0,6908.0,6430.0,1358.0,2969.0,4953.0,4954.0,3445.0,3446.0,3447.0,5504.0,8040.0,7266.0,4956.0,2970.0,4090.0,6906.0,6429.0,2968.0,921.0,4958.0,4087.0,6428.0,4959.0,5511.0,8041.0,6909.0,2141.0,5506.0,3448.0,6436.0,4952.0,8039.0,8038.0,4096.0,3444.0,4098.0,2972.0,5807.0,2142.0,8028.0,8029.0,4086.0,2139.0,3452.0,6910.0,519.0,1678.0,3455.0,4963.0,6913.0,7566.0,8045.0,520.0,4964.0,4965.0,7398.0,5809.0,6914.0,8854.0,4105.0,4966.0,5514.0,2145.0,2978.0,4967.0,3457.0,1679.0,2146.0,7399.0,231.0,1360.0,7400.0,2979.0,7567.0,5813.0,4941.0,4940.0,912.0,8463.0,2548.0,4101.0,3451.0,5806.0,1677.0,6439.0,6440.0,8467.0,3454.0,4960.0,6911.0,2144.0,4985.0,3470.0,2991.0,8859.0,1691.0,6454.0,1366.0,240.0,6924.0,8058.0,7578.0,,,,,,,,,,,,,,,,,,,,,,,,,,,,,,,,,,,,,,,,,,,,,,,,,,,,,,,,,,,,,,,,,,,,,,,,,,,,,,,,,,,,,,,,,,,,,,,,,,,,,,,,,,,,,,,,,,,,,,,,,,,,,,,,,,,,,,,,,,,,,,,,,,,,,,,,,,,,,,,,,,,,,,,,,,,,,,,,,,,,,,,,,,,,,,,,,,,,,,,,,,,,,,,,,,,,,,,,,,,,,,,,,,,,,,,,,,,,,,,,,,,,,,,,,,,,,,,,,,,,,,,,,,,,,,,,,,,,,,,,,,,,,,,,,,,,,,,,,,,,,,,,,,,,,,,,,,,,,,,,,,,,,,,,,,,,,,,,,,,,,,,,,,,,,,,,,,,,,,,,,,,
37.7016228,128.8379164,벌-개량종,20,6616,664.0,8600.0,1116.0,666.0,2660.0,8206.0,2293.0,2666.0,2664.0,668.0,8605.0,4303.0,8603.0,4304.0,6018.0,1119.0,6007.0,6602.0,8601.0,8604.0,6003.0,6015.0,672.0,1133.0,2676.0,6028.0,8610.0,7106.0,5632.0,8612.0,7704.0,6029.0,673.0,8546.0,674.0,2677.0,7102.0,7695.0,6032.0,675.0,6034.0,4317.0,6616.0,1137.0,8611.0,1136.0,6035.0,1134.0,6033.0,6052.0,6038.0,7700.0,2680.0,2679.0,676.0,6608.0,2678.0,6617.0,4318.0,,,,,,,,,,,,,,,,,,,,,,,,,,,,,,,,,,,,,,,,,,,,,,,,,,,,,,,,,,,,,,,,,,,,,,,,,,,,,,,,,,,,,,,,,,,,,,,,,,,,,,,,,,,,,,,,,,,,,,,,,,,,,,,,,,,,,,,,,,,,,,,,,,,,,,,,,,,,,,,,,,,,,,,,,,,,,,,,,,,,,,,,,,,,,,,,,,,,,,,,,,,,,,,,,,,,,,,,,,,,,,,,,,,,,,,,,,,,,,,,,,,,,,,,,,,,,,,,,,,,,,,,,,,,,,,,,,,,,,,,,,,,,,,,,,,,,,,,,,,,,,,,,,,,,,,,,,,,,,,,,,,,,,,,,,,,,,,,,,,,,,,,,,,,,,,,,,,,,,,,,,,,,,,,,,,,,,,,,,,,,,,,,,,,,,,,,,,,,,,,,,,,,,,,,,,,,,,,,,,,,,,,,,,,,,,,,,,,,
36.6839838,126.5831038,벌-개량종,50,2139,5503.0,2959.0,6898.0,4933.0,6425.0,1352.0,6424.0,517.0,221.0,4932.0,7559.0,3436.0,5501.0,216.0,217.0,218.0,1664.0,3435.0,2981.0,4971.0,2980.0,232.0,4108.0,7568.0,3459.0,2149.0,4944.0,227.0,2140.0,6435.0,4938.0,6908.0,6430.0,1358.0,2969.0,4953.0,4954.0,3445.0,3446.0,3447.0,5504.0,8040.0,7266.0,4956.0,2970.0,4090.0,6906.0,6429.0,2968.0,921.0,4958.0,4087.0,6428.0,4959.0,5511.0,8041.0,6909.0,2141.0,5506.0,3448.0,6436.0,4952.0,8039.0,8038.0,4096.0,3444.0,4098.0,2972.0,5807.0,2142.0,8028.0,8029.0,4086.0,2139.0,3452.0,6910.0,519.0,1678.0,3455.0,4963.0,6913.0,7566.0,8045.0,520.0,4964.0,4965.0,7398.0,5809.0,6914.0,8854.0,4105.0,4966.0,5514.0,2145.0,2978.0,4967.0,3457.0,1679.0,2146.0,7399.0,231.0,1360.0,7400.0,2979.0,7567.0,5813.0,4941.0,4940.0,912.0,8463.0,2548.0,4101.0,3451.0,5806.0,1677.0,6439.0,6440.0,8467.0,3454.0,4960.0,6911.0,2144.0,4985.0,3470.0,2991.0,8859.0,1691.0,6454.0,1366.0,240.0,6924.0,8058.0,7578.0,,,,,,,,,,,,,,,,,,,,,,,,,,,,,,,,,,,,,,,,,,,,,,,,,,,,,,,,,,,,,,,,,,,,,,,,,,,,,,,,,,,,,,,,,,,,,,,,,,,,,,,,,,,,,,,,,,,,,,,,,,,,,,,,,,,,,,,,,,,,,,,,,,,,,,,,,,,,,,,,,,,,,,,,,,,,,,,,,,,,,,,,,,,,,,,,,,,,,,,,,,,,,,,,,,,,,,,,,,,,,,,,,,,,,,,,,,,,,,,,,,,,,,,,,,,,,,,,,,,,,,,,,,,,,,,,,,,,,,,,,,,,,,,,,,,,,,,,,,,,,,,,,,,,,,,,,,,,,,,,,,,,,,,,,,,,,,,,,,,,,,,,,,,,,,,,,,,,,,,,,,,
37.3910274,128.9927715,벌-개량종,60,1093,1773.0,643.0,2617.0,4238.0,7032.0,5946.0,6549.0,7656.0,5128.0,5982.0,4225.0,5173.0,1093.0,3611.0,7035.0,2239.0,3080.0,7405.0,2618.0,8160.0,1416.0,2270.0,5947.0,2646.0,644.0,7655.0,5569.0,4240.0,329.0,1803.0,5138.0,1058.0,1796.0,6585.0,6579.0,8533.0,8532.0,1428.0,356.0,350.0,7063.0,8184.0,8882.0,8881.0,2641.0,8513.0,2263.0,4277.0,5183.0,7402.0,527.0,1430.0,7668.0,,,,,,,,,,,,,,,,,,,,,,,,,,,,,,,,,,,,,,,,,,,,,,,,,,,,,,,,,,,,,,,,,,,,,,,,,,,,,,,,,,,,,,,,,,,,,,,,,,,,,,,,,,,,,,,,,,,,,,,,,,,,,,,,,,,,,,,,,,,,,,,,,,,,,,,,,,,,,,,,,,,,,,,,,,,,,,,,,,,,,,,,,,,,,,,,,,,,,,,,,,,,,,,,,,,,,,,,,,,,,,,,,,,,,,,,,,,,,,,,,,,,,,,,,,,,,,,,,,,,,,,,,,,,,,,,,,,,,,,,,,,,,,,,,,,,,,,,,,,,,,,,,,,,,,,,,,,,,,,,,,,,,,,,,,,,,,,,,,,,,,,,,,,,,,,,,,,,,,,,,,,,,,,,,,,,,,,,,,,,,,,,,,,,,,,,,,,,,,,,,,,,,,,,,,,,,,,,,,,,,,,,,,,,,,,,,,,,,,,,,,,
36.2348288,128.5647509,벌-개량종,30,8431,8416.0,1316.0,1318.0,1320.0,2512.0,4866.0,6359.0,6837.0,6846.0,6841.0,8425.0,6374.0,4036.0,8427.0,6828.0,8426.0,581.0,6847.0,870.0,8415.0,1597.0,1608.0,882.0,880.0,7547.0,4892.0,6869.0,888.0,6870.0,4895.0,1334.0,7543.0,1636.0,5770.0,5779.0,8444.0,2932.0,6876.0,8439.0,1337.0,4904.0,3403.0,5481.0,4060.0,2926.0,1331.0,2923.0,5479.0,7991.0,7993.0,186.0,181.0,175.0,2922.0,6402.0,6394.0,2112.0,2359.0,2360.0,6393.0,8431.0,1629.0,,,,,,,,,,,,,,,,,,,,,,,,,,,,,,,,,,,,,,,,,,,,,,,,,,,,,,,,,,,,,,,,,,,,,,,,,,,,,,,,,,,,,,,,,,,,,,,,,,,,,,,,,,,,,,,,,,,,,,,,,,,,,,,,,,,,,,,,,,,,,,,,,,,,,,,,,,,,,,,,,,,,,,,,,,,,,,,,,,,,,,,,,,,,,,,,,,,,,,,,,,,,,,,,,,,,,,,,,,,,,,,,,,,,,,,,,,,,,,,,,,,,,,,,,,,,,,,,,,,,,,,,,,,,,,,,,,,,,,,,,,,,,,,,,,,,,,,,,,,,,,,,,,,,,,,,,,,,,,,,,,,,,,,,,,,,,,,,,,,,,,,,,,,,,,,,,,,,,,,,,,,,,,,,,,,,,,,,,,,,,,,,,,,,,,,,,,,,,,,,,,,,,,,,,,,,,,,,,,,,,,,,,,,,,,,,,,
37.8315284,128.8219993,벌-개량종,120,6616,7704.0,6616.0,,,,,,,,,,,,,,,,,,,,,,,,,,,,,,,,,,,,,,,,,,,,,,,,,,,,,,,,,,,,,,,,,,,,,,,,,,,,,,,,,,,,,,,,,,,,,,,,,,,,,,,,,,,,,,,,,,,,,,,,,,,,,,,,,,,,,,,,,,,,,,,,,,,,,,,,,,,,,,,,,,,,,,,,,,,,,,,,,,,,,,,,,,,,,,,,,,,,,,,,,,,,,,,,,,,,,,,,,,,,,,,,,,,,,,,,,,,,,,,,,,,,,,,,,,,,,,,,,,,,,,,,,,,,,,,,,,,,,,,,,,,,,,,,,,,,,,,,,,,,,,,,,,,,,,,,,,,,,,,,,,,,,,,,,,,,,,,,,,,,,,,,,,,,,,,,,,,,,,,,,,,,,,,,,,,,,,,,,,,,,,,,,,,,,,,,,,,,,,,,,,,,,,,,,,,,,,,,,,,,,,,,,,,,,,,,,,,,,,,,,,,,,,,,,,,,,,,,,,,,,,,,,,,,,,,,,,,,,,,,,,,,,,,,,,,,,,
37.3737093,128.0116955,벌-개량종,5,3079,4246.0,8520.0,6559.0,1772.0,642.0,7028.0,5137.0,327.0,7026.0,3078.0,5567.0,1055.0,6548.0,7653.0,2236.0,1056.0,6547.0,1417.0,8157.0,2237.0,7065.0,7072.0,7283.0,5177.0,7073.0,6584.0,7282.0,7674.0,3079.0,7038.0,5943.0,3569.0,5175.0,7060.0,1795.0,3096.0,5584.0,6578.0,654.0,5172.0,7061.0,1804.0,4278.0,5180.0,5181.0,7677.0,657.0,2373.0,4271.0,,,,,,,,,,,,,,,,,,,,,,,,,,,,,,,,,,,,,,,,,,,,,,,,,,,,,,,,,,,,,,,,,,,,,,,,,,,,,,,,,,,,,,,,,,,,,,,,,,,,,,,,,,,,,,,,,,,,,,,,,,,,,,,,,,,,,,,,,,,,,,,,,,,,,,,,,,,,,,,,,,,,,,,,,,,,,,,,,,,,,,,,,,,,,,,,,,,,,,,,,,,,,,,,,,,,,,,,,,,,,,,,,,,,,,,,,,,,,,,,,,,,,,,,,,,,,,,,,,,,,,,,,,,,,,,,,,,,,,,,,,,,,,,,,,,,,,,,,,,,,,,,,,,,,,,,,,,,,,,,,,,,,,,,,,,,,,,,,,,,,,,,,,,,,,,,,,,,,,,,,,,,,,,,,,,,,,,,,,,,,,,,,,,,,,,,,,,,,,,,,,,,,,,,,,,,,,,,,,,,,,,,,,,,,,,,,,,,,,,,,,,,,,,
37.178741,127.5891868,벌-개량종,68,302,6504.0,5063.0,5066.0,2200.0,3042.0,8113.0,3523.0,6982.0,1397.0,1395.0,998.0,5546.0,5905.0,2205.0,1016.0,5094.0,3045.0,5090.0,6523.0,5904.0,5903.0,629.0,3543.0,5889.0,8115.0,3540.0,3539.0,3052.0,3536.0,5093.0,3053.0,3054.0,3055.0,8128.0,5896.0,5897.0,1020.0,1407.0,1015.0,6522.0,5910.0,5089.0,5901.0,2207.0,1019.0,6996.0,5092.0,3538.0,5097.0,1022.0,304.0,1014.0,5900.0,8131.0,1023.0,3057.0,6995.0,4204.0,3544.0,5101.0,5911.0,5102.0,8130.0,3549.0,5106.0,5913.0,6527.0,8135.0,3547.0,1025.0,308.0,2595.0,4206.0,1026.0,5105.0,6528.0,6997.0,8137.0,8136.0,309.0,4208.0,3548.0,3059.0,5104.0,3546.0,6526.0,5912.0,5103.0,3545.0,4207.0,3499.0,5843.0,5848.0,261.0,5849.0,961.0,3018.0,1377.0,6471.0,2173.0,5017.0,6949.0,5846.0,4146.0,3017.0,959.0,4144.0,8088.0,962.0,8085.0,963.0,8087.0,5025.0,958.0,5026.0,957.0,8596.0,956.0,954.0,4148.0,3015.0,5022.0,5027.0,3014.0,8086.0,5021.0,1714.0,5019.0,1717.0,964.0,5847.0,3493.0,3495.0,3496.0,1378.0,3498.0,1720.0,5028.0,965.0,3019.0,5029.0,5850.0,263.0,966.0,5851.0,6473.0,2565.0,8089.0,968.0,3501.0,8092.0,1383.0,5033.0,8093.0,5853.0,4152.0,6953.0,6952.0,5032.0,6475.0,6477.0,8091.0,1382.0,6476.0,1721.0,3503.0,3022.0,3502.0,3021.0,969.0,6954.0,2177.0,3507.0,5039.0,2181.0,3030.0,1384.0,5856.0,268.0,3504.0,3023.0,6481.0,8098.0,5532.0,265.0,3505.0,971.0,1386.0,2179.0,3028.0,5035.0,5534.0,975.0,1388.0,272.0,3032.0,4158.0,5535.0,3509.0,5041.0,5862.0,6484.0,6960.0,273.0,977.0,3035.0,3510.0,5042.0,6485.0,8100.0,282.0,6967.0,6501.0,999.0,3043.0,1398.0,4198.0,298.0,5079.0,4197.0,6516.0,5893.0,302.0,1008.0,1011.0,8124.0,6514.0,6988.0,1400.0,8126.0,1013.0,1002.0,5076.0,3541.0,1403.0,5070.0,1405.0,295.0,6511.0,6989.0,4192.0,297.0,3529.0,5077.0,5084.0,3534.0,6518.0,5075.0,5552.0,5551.0,3533.0,6519.0,4199.0,5087.0,5082.0,4195.0,3532.0,3048.0,1007.0,3047.0,1003.0,5088.0,1401.0,1010.0,7631.0,5550.0,3049.0,2202.0,3530.0,1005.0,3531.0,1004.0,1406.0,1747.0,8125.0,5080.0,4196.0,5891.0,5081.0,6513.0,6986.0,5892.0,6987.0,1399.0,3046.0,5078.0,5549.0,5890.0,6512.0,1006.0,5083.0,6515.0,294.0,2201.0,3044.0,3525.0,5547.0,5886.0,8118.0,1012.0,5553.0,5894.0,6990.0,8127.0,1404.0,5067.0,5085.0,6517.0,8116.0,3535.0,299.0,8505.0,4200.0,5895.0,3051.0,1748.0,3524.0,3050.0,1009.0,6991.0,5091.0,303.0,3537.0,5888.0,8129.0,6985.0,306.0,5073.0,1017.0,4202.0,3528.0,5072.0,4194.0,6510.0,5548.0,6984.0,5074.0,1402.0,4193.0,296.0,8121.0,6994.0,5898.0,1001.0,6992.0,8123.0,1021.0,8133.0,6520.0,5554.0,1746.0,2208.0,3056.0,5071.0,5086.0,6961.0,262.0,4160.0,277.0,8495.0,6486.0,2184.0,5044.0,2174.0,5023.0,3511.0,4149.0,274.0,276.0,3513.0,6472.0,981.0,3494.0,1389.0,278.0,4161.0,4162.0,7612.0,5537.0,2186.0,3036.0,8102.0,1729.0,5046.0,5045.0,2185.0,615.0,5047.0,982.0,279.0,3514.0,5050.0,8499.0,983.0,5871.0,5540.0,5543.0,6505.0,7629.0,626.0,997.0,1742.0,4187.0,5065.0,1743.0,3522.0,1744.0,5069.0,627.0,8120.0,4188.0,3527.0,1000.0,4190.0,8119.0,4191.0,5887.0,8117.0,6508.0,5068.0,4189.0,1745.0,7630.0,3526.0,6507.0,5885.0,6509.0,5908.0,5100.0,1024.0,5099.0,631.0,2206.0,8132.0,300.0,2592.0,1749.0,4201.0,2203.0,307.0,5906.0,3542.0,1018.0,6993.0,5899.0,5095.0,1750.0,6521.0,630.0,2204.0,8122.0,628.0,8134.0,3058.0,5098.0,5096.0,305.0,1766.0,2610.0,4224.0,5127.0,2609.0,1763.0,2608.0,7020.0,7648.0,7034.0,8149.0,7022.0,5143.0,5130.0,4228.0,8165.0,8163.0,2240.0,3083.0,2243.0,5573.0,3084.0,4242.0,4245.0,1776.0,5951.0,6554.0,8522.0,3575.0,330.0,5954.0,3573.0,1062.0,7039.0,6562.0,5147.0,1067.0,2622.0,334.0
35.7072023,127.9379667,벌-개량종,300,7915,114.0,7389.0,1285.0,812.0,3962.0,6765.0,2485.0,2034.0,5709.0,7909.0,571.0,6771.0,815.0,8591.0,5711.0,4794.0,570.0,7914.0,8784.0,2486.0,3960.0,104.0,2857.0,4777.0,7898.0,6752.0,7897.0,102.0,1281.0,7893.0,1553.0,4780.0,5704.0,1554.0,5703.0,106.0,567.0,6760.0,804.0,809.0,1286.0,113.0,2860.0,2479.0,6291.0,7901.0,7908.0,117.0,1289.0,7900.0,4578.0,3332.0,4793.0,2863.0,7326.0,4783.0,4784.0,2484.0,6764.0,8382.0,3958.0,2032.0,6758.0,8783.0,2874.0,7915.0,5708.0,2035.0,8590.0,2869.0,6302.0,2487.0,8385.0,814.0,1561.0,4796.0,4797.0,817.0,,,,,,,,,,,,,,,,,,,,,,,,,,,,,,,,,,,,,,,,,,,,,,,,,,,,,,,,,,,,,,,,,,,,,,,,,,,,,,,,,,,,,,,,,,,,,,,,,,,,,,,,,,,,,,,,,,,,,,,,,,,,,,,,,,,,,,,,,,,,,,,,,,,,,,,,,,,,,,,,,,,,,,,,,,,,,,,,,,,,,,,,,,,,,,,,,,,,,,,,,,,,,,,,,,,,,,,,,,,,,,,,,,,,,,,,,,,,,,,,,,,,,,,,,,,,,,,,,,,,,,,,,,,,,,,,,,,,,,,,,,,,,,,,,,,,,,,,,,,,,,,,,,,,,,,,,,,,,,,,,,,,,,,,,,,,,,,,,,,,,,,,,,,,,,,,,,,,,,,,,,,,,,,,,,,,,,,,,,,,,,,,,,,,,,,,,,,,,,,,,,,,,,,,,,,,,,,,,,
37.5379354,129.0927233,벌-개량종,300,2646,5982.0,5173.0,1093.0,3611.0,2270.0,2646.0,1803.0,1796.0,6585.0,6579.0,8533.0,8532.0,1428.0,356.0,350.0,7063.0,8184.0,8882.0,8881.0,2641.0,2263.0,4277.0,5183.0,1430.0,7668.0,,,,,,,,,,,,,,,,,,,,,,,,,,,,,,,,,,,,,,,,,,,,,,,,,,,,,,,,,,,,,,,,,,,,,,,,,,,,,,,,,,,,,,,,,,,,,,,,,,,,,,,,,,,,,,,,,,,,,,,,,,,,,,,,,,,,,,,,,,,,,,,,,,,,,,,,,,,,,,,,,,,,,,,,,,,,,,,,,,,,,,,,,,,,,,,,,,,,,,,,,,,,,,,,,,,,,,,,,,,,,,,,,,,,,,,,,,,,,,,,,,,,,,,,,,,,,,,,,,,,,,,,,,,,,,,,,,,,,,,,,,,,,,,,,,,,,,,,,,,,,,,,,,,,,,,,,,,,,,,,,,,,,,,,,,,,,,,,,,,,,,,,,,,,,,,,,,,,,,,,,,,,,,,,,,,,,,,,,,,,,,,,,,,,,,,,,,,,,,,,,,,,,,,,,,,,,,,,,,,,,,,,,,,,,,,,,,,,,,,,,,,,,,,,,,,,,,,,,,,,,,,,,,,,,,,
34.9916145,126.9880128,벌-개량종,10,6717,3877.0,8331.0,59.0,4555.0,41.0,62.0,61.0,5395.0,1512.0,6239.0,60.0,1967.0,8342.0,4730.0,4729.0,4728.0,3902.0,8336.0,7842.0,43.0,7820.0,553.0,2429.0,1968.0,5386.0,8709.0,8707.0,4705.0,5396.0,3903.0,6238.0,1969.0,8332.0,2805.0,1971.0,5390.0,5659.0,46.0,7822.0,4707.0,8711.0,47.0,7823.0,2803.0,6226.0,7819.0,4704.0,8717.0,8719.0,48.0,7824.0,4714.0,6717.0,1498.0,555.0,8343.0,4556.0,6722.0,8345.0,8344.0,,,,,,,,,,,,,,,,,,,,,,,,,,,,,,,,,,,,,,,,,,,,,,,,,,,,,,,,,,,,,,,,,,,,,,,,,,,,,,,,,,,,,,,,,,,,,,,,,,,,,,,,,,,,,,,,,,,,,,,,,,,,,,,,,,,,,,,,,,,,,,,,,,,,,,,,,,,,,,,,,,,,,,,,,,,,,,,,,,,,,,,,,,,,,,,,,,,,,,,,,,,,,,,,,,,,,,,,,,,,,,,,,,,,,,,,,,,,,,,,,,,,,,,,,,,,,,,,,,,,,,,,,,,,,,,,,,,,,,,,,,,,,,,,,,,,,,,,,,,,,,,,,,,,,,,,,,,,,,,,,,,,,,,,,,,,,,,,,,,,,,,,,,,,,,,,,,,,,,,,,,,,,,,,,,,,,,,,,,,,,,,,,,,,,,,,,,,,,,,,,,,,,,,,,,,,,,,,,,,,,,,,,,,,,,,,,,,,
33.4790176,126.3976001,벌-개량종,1,547,7353.0,7291.0,2389.0,4627.0,547.0,6165.0,7413.0,541.0,3229.0,8274.0,3187.0,4478.0,7357.0,6170.0,8277.0,6166.0,4622.0,5346.0,3199.0,8276.0,3767.0,8647.0,2768.0,3196.0,7756.0,3797.0,8303.0,8656.0,3754.0,4616.0,7748.0,8640.0,3755.0,4617.0,8641.0,7747.0,8639.0,8638.0,7749.0,7746.0,4615.0,4628.0,7414.0,5341.0,7760.0,3766.0,3765.0,7765.0,8661.0,8275.0,7764.0,4633.0,4634.0,3234.0,3207.0,3233.0,4489.0,6173.0,7296.0,7363.0,3209.0,6175.0,7364.0,8280.0,7298.0,6174.0,7366.0,4492.0,3211.0,449.0,7367.0,4482.0,5349.0,8307.0,5348.0,8308.0,,,,,,,,,,,,,,,,,,,,,,,,,,,,,,,,,,,,,,,,,,,,,,,,,,,,,,,,,,,,,,,,,,,,,,,,,,,,,,,,,,,,,,,,,,,,,,,,,,,,,,,,,,,,,,,,,,,,,,,,,,,,,,,,,,,,,,,,,,,,,,,,,,,,,,,,,,,,,,,,,,,,,,,,,,,,,,,,,,,,,,,,,,,,,,,,,,,,,,,,,,,,,,,,,,,,,,,,,,,,,,,,,,,,,,,,,,,,,,,,,,,,,,,,,,,,,,,,,,,,,,,,,,,,,,,,,,,,,,,,,,,,,,,,,,,,,,,,,,,,,,,,,,,,,,,,,,,,,,,,,,,,,,,,,,,,,,,,,,,,,,,,,,,,,,,,,,,,,,,,,,,,,,,,,,,,,,,,,,,,,,,,,,,,,,,,,,,,,,,,,,,,,,,,,,,,,,,,,,,,
35.6128908,127.3454045,벌-개량종,50,100,6287.0,2024.0,6301.0,1562.0,8383.0,7483.0,7892.0,8376.0,6751.0,4774.0,6768.0,7477.0,100.0,3221.0,7388.0,2855.0,7244.0,3961.0,3327.0,5698.0,3946.0,6772.0,2477.0,6774.0,5714.0,6305.0,6775.0,7918.0,8387.0,3335.0,2488.0,2037.0,3336.0,7919.0,8388.0,2038.0,5715.0,3967.0,6776.0,1564.0,6306.0,6779.0,7488.0,4802.0,5438.0,3968.0,8925.0,3970.0,6781.0,,,,,,,,,,,,,,,,,,,,,,,,,,,,,,,,,,,,,,,,,,,,,,,,,,,,,,,,,,,,,,,,,,,,,,,,,,,,,,,,,,,,,,,,,,,,,,,,,,,,,,,,,,,,,,,,,,,,,,,,,,,,,,,,,,,,,,,,,,,,,,,,,,,,,,,,,,,,,,,,,,,,,,,,,,,,,,,,,,,,,,,,,,,,,,,,,,,,,,,,,,,,,,,,,,,,,,,,,,,,,,,,,,,,,,,,,,,,,,,,,,,,,,,,,,,,,,,,,,,,,,,,,,,,,,,,,,,,,,,,,,,,,,,,,,,,,,,,,,,,,,,,,,,,,,,,,,,,,,,,,,,,,,,,,,,,,,,,,,,,,,,,,,,,,,,,,,,,,,,,,,,,,,,,,,,,,,,,,,,,,,,,,,,,,,,,,,,,,,,,,,,,,,,,,,,,,,,,,,,,,,,,,,,,,,,,,,,,,,,,,,,,,,,
35.5990812,127.314855,벌-개량종,20,100,6287.0,2024.0,6301.0,1562.0,8383.0,7483.0,7892.0,8376.0,6751.0,4774.0,6768.0,7477.0,100.0,3221.0,7388.0,2855.0,7244.0,3961.0,3327.0,5698.0,3946.0,6772.0,2477.0,6774.0,5714.0,6305.0,6775.0,7918.0,8387.0,3335.0,2037.0,3967.0,6776.0,5438.0,3968.0,8925.0,3970.0,6781.0,,,,,,,,,,,,,,,,,,,,,,,,,,,,,,,,,,,,,,,,,,,,,,,,,,,,,,,,,,,,,,,,,,,,,,,,,,,,,,,,,,,,,,,,,,,,,,,,,,,,,,,,,,,,,,,,,,,,,,,,,,,,,,,,,,,,,,,,,,,,,,,,,,,,,,,,,,,,,,,,,,,,,,,,,,,,,,,,,,,,,,,,,,,,,,,,,,,,,,,,,,,,,,,,,,,,,,,,,,,,,,,,,,,,,,,,,,,,,,,,,,,,,,,,,,,,,,,,,,,,,,,,,,,,,,,,,,,,,,,,,,,,,,,,,,,,,,,,,,,,,,,,,,,,,,,,,,,,,,,,,,,,,,,,,,,,,,,,,,,,,,,,,,,,,,,,,,,,,,,,,,,,,,,,,,,,,,,,,,,,,,,,,,,,,,,,,,,,,,,,,,,,,,,,,,,,,,,,,,,,,,,,,,,,,,,,,,,,,,,,,,,,,,,,,,,,,,,,,,
35.433975,127.6260086,벌-개량종,80,4575,1280.0,7474.0,2018.0,3934.0,4758.0,788.0,1544.0,2475.0,4765.0,7387.0,475.0,8766.0,6740.0,4575.0,8760.0,6277.0,5423.0,3936.0,5690.0,1278.0,4764.0,8366.0,1539.0,2846.0,7879.0,2849.0,3318.0,792.0,8589.0,1283.0,2356.0,2014.0,89.0,564.0,2847.0,2476.0,1552.0,6756.0,90.0,1540.0,6279.0,565.0,7882.0,6292.0,6742.0,7245.0,3326.0,3320.0,7476.0,5692.0,7880.0,7891.0,99.0,5424.0,7472.0,4779.0,568.0,2480.0,6741.0,,,,,,,,,,,,,,,,,,,,,,,,,,,,,,,,,,,,,,,,,,,,,,,,,,,,,,,,,,,,,,,,,,,,,,,,,,,,,,,,,,,,,,,,,,,,,,,,,,,,,,,,,,,,,,,,,,,,,,,,,,,,,,,,,,,,,,,,,,,,,,,,,,,,,,,,,,,,,,,,,,,,,,,,,,,,,,,,,,,,,,,,,,,,,,,,,,,,,,,,,,,,,,,,,,,,,,,,,,,,,,,,,,,,,,,,,,,,,,,,,,,,,,,,,,,,,,,,,,,,,,,,,,,,,,,,,,,,,,,,,,,,,,,,,,,,,,,,,,,,,,,,,,,,,,,,,,,,,,,,,,,,,,,,,,,,,,,,,,,,,,,,,,,,,,,,,,,,,,,,,,,,,,,,,,,,,,,,,,,,,,,,,,,,,,,,,,,,,,,,,,,,,,,,,,,,,,,,,,,,,,,,,,,,,,,,,,,,,
35.2480059,126.9756866,벌-개량종,10,562,6734.0,7243.0,5419.0,8365.0,3929.0,7465.0,562.0,4754.0,4571.0,66.0,4558.0,8735.0,8350.0,5398.0,2817.0,1515.0,556.0,1981.0,3298.0,4732.0,5670.0,1257.0,6251.0,3909.0,,,,,,,,,,,,,,,,,,,,,,,,,,,,,,,,,,,,,,,,,,,,,,,,,,,,,,,,,,,,,,,,,,,,,,,,,,,,,,,,,,,,,,,,,,,,,,,,,,,,,,,,,,,,,,,,,,,,,,,,,,,,,,,,,,,,,,,,,,,,,,,,,,,,,,,,,,,,,,,,,,,,,,,,,,,,,,,,,,,,,,,,,,,,,,,,,,,,,,,,,,,,,,,,,,,,,,,,,,,,,,,,,,,,,,,,,,,,,,,,,,,,,,,,,,,,,,,,,,,,,,,,,,,,,,,,,,,,,,,,,,,,,,,,,,,,,,,,,,,,,,,,,,,,,,,,,,,,,,,,,,,,,,,,,,,,,,,,,,,,,,,,,,,,,,,,,,,,,,,,,,,,,,,,,,,,,,,,,,,,,,,,,,,,,,,,,,,,,,,,,,,,,,,,,,,,,,,,,,,,,,,,,,,,,,,,,,,,,,,,,,,,,,,,,,,,,,,,,,,,,,,,,,,,,,,,
33.4778131,126.4518312,벌-개량종,1,547,7353.0,2389.0,4627.0,547.0,6165.0,7413.0,8274.0,7357.0,6170.0,8277.0,6166.0,4622.0,5346.0,3199.0,8276.0,3767.0,2768.0,3196.0,7756.0,3797.0,8303.0,8656.0,3754.0,4616.0,7748.0,8640.0,3755.0,4617.0,8641.0,7747.0,8639.0,8638.0,7749.0,7746.0,4615.0,4628.0,7414.0,5341.0,7760.0,3762.0,4625.0,7753.0,8657.0,7761.0,4632.0,4631.0,7762.0,4630.0,8658.0,4629.0,3763.0,3192.0,3193.0,7754.0,5340.0,8652.0,8654.0,3796.0,8653.0,4626.0,7755.0,2388.0,2387.0,7758.0,7292.0,5342.0,543.0,7759.0,5343.0,544.0,3766.0,3765.0,2393.0,3197.0,7765.0,8661.0,8275.0,7766.0,2392.0,546.0,3198.0,4636.0,7294.0,7764.0,8662.0,7763.0,5345.0,4633.0,4634.0,5344.0,3195.0,8660.0,3234.0,3207.0,3233.0,4489.0,6173.0,7296.0,7363.0,3209.0,6175.0,7364.0,8280.0,7298.0,6174.0,7366.0,4492.0,3211.0,449.0,7367.0,4482.0,5349.0,8307.0,5348.0,8308.0,,,,,,,,,,,,,,,,,,,,,,,,,,,,,,,,,,,,,,,,,,,,,,,,,,,,,,,,,,,,,,,,,,,,,,,,,,,,,,,,,,,,,,,,,,,,,,,,,,,,,,,,,,,,,,,,,,,,,,,,,,,,,,,,,,,,,,,,,,,,,,,,,,,,,,,,,,,,,,,,,,,,,,,,,,,,,,,,,,,,,,,,,,,,,,,,,,,,,,,,,,,,,,,,,,,,,,,,,,,,,,,,,,,,,,,,,,,,,,,,,,,,,,,,,,,,,,,,,,,,,,,,,,,,,,,,,,,,,,,,,,,,,,,,,,,,,,,,,,,,,,,,,,,,,,,,,,,,,,,,,,,,,,,,,,,,,,,,,,,,,,,,,,,,,,,,,,,,,,,,,,,,,,,,,,,,,,,,,,,,,
35.0389006,126.9988465,벌-개량종,1,6717,59.0,4555.0,62.0,61.0,5395.0,1512.0,6239.0,60.0,8342.0,4730.0,4729.0,4728.0,3902.0,8336.0,7842.0,5396.0,3903.0,6238.0,2805.0,1971.0,5390.0,5659.0,46.0,7822.0,4707.0,8711.0,47.0,7823.0,4704.0,8717.0,8719.0,48.0,7824.0,4714.0,6717.0,1498.0,555.0,8343.0,4556.0,6722.0,8345.0,8344.0,66.0,7847.0,8735.0,8350.0,5398.0,2817.0,1515.0,1981.0,5670.0,6251.0,,,,,,,,,,,,,,,,,,,,,,,,,,,,,,,,,,,,,,,,,,,,,,,,,,,,,,,,,,,,,,,,,,,,,,,,,,,,,,,,,,,,,,,,,,,,,,,,,,,,,,,,,,,,,,,,,,,,,,,,,,,,,,,,,,,,,,,,,,,,,,,,,,,,,,,,,,,,,,,,,,,,,,,,,,,,,,,,,,,,,,,,,,,,,,,,,,,,,,,,,,,,,,,,,,,,,,,,,,,,,,,,,,,,,,,,,,,,,,,,,,,,,,,,,,,,,,,,,,,,,,,,,,,,,,,,,,,,,,,,,,,,,,,,,,,,,,,,,,,,,,,,,,,,,,,,,,,,,,,,,,,,,,,,,,,,,,,,,,,,,,,,,,,,,,,,,,,,,,,,,,,,,,,,,,,,,,,,,,,,,,,,,,,,,,,,,,,,,,,,,,,,,,,,,,,,,,,,,,,,,,,,,,,,,,,,,,,,,,,,,,,,
37.1519766,129.2868795,벌-개량종,35,8872,622.0,5876.0,6977.0,5878.0,623.0,993.0,2586.0,4179.0,5879.0,6978.0,1736.0,2587.0,5881.0,1737.0,2589.0,2590.0,5882.0,5875.0,2581.0,2582.0,7270.0,5865.0,4166.0,985.0,2190.0,1735.0,8103.0,1757.0,5870.0,4176.0,2196.0,5869.0,5872.0,2191.0,2578.0,2221.0,2577.0,5936.0,7639.0,986.0,6974.0,7623.0,2193.0,8111.0,5863.0,6492.0,7271.0,6968.0,8872.0,2576.0,992.0,281.0,5857.0,2188.0,6498.0,618.0,2583.0,1733.0,2573.0,291.0,6980.0,8095.0,1391.0,8597.0,5868.0,5864.0,8870.0,4170.0,5051.0,5060.0,5003.0,605.0,2560.0,940.0,,,,,,,,,,,,,,,,,,,,,,,,,,,,,,,,,,,,,,,,,,,,,,,,,,,,,,,,,,,,,,,,,,,,,,,,,,,,,,,,,,,,,,,,,,,,,,,,,,,,,,,,,,,,,,,,,,,,,,,,,,,,,,,,,,,,,,,,,,,,,,,,,,,,,,,,,,,,,,,,,,,,,,,,,,,,,,,,,,,,,,,,,,,,,,,,,,,,,,,,,,,,,,,,,,,,,,,,,,,,,,,,,,,,,,,,,,,,,,,,,,,,,,,,,,,,,,,,,,,,,,,,,,,,,,,,,,,,,,,,,,,,,,,,,,,,,,,,,,,,,,,,,,,,,,,,,,,,,,,,,,,,,,,,,,,,,,,,,,,,,,,,,,,,,,,,,,,,,,,,,,,,,,,,,,,,,,,,,,,,,,,,,,,,,,,,,,,,,,,,,,,,,,,,,,,,,,,,,,,,,,
33.4242628,126.4714854,벌-개량종,2,4628,7353.0,7291.0,2389.0,4627.0,547.0,6165.0,7413.0,541.0,3229.0,8274.0,3187.0,4478.0,7357.0,6170.0,8277.0,6166.0,4622.0,5346.0,3199.0,8276.0,3767.0,8647.0,2768.0,3196.0,7756.0,2380.0,3742.0,3785.0,4466.0,8266.0,2381.0,3743.0,3797.0,8303.0,8656.0,3749.0,4611.0,8633.0,3754.0,4616.0,7748.0,8640.0,3755.0,4617.0,3186.0,3788.0,8641.0,540.0,4470.0,7747.0,8639.0,8638.0,2383.0,7749.0,7746.0,4615.0,3747.0,7741.0,4628.0,3753.0,7414.0,7341.0,5341.0,440.0,4472.0,8635.0,7742.0,7745.0,8632.0,8631.0,8630.0,4613.0,8637.0,4614.0,3748.0,8271.0,3227.0,3751.0,3228.0,8264.0,7760.0,3790.0,3750.0,3789.0,4471.0,8634.0,7743.0,4612.0,8270.0,3752.0,8629.0,7744.0,3746.0,4610.0,8636.0,3787.0,4469.0,4609.0,8269.0,8628.0,3744.0,4467.0,8626.0,2382.0,3745.0,3786.0,4468.0,5333.0,8268.0,8627.0,5332.0,3188.0,542.0,7750.0,3756.0,2384.0,8642.0,3757.0,3791.0,4473.0,3792.0,4474.0,5334.0,8643.0,1451.0,3758.0,3793.0,4475.0,4618.0,5335.0,8644.0,3759.0,3794.0,4476.0,5336.0,8645.0,4477.0,3760.0,3762.0,4625.0,7753.0,8657.0,7761.0,4632.0,4631.0,7762.0,4630.0,8658.0,4629.0,3763.0,3192.0,3193.0,7754.0,7757.0,5340.0,8652.0,8654.0,8655.0,3796.0,8653.0,545.0,4626.0,7755.0,2388.0,2390.0,2391.0,2387.0,7758.0,7292.0,5342.0,543.0,7759.0,5343.0,544.0,3194.0,3764.0,3766.0,3798.0,7293.0,3765.0,2393.0,8659.0,3197.0,8273.0,7765.0,8661.0,8275.0,7766.0,2392.0,546.0,3198.0,4636.0,7294.0,7764.0,8662.0,7763.0,5345.0,4633.0,4634.0,5344.0,3195.0,8660.0,3234.0,3207.0,3233.0,4489.0,6173.0,7296.0,7363.0,3209.0,6175.0,7364.0,8280.0,7298.0,6174.0,7366.0,4492.0,3211.0,449.0,7367.0,4482.0,5349.0,8307.0,5348.0,8308.0,,,,,,,,,,,,,,,,,,,,,,,,,,,,,,,,,,,,,,,,,,,,,,,,,,,,,,,,,,,,,,,,,,,,,,,,,,,,,,,,,,,,,,,,,,,,,,,,,,,,,,,,,,,,,,,,,,,,,,,,,,,,,,,,,,,,,,,,,,,,,,,,,,,,,,,,,,,,,,,,,,,,,,,,,,,,,,,,,,,,,,,,,,,,,,,,,,,,,,,,,,,,,,,,,,,,,,,,,,,,,,,,,,,,,,,,,,,,,,,,,,,,,,,,,,,,,,,,,,,,,,,,,,,,,,,
37.6110372,128.0775996,벌-개량종,62,8213,7109.0,4319.0,3640.0,7116.0,3117.0,7107.0,7108.0,8213.0,8547.0,7110.0,5216.0,8549.0,4320.0,6609.0,4321.0,7699.0,1826.0,8550.0,1831.0,5230.0,1836.0,1847.0,7287.0,6075.0,4359.0,5257.0,6635.0,7710.0,4360.0,7147.0,8561.0,6639.0,2668.0,1129.0,6036.0,7692.0,6021.0,6603.0,8207.0,2296.0,4307.0,8607.0,7097.0,670.0,8613.0,6037.0,,,,,,,,,,,,,,,,,,,,,,,,,,,,,,,,,,,,,,,,,,,,,,,,,,,,,,,,,,,,,,,,,,,,,,,,,,,,,,,,,,,,,,,,,,,,,,,,,,,,,,,,,,,,,,,,,,,,,,,,,,,,,,,,,,,,,,,,,,,,,,,,,,,,,,,,,,,,,,,,,,,,,,,,,,,,,,,,,,,,,,,,,,,,,,,,,,,,,,,,,,,,,,,,,,,,,,,,,,,,,,,,,,,,,,,,,,,,,,,,,,,,,,,,,,,,,,,,,,,,,,,,,,,,,,,,,,,,,,,,,,,,,,,,,,,,,,,,,,,,,,,,,,,,,,,,,,,,,,,,,,,,,,,,,,,,,,,,,,,,,,,,,,,,,,,,,,,,,,,,,,,,,,,,,,,,,,,,,,,,,,,,,,,,,,,,,,,,,,,,,,,,,,,,,,,,,,,,,,,,,,,,,,,,,,,,,,,,,,,,,,,,,,,,,,
37.4945468,127.4887109,벌-개량종,2,3739,5186.0,8190.0,7046.0,1073.0,1782.0,5577.0,6564.0,5962.0,8526.0,3585.0,7663.0,5154.0,1791.0,2258.0,2635.0,3597.0,4264.0,5977.0,7058.0,651.0,1087.0,2636.0,5167.0,1792.0,4265.0,2259.0,5170.0,1090.0,2637.0,5583.0,2262.0,2265.0,5.0,2264.0,5980.0,655.0,3601.0,5984.0,5176.0,1099.0,2266.0,5585.0,3603.0,1092.0,1095.0,5981.0,5174.0,7062.0,2267.0,349.0,5983.0,7064.0,6580.0,8913.0,2639.0,1094.0,2638.0,1797.0,1096.0,5985.0,7067.0,352.0,351.0,3604.0,4268.0,2642.0,1100.0,2269.0,1105.0,359.0,3099.0,7679.0,7078.0,1800.0,2374.0,4280.0,4279.0,3607.0,2643.0,1798.0,7077.0,7676.0,1806.0,3734.0,5988.0,2645.0,3613.0,8534.0,532.0,7088.0,6594.0,5995.0,3624.0,7080.0,7680.0,6591.0,8193.0,3623.0,5188.0,4283.0,3615.0,2274.0,1106.0,533.0,360.0,1432.0,1807.0,3614.0,5187.0,2665.0,2663.0,3112.0,8204.0,8889.0,375.0,6014.0,6016.0,7690.0,2289.0,3625.0,2656.0,8538.0,8537.0,1433.0,7079.0,4285.0,4284.0,3617.0,361.0,1450.0,3739.0,3616.0,1113.0,1813.0,1812.0,3108.0,2657.0,6000.0,7090.0,1107.0,1114.0,2275.0,1808.0,5590.0,3618.0,5992.0,362.0,1814.0,8199.0,1815.0,1816.0,8201.0,5198.0,8200.0,1115.0,3629.0,2288.0,7093.0,5203.0,371.0,3630.0,6009.0,6001.0,2659.0,2283.0,1818.0,8195.0,2662.0,6008.0,5199.0,5202.0,2284.0,1120.0,4295.0,5195.0,5196.0,4298.0,5197.0,1817.0,7094.0,1121.0,4300.0,5204.0,1437.0,6010.0,6600.0,1122.0,4301.0,667.0,8202.0,6012.0,4302.0,6013.0,1123.0,5206.0,8205.0,2290.0,3631.0,1438.0,2671.0,3633.0,4305.0,1124.0,6023.0,2667.0,376.0,2291.0,2670.0,2292.0,669.0,6601.0,6022.0,7691.0,373.0,374.0,7099.0,5207.0,6017.0,1128.0,2669.0,7096.0,1127.0,4310.0,5209.0,1821.0,5210.0,4308.0,8208.0,3632.0,4309.0,8890.0,3634.0,2672.0,1089.0,8531.0,6577.0,5171.0,4267.0,5986.0,3609.0,1793.0,8182.0,1103.0,7070.0,2261.0,5182.0,3600.0,4282.0,6587.0,2273.0,3101.0,5588.0,7076.0,8189.0,,,,,,,,,,,,,,,,,,,,,,,,,,,,,,,,,,,,,,,,,,,,,,,,,,,,,,,,,,,,,,,,,,,,,,,,,,,,,,,,,,,,,,,,,,,,,,,,,,,,,,,,,,,,,,,,,,,,,,,,,,,,,,,,,,,,,,,,,,,,,,,,,,,,,,,,,,,,,,,,,,,,,,,,,,,,,,,,,,,,,,,,,,,,,,,,,,,,,,,,,,,,,,,,,,,,,,,,,,,,,,,,,,,,,,,,,,,,,,,,,,
37.429998,128.5534602,벌-개량종,15,653,3598.0,6574.0,7671.0,4261.0,8178.0,2255.0,2632.0,7281.0,5973.0,5974.0,2634.0,5166.0,1788.0,653.0,1091.0,1794.0,7673.0,2282.0,665.0,2654.0,4294.0,6597.0,7089.0,7686.0,2655.0,2658.0,3175.0,5958.0,7042.0,4249.0,7040.0,4250.0,7664.0,2661.0,8602.0,1126.0,1117.0,6005.0,6019.0,8606.0,1822.0,1130.0,2673.0,6024.0,8544.0,8608.0,1131.0,2674.0,6025.0,8545.0,8609.0,671.0,2675.0,4312.0,1132.0,3114.0,3636.0,6027.0,6605.0,7100.0,7694.0,,,,,,,,,,,,,,,,,,,,,,,,,,,,,,,,,,,,,,,,,,,,,,,,,,,,,,,,,,,,,,,,,,,,,,,,,,,,,,,,,,,,,,,,,,,,,,,,,,,,,,,,,,,,,,,,,,,,,,,,,,,,,,,,,,,,,,,,,,,,,,,,,,,,,,,,,,,,,,,,,,,,,,,,,,,,,,,,,,,,,,,,,,,,,,,,,,,,,,,,,,,,,,,,,,,,,,,,,,,,,,,,,,,,,,,,,,,,,,,,,,,,,,,,,,,,,,,,,,,,,,,,,,,,,,,,,,,,,,,,,,,,,,,,,,,,,,,,,,,,,,,,,,,,,,,,,,,,,,,,,,,,,,,,,,,,,,,,,,,,,,,,,,,,,,,,,,,,,,,,,,,,,,,,,,,,,,,,,,,,,,,,,,,,,,,,,,,,,,,,,,,,,,,,,,,,,,,,,,,,,,,,,,,,,,,,,,,
35.9159246,126.6388464,벌-개량종,70,3347,3977.0,4808.0,3976.0,2881.0,6317.0,5723.0,2043.0,8394.0,2044.0,4809.0,2882.0,5724.0,7927.0,481.0,5451.0,2052.0,7500.0,3345.0,4581.0,3990.0,4818.0,125.0,7926.0,6326.0,7931.0,8398.0,4582.0,3346.0,3991.0,4819.0,6327.0,6798.0,7932.0,3347.0,3992.0,4583.0,4820.0,7501.0,7933.0,8399.0,,,,,,,,,,,,,,,,,,,,,,,,,,,,,,,,,,,,,,,,,,,,,,,,,,,,,,,,,,,,,,,,,,,,,,,,,,,,,,,,,,,,,,,,,,,,,,,,,,,,,,,,,,,,,,,,,,,,,,,,,,,,,,,,,,,,,,,,,,,,,,,,,,,,,,,,,,,,,,,,,,,,,,,,,,,,,,,,,,,,,,,,,,,,,,,,,,,,,,,,,,,,,,,,,,,,,,,,,,,,,,,,,,,,,,,,,,,,,,,,,,,,,,,,,,,,,,,,,,,,,,,,,,,,,,,,,,,,,,,,,,,,,,,,,,,,,,,,,,,,,,,,,,,,,,,,,,,,,,,,,,,,,,,,,,,,,,,,,,,,,,,,,,,,,,,,,,,,,,,,,,,,,,,,,,,,,,,,,,,,,,,,,,,,,,,,,,,,,,,,,,,,,,,,,,,,,,,,,,,,,,,,,,,,,,,,,,,,,,,,,,,,,,,,,,,,,,,,
37.9307358,127.0322857,벌-개량종,2,1895,5619.0,5620.0,1173.0,3689.0,5286.0,7180.0,6660.0,2323.0,8239.0,707.0,4395.0,2704.0,3152.0,6100.0,1875.0,413.0,5296.0,8243.0,3664.0,8559.0,7286.0,4354.0,6074.0,683.0,3141.0,3668.0,2697.0,7708.0,3146.0,4414.0,6648.0,5274.0,1161.0,5272.0,5262.0,4365.0,5263.0,5295.0,4376.0,7159.0,6084.0,7150.0,8574.0,3145.0,1895.0,6640.0,4367.0,5264.0,5616.0,6643.0,7713.0,7149.0,5252.0,8232.0,7155.0,4355.0,3673.0,1856.0,6641.0,7200.0,7712.0,1896.0,1877.0,4415.0,2329.0,8244.0,7181.0,423.0,6114.0,7201.0,715.0,5294.0,3155.0,2719.0,,,,,,,,,,,,,,,,,,,,,,,,,,,,,,,,,,,,,,,,,,,,,,,,,,,,,,,,,,,,,,,,,,,,,,,,,,,,,,,,,,,,,,,,,,,,,,,,,,,,,,,,,,,,,,,,,,,,,,,,,,,,,,,,,,,,,,,,,,,,,,,,,,,,,,,,,,,,,,,,,,,,,,,,,,,,,,,,,,,,,,,,,,,,,,,,,,,,,,,,,,,,,,,,,,,,,,,,,,,,,,,,,,,,,,,,,,,,,,,,,,,,,,,,,,,,,,,,,,,,,,,,,,,,,,,,,,,,,,,,,,,,,,,,,,,,,,,,,,,,,,,,,,,,,,,,,,,,,,,,,,,,,,,,,,,,,,,,,,,,,,,,,,,,,,,,,,,,,,,,,,,,,,,,,,,,,,,,,,,,,,,,,,,,,,,,,,,,,,,,,,,,,,,,,,,,,,,,,,,,,,
37.5126288,126.7989122,벌-개량종,10,358,7665.0,5964.0,5157.0,6567.0,1425.0,3588.0,3089.0,4255.0,2248.0,5158.0,3090.0,1076.0,5580.0,5965.0,6568.0,7051.0,342.0,2251.0,7068.0,3091.0,3628.0,4296.0,3612.0,2254.0,7675.0,8196.0,2287.0,7666.0,5971.0,8535.0,7091.0,5970.0,2268.0,3110.0,1118.0,370.0,8175.0,3100.0,358.0,5581.0,5178.0,8886.0,1104.0,6586.0,5596.0,1101.0,6570.0,2272.0,6582.0,5586.0,6002.0,353.0,4281.0,8527.0,3591.0,3592.0,8174.0,3627.0,7053.0,7407.0,346.0,3097.0,3605.0,5987.0,4270.0,8888.0,1799.0,7074.0,5991.0,8185.0,5185.0,5200.0,8188.0,1083.0,4297.0,5598.0,6599.0,5201.0,7092.0,6006.0,8198.0,1081.0,7280.0,344.0,7667.0,2629.0,7054.0,4259.0,345.0,1082.0,1426.0,2253.0,3593.0,5162.0,5969.0,6571.0,5159.0,1079.0,2644.0,1078.0,7069.0,3590.0,7678.0,6569.0,5160.0,4257.0,2628.0,4272.0,5967.0,2252.0,1077.0,7052.0,5587.0,8186.0,5990.0,4256.0,1098.0,4306.0,8209.0,6020.0,7693.0,3092.0,3606.0,5208.0,1820.0,2295.0,5184.0,1825.0,6583.0,6026.0,1824.0,5213.0,7101.0,8210.0,377.0,8211.0,378.0,5600.0,4313.0,3115.0,5214.0,3116.0,3637.0,8212.0,8220.0,1833.0,6055.0,7125.0,3650.0,3127.0,1443.0,387.0,4334.0,8894.0,7696.0,6030.0,6031.0,4314.0,7104.0,7103.0,1135.0,5215.0,2298.0,,,,,,,,,,,,,,,,,,,,,,,,,,,,,,,,,,,,,,,,,,,,,,,,,,,,,,,,,,,,,,,,,,,,,,,,,,,,,,,,,,,,,,,,,,,,,,,,,,,,,,,,,,,,,,,,,,,,,,,,,,,,,,,,,,,,,,,,,,,,,,,,,,,,,,,,,,,,,,,,,,,,,,,,,,,,,,,,,,,,,,,,,,,,,,,,,,,,,,,,,,,,,,,,,,,,,,,,,,,,,,,,,,,,,,,,,,,,,,,,,,,,,,,,,,,,,,,,,,,,,,,,,,,,,,,,,,,,,,,,,,,,,,,,,,,,,,,,,,,,,,,,,,,,,,,,,,,,,,,,,,,,,,,,,,,,,
36.9836032,128.468242,벌-개량종,1,260,6934.0,5000.0,6919.0,8067.0,8481.0,3474.0,1696.0,3002.0,6462.0,2998.0,600.0,4603.0,3480.0,4133.0,7269.0,1704.0,4977.0,7239.0,6940.0,2367.0,938.0,5831.0,2163.0,8911.0,4994.0,7586.0,8053.0,4127.0,6450.0,1685.0,234.0,1368.0,2553.0,251.0,522.0,5018.0,6946.0,2567.0,608.0,6465.0,8487.0,1374.0,260.0,1723.0,4145.0,955.0,3013.0,611.0,1718.0,2564.0,2172.0,5845.0,613.0,6958.0,7609.0,1387.0,2571.0,6483.0,6959.0,7611.0,269.0,976.0,8497.0,2183.0,7614.0,5867.0,285.0,6969.0,7620.0,5052.0,2192.0,2580.0,3038.0,5874.0,6494.0,8105.0,6495.0,1392.0,4173.0,5054.0,287.0,4172.0,990.0,6973.0,3039.0,6496.0,989.0,8106.0,5539.0,2585.0,4203.0,1393.0,1394.0,1751.0,6524.0,994.0,3519.0,5542.0,4180.0,5880.0,3040.0,1738.0,7625.0,5058.0,7633.0,5877.0,5059.0,1741.0,2195.0,8109.0,1739.0,2588.0,941.0,1379.0,3029.0,2182.0,3033.0,5859.0,2574.0,616.0,4163.0,5049.0,4164.0,6966.0,6976.0,1731.0,2584.0,6493.0,2187.0,1730.0,621.0,5866.0,4167.0,6972.0,280.0,,,,,,,,,,,,,,,,,,,,,,,,,,,,,,,,,,,,,,,,,,,,,,,,,,,,,,,,,,,,,,,,,,,,,,,,,,,,,,,,,,,,,,,,,,,,,,,,,,,,,,,,,,,,,,,,,,,,,,,,,,,,,,,,,,,,,,,,,,,,,,,,,,,,,,,,,,,,,,,,,,,,,,,,,,,,,,,,,,,,,,,,,,,,,,,,,,,,,,,,,,,,,,,,,,,,,,,,,,,,,,,,,,,,,,,,,,,,,,,,,,,,,,,,,,,,,,,,,,,,,,,,,,,,,,,,,,,,,,,,,,,,,,,,,,,,,,,,,,,,,,,,,,,,,,,,,,,,,,,,,,,,,,,,,,,,,,,,,,,,,,,,,,,,,,,,,,,,,,,,,
37.2672498,128.9539575,벌-개량종,80,1058,1039.0,7411.0,2593.0,7632.0,1030.0,5915.0,5909.0,5902.0,301.0,639.0,2226.0,4219.0,2607.0,5126.0,6542.0,8147.0,5933.0,7024.0,7650.0,1768.0,1773.0,643.0,2617.0,4238.0,7032.0,5946.0,6549.0,7656.0,4169.0,6491.0,7617.0,623.0,993.0,2586.0,4179.0,5879.0,6978.0,1736.0,6979.0,8943.0,1740.0,6499.0,4205.0,4183.0,632.0,5907.0,1752.0,2591.0,6525.0,7634.0,7627.0,2594.0,7410.0,5128.0,5982.0,4225.0,5173.0,1093.0,7035.0,2239.0,3080.0,7405.0,6532.0,4211.0,2618.0,8160.0,1416.0,5947.0,644.0,7655.0,1411.0,5569.0,1754.0,634.0,4240.0,329.0,5138.0,1058.0,1796.0,5917.0,6579.0,8532.0,350.0,7063.0,2599.0,1027.0,8881.0,7004.0,2641.0,8513.0,2263.0,7402.0,527.0,7668.0,1757.0,2221.0,5936.0,7639.0,,,,,,,,,,,,,,,,,,,,,,,,,,,,,,,,,,,,,,,,,,,,,,,,,,,,,,,,,,,,,,,,,,,,,,,,,,,,,,,,,,,,,,,,,,,,,,,,,,,,,,,,,,,,,,,,,,,,,,,,,,,,,,,,,,,,,,,,,,,,,,,,,,,,,,,,,,,,,,,,,,,,,,,,,,,,,,,,,,,,,,,,,,,,,,,,,,,,,,,,,,,,,,,,,,,,,,,,,,,,,,,,,,,,,,,,,,,,,,,,,,,,,,,,,,,,,,,,,,,,,,,,,,,,,,,,,,,,,,,,,,,,,,,,,,,,,,,,,,,,,,,,,,,,,,,,,,,,,,,,,,,,,,,,,,,,,,,,,,,,,,,,,,,,,,,,,,,,,,,,,,,,,,,,,,,,,,,,,,,,,,,,,,,,,,,,,,,,,,
37.2761431,128.4221375,벌-개량종,200,6544,287.0,990.0,3039.0,989.0,5539.0,2585.0,3063.0,4203.0,1393.0,1394.0,1751.0,315.0,6524.0,1038.0,994.0,6536.0,3519.0,5542.0,4180.0,5880.0,5118.0,3040.0,1738.0,7625.0,5058.0,7633.0,5877.0,5059.0,5117.0,1741.0,2195.0,8109.0,2601.0,2588.0,2220.0,8507.0,5925.0,5557.0,7640.0,5928.0,6537.0,5558.0,8142.0,3065.0,3064.0,316.0,1041.0,2602.0,319.0,7012.0,5926.0,5929.0,2604.0,5120.0,2222.0,3571.0,2621.0,650.0,4248.0,2242.0,1065.0,7412.0,652.0,5165.0,1086.0,5975.0,8180.0,2633.0,8171.0,7657.0,3082.0,7278.0,2257.0,3577.0,8518.0,1789.0,1785.0,1774.0,5952.0,6560.0,2244.0,649.0,6552.0,7048.0,4258.0,333.0,8529.0,8166.0,8523.0,3094.0,2631.0,3085.0,1080.0,5146.0,348.0,646.0,1419.0,3596.0,7033.0,5948.0,5140.0,1088.0,2260.0,8599.0,4266.0,5168.0,5978.0,6575.0,7059.0,8181.0,8530.0,7670.0,7659.0,2619.0,4263.0,1790.0,7057.0,331.0,7279.0,7643.0,4218.0,1761.0,8145.0,7273.0,3598.0,6574.0,7671.0,3557.0,7013.0,8510.0,1413.0,7645.0,6540.0,4222.0,7021.0,6541.0,2229.0,3072.0,1764.0,1049.0,1759.0,2223.0,1045.0,4220.0,8514.0,7018.0,637.0,5931.0,5631.0,7647.0,6544.0,5132.0,2611.0,3564.0,1765.0,5121.0,3070.0,8512.0,7019.0,4236.0,3075.0,4261.0,5134.0,8178.0,5940.0,3077.0,1054.0,325.0,2255.0,326.0,2616.0,8156.0,2632.0,7281.0,5973.0,1770.0,5974.0,5942.0,2634.0,5166.0,1769.0,7275.0,1052.0,5939.0,5136.0,3067.0,4229.0,3069.0,4234.0,7651.0,2225.0,5559.0,1788.0,2235.0,4235.0,653.0,1091.0,1794.0,7673.0,633.0,1756.0,,,,,,,,,,,,,,,,,,,,,,,,,,,,,,,,,,,,,,,,,,,,,,,,,,,,,,,,,,,,,,,,,,,,,,,,,,,,,,,,,,,,,,,,,,,,,,,,,,,,,,,,,,,,,,,,,,,,,,,,,,,,,,,,,,,,,,,,,,,,,,,,,,,,,,,,,,,,,,,,,,,,,,,,,,,,,,,,,,,,,,,,,,,,,,,,,,,,,,,,,,,,,,,,,,,,,,,,,,,,,,,,,,,,,,,,,,,,,,,,,,,,,,,,,,,,,,,,,,,,,,,,,,,,,,,,,,,,,,,,,,,,,,,,,,,,,,,
35.5363475,126.8081715,벌-개량종,120,805,1273.0,4781.0,107.0,2481.0,3330.0,3950.0,2861.0,1284.0,2026.0,805.0,1555.0,6293.0,6757.0,7481.0,7902.0,,,,,,,,,,,,,,,,,,,,,,,,,,,,,,,,,,,,,,,,,,,,,,,,,,,,,,,,,,,,,,,,,,,,,,,,,,,,,,,,,,,,,,,,,,,,,,,,,,,,,,,,,,,,,,,,,,,,,,,,,,,,,,,,,,,,,,,,,,,,,,,,,,,,,,,,,,,,,,,,,,,,,,,,,,,,,,,,,,,,,,,,,,,,,,,,,,,,,,,,,,,,,,,,,,,,,,,,,,,,,,,,,,,,,,,,,,,,,,,,,,,,,,,,,,,,,,,,,,,,,,,,,,,,,,,,,,,,,,,,,,,,,,,,,,,,,,,,,,,,,,,,,,,,,,,,,,,,,,,,,,,,,,,,,,,,,,,,,,,,,,,,,,,,,,,,,,,,,,,,,,,,,,,,,,,,,,,,,,,,,,,,,,,,,,,,,,,,,,,,,,,,,,,,,,,,,,,,,,,,,,,,,,,,,,,,,,,,,,,,,,,,,,,,,,,,,,,,,,,,,,,,,,,,,,,,,,,,,,,,,
35.4196814,127.6117698,벌-개량종,16,475,1280.0,7474.0,2018.0,3934.0,4758.0,788.0,1544.0,2475.0,4765.0,7387.0,475.0,8766.0,6740.0,4575.0,8760.0,6277.0,5423.0,3936.0,5690.0,1278.0,4764.0,8366.0,1539.0,2846.0,7879.0,2849.0,3318.0,792.0,8589.0,1283.0,2356.0,2014.0,89.0,564.0,2847.0,2476.0,1552.0,6756.0,90.0,1540.0,6279.0,565.0,7882.0,6292.0,6742.0,7245.0,3326.0,3320.0,7476.0,5692.0,7880.0,7891.0,99.0,5424.0,7472.0,4779.0,568.0,2480.0,6741.0,,,,,,,,,,,,,,,,,,,,,,,,,,,,,,,,,,,,,,,,,,,,,,,,,,,,,,,,,,,,,,,,,,,,,,,,,,,,,,,,,,,,,,,,,,,,,,,,,,,,,,,,,,,,,,,,,,,,,,,,,,,,,,,,,,,,,,,,,,,,,,,,,,,,,,,,,,,,,,,,,,,,,,,,,,,,,,,,,,,,,,,,,,,,,,,,,,,,,,,,,,,,,,,,,,,,,,,,,,,,,,,,,,,,,,,,,,,,,,,,,,,,,,,,,,,,,,,,,,,,,,,,,,,,,,,,,,,,,,,,,,,,,,,,,,,,,,,,,,,,,,,,,,,,,,,,,,,,,,,,,,,,,,,,,,,,,,,,,,,,,,,,,,,,,,,,,,,,,,,,,,,,,,,,,,,,,,,,,,,,,,,,,,,,,,,,,,,,,,,,,,,,,,,,,,,,,,,,,,,,,,,,,,,,,,,,,,,,,
35.9429234,128.9490738,벌-개량종,250,835,478.0,5444.0,4811.0,2887.0,825.0,6313.0,4810.0,8801.0,831.0,2048.0,5450.0,3986.0,2889.0,2042.0,3978.0,2045.0,834.0,1297.0,8804.0,127.0,833.0,6315.0,829.0,5443.0,126.0,6791.0,5448.0,6321.0,6320.0,480.0,5727.0,827.0,7495.0,3984.0,3980.0,3981.0,1571.0,479.0,7496.0,2883.0,828.0,826.0,8799.0,7497.0,6788.0,830.0,3343.0,1296.0,3982.0,5729.0,2049.0,2888.0,3985.0,4816.0,5449.0,5728.0,4580.0,1298.0,1572.0,2046.0,2495.0,2884.0,3342.0,3979.0,4812.0,5445.0,5725.0,6318.0,7247.0,6790.0,8395.0,124.0,824.0,7494.0,7925.0,8798.0,6793.0,8805.0,835.0,2050.0,3987.0,6323.0,6794.0,,,,,,,,,,,,,,,,,,,,,,,,,,,,,,,,,,,,,,,,,,,,,,,,,,,,,,,,,,,,,,,,,,,,,,,,,,,,,,,,,,,,,,,,,,,,,,,,,,,,,,,,,,,,,,,,,,,,,,,,,,,,,,,,,,,,,,,,,,,,,,,,,,,,,,,,,,,,,,,,,,,,,,,,,,,,,,,,,,,,,,,,,,,,,,,,,,,,,,,,,,,,,,,,,,,,,,,,,,,,,,,,,,,,,,,,,,,,,,,,,,,,,,,,,,,,,,,,,,,,,,,,,,,,,,,,,,,,,,,,,,,,,,,,,,,,,,,,,,,,,,,,,,,,,,,,,,,,,,,,,,,,,,,,,,,,,,,,,,,,,,,,,,,,,,,,,,,,,,,,,,,,,,,,,,,,,,,,,,,,,,,,,,,,,,,,,,,,,,,,,,,,,,,,,,,,,
37.4261432,126.9184737,벌-개량종,2,5184,7665.0,5964.0,5157.0,6567.0,1425.0,3588.0,3089.0,4255.0,5150.0,2248.0,5158.0,3090.0,1076.0,5580.0,5965.0,6568.0,7051.0,342.0,2251.0,1061.0,3572.0,5142.0,5570.0,5950.0,6553.0,7658.0,8162.0,6551.0,1059.0,5949.0,1066.0,3086.0,336.0,7662.0,1422.0,5571.0,7036.0,3580.0,5572.0,6556.0,2241.0,8521.0,2246.0,8519.0,645.0,7041.0,5149.0,4243.0,6555.0,7660.0,3581.0,8524.0,7043.0,8525.0,7044.0,3087.0,337.0,339.0,529.0,6563.0,7277.0,8598.0,1060.0,5945.0,5141.0,7030.0,7029.0,8161.0,8159.0,335.0,3091.0,4296.0,3612.0,2254.0,7675.0,8196.0,7666.0,5971.0,8535.0,7091.0,5970.0,370.0,8175.0,3100.0,358.0,5581.0,8886.0,1104.0,6586.0,5596.0,6570.0,2272.0,6002.0,4281.0,8527.0,3591.0,3592.0,8174.0,3627.0,7053.0,346.0,7074.0,5991.0,5185.0,5200.0,8188.0,1083.0,1081.0,7280.0,344.0,7667.0,2629.0,7054.0,4259.0,345.0,1082.0,1426.0,2253.0,3593.0,5162.0,5969.0,6571.0,5159.0,7066.0,1079.0,2644.0,1078.0,4273.0,2640.0,6581.0,7069.0,8880.0,3590.0,3602.0,7406.0,7678.0,6569.0,5160.0,5979.0,4257.0,2628.0,5169.0,4272.0,5967.0,2252.0,1077.0,7052.0,5587.0,8186.0,5990.0,4256.0,1098.0,4306.0,1802.0,6020.0,8183.0,7693.0,3092.0,1429.0,3606.0,5208.0,1820.0,2295.0,5184.0,6583.0,377.0,8211.0,378.0,5600.0,5955.0,1777.0,1420.0,4247.0,8164.0,6558.0,1064.0,5145.0,332.0,3576.0,528.0,1072.0,2625.0,3584.0,4252.0,5153.0,5963.0,7047.0,8170.0,355.0,1097.0,,,,,,,,,,,,,,,,,,,,,,,,,,,,,,,,,,,,,,,,,,,,,,,,,,,,,,,,,,,,,,,,,,,,,,,,,,,,,,,,,,,,,,,,,,,,,,,,,,,,,,,,,,,,,,,,,,,,,,,,,,,,,,,,,,,,,,,,,,,,,,,,,,,,,,,,,,,,,,,,,,,,,,,,,,,,,,,,,,,,,,,,,,,,,,,,,,,,,,,,,,,,,,,,,,,,,,,,,,,,,,,,,,,,,,,,,,,,,,,,,,,,,,,,,,,,,,,,,,,,,,,,,,,,,,,,,,,,,,,,,,,,,,,,,,,,,,,,,,,,,,,,,,
37.3312441,126.7691931,벌-개량종,2,3591,3068.0,7665.0,5964.0,1414.0,5157.0,5932.0,3558.0,6539.0,5119.0,1042.0,2224.0,5560.0,4216.0,6567.0,1425.0,3588.0,3089.0,4255.0,5150.0,2248.0,5556.0,5158.0,3090.0,1076.0,5580.0,5965.0,6568.0,7051.0,342.0,2251.0,1061.0,3572.0,5142.0,5570.0,5950.0,6553.0,7658.0,8162.0,6551.0,1059.0,5949.0,5571.0,7036.0,6556.0,8519.0,645.0,4243.0,6555.0,7660.0,7277.0,8598.0,1060.0,5945.0,5141.0,7030.0,7029.0,8161.0,8159.0,7068.0,3091.0,3612.0,2254.0,7675.0,7666.0,5971.0,8535.0,5970.0,2268.0,8175.0,3100.0,358.0,5581.0,5178.0,1104.0,6586.0,1101.0,6570.0,2272.0,6582.0,5586.0,353.0,4281.0,8527.0,3591.0,3592.0,8174.0,7053.0,7407.0,346.0,3097.0,3605.0,5987.0,4270.0,1799.0,7074.0,5991.0,8185.0,5185.0,8188.0,1083.0,1081.0,7280.0,344.0,7667.0,2629.0,7054.0,4259.0,345.0,1082.0,1426.0,2253.0,3593.0,5162.0,5969.0,6571.0,5159.0,1079.0,1078.0,3590.0,6569.0,5160.0,4257.0,2628.0,5967.0,2252.0,1077.0,7052.0,4256.0,3092.0,,,,,,,,,,,,,,,,,,,,,,,,,,,,,,,,,,,,,,,,,,,,,,,,,,,,,,,,,,,,,,,,,,,,,,,,,,,,,,,,,,,,,,,,,,,,,,,,,,,,,,,,,,,,,,,,,,,,,,,,,,,,,,,,,,,,,,,,,,,,,,,,,,,,,,,,,,,,,,,,,,,,,,,,,,,,,,,,,,,,,,,,,,,,,,,,,,,,,,,,,,,,,,,,,,,,,,,,,,,,,,,,,,,,,,,,,,,,,,,,,,,,,,,,,,,,,,,,,,,,,,,,,,,,,,,,,,,,,,,,,,,,,,,,,,,,,,,,,,,,,,,,,,,,,,,,,,,,,,,,,,,,,,,,,,,,,,,,,,,,,,,,,,,,,,,,,,,,,,,,,,,,,,,
35.4758135,126.7550335,벌-개량종,1,1273,1272.0,82.0,8362.0,4753.0,563.0,4756.0,1273.0,4781.0,107.0,2481.0,3330.0,3950.0,2861.0,1284.0,2026.0,805.0,1555.0,6293.0,6757.0,7481.0,7902.0,,,,,,,,,,,,,,,,,,,,,,,,,,,,,,,,,,,,,,,,,,,,,,,,,,,,,,,,,,,,,,,,,,,,,,,,,,,,,,,,,,,,,,,,,,,,,,,,,,,,,,,,,,,,,,,,,,,,,,,,,,,,,,,,,,,,,,,,,,,,,,,,,,,,,,,,,,,,,,,,,,,,,,,,,,,,,,,,,,,,,,,,,,,,,,,,,,,,,,,,,,,,,,,,,,,,,,,,,,,,,,,,,,,,,,,,,,,,,,,,,,,,,,,,,,,,,,,,,,,,,,,,,,,,,,,,,,,,,,,,,,,,,,,,,,,,,,,,,,,,,,,,,,,,,,,,,,,,,,,,,,,,,,,,,,,,,,,,,,,,,,,,,,,,,,,,,,,,,,,,,,,,,,,,,,,,,,,,,,,,,,,,,,,,,,,,,,,,,,,,,,,,,,,,,,,,,,,,,,,,,,,,,,,,,,,,,,,,,,,,,,,,,,,,,,,,,,,,,,,,,,,,,,,,,,,,,,,
37.2807191,127.5134139,벌-개량종,1,7046,6504.0,5063.0,5066.0,2200.0,3042.0,8113.0,3523.0,6982.0,1397.0,1395.0,998.0,5546.0,5905.0,2205.0,1016.0,5094.0,3045.0,5090.0,6523.0,5904.0,5903.0,629.0,3543.0,5889.0,8115.0,3540.0,3539.0,3052.0,3536.0,5093.0,3053.0,3054.0,3055.0,8128.0,5896.0,5897.0,1020.0,1407.0,1015.0,6522.0,5910.0,5089.0,5901.0,2207.0,1019.0,6996.0,5092.0,3538.0,5097.0,1022.0,304.0,1014.0,5900.0,8131.0,1023.0,3057.0,6995.0,4204.0,3544.0,5101.0,5911.0,5102.0,8130.0,3549.0,5106.0,5913.0,6527.0,8135.0,3547.0,1025.0,308.0,2595.0,4206.0,1026.0,5105.0,6528.0,6997.0,8137.0,8136.0,309.0,4208.0,3548.0,3059.0,5104.0,3546.0,6526.0,5912.0,5103.0,3545.0,4207.0,7046.0,1073.0,1782.0,5577.0,6564.0,5962.0,8526.0,3585.0,7663.0,5154.0,1791.0,2258.0,2635.0,3597.0,4264.0,5977.0,7058.0,5.0,2264.0,655.0,5585.0,3603.0,1092.0,1095.0,5981.0,5174.0,2267.0,349.0,5983.0,6580.0,1094.0,1797.0,352.0,351.0,4268.0,2642.0,1100.0,2269.0,3099.0,1800.0,3607.0,2643.0,1798.0,6501.0,999.0,3043.0,1398.0,4198.0,298.0,5079.0,4197.0,6516.0,5893.0,302.0,1008.0,1011.0,8124.0,6514.0,6988.0,1400.0,8126.0,1013.0,1002.0,5076.0,3541.0,1403.0,5070.0,1405.0,295.0,6511.0,6989.0,4192.0,297.0,3529.0,5077.0,5084.0,3534.0,6518.0,5075.0,5552.0,5551.0,3533.0,6519.0,4199.0,5087.0,5082.0,4195.0,3532.0,3048.0,1007.0,3047.0,1003.0,5088.0,1401.0,1010.0,7631.0,5550.0,3049.0,2202.0,3530.0,1005.0,3531.0,1004.0,1406.0,1747.0,8125.0,5080.0,4196.0,5891.0,5081.0,6513.0,6986.0,5892.0,6987.0,1399.0,3046.0,5078.0,5549.0,5890.0,6512.0,1006.0,5083.0,6515.0,294.0,2201.0,3044.0,3525.0,5547.0,5886.0,8118.0,1012.0,5553.0,5894.0,6990.0,8127.0,1404.0,5067.0,5085.0,6517.0,8116.0,3535.0,299.0,8505.0,4200.0,5895.0,3051.0,1748.0,3524.0,3050.0,1009.0,6991.0,303.0,6985.0,306.0,1017.0,5072.0,4194.0,6510.0,5548.0,6984.0,5074.0,1402.0,4193.0,296.0,8121.0,6994.0,1001.0,8123.0,1021.0,8133.0,2208.0,3056.0,5071.0,5086.0,7034.0,5143.0,8165.0,8163.0,2240.0,3083.0,2243.0,5573.0,3084.0,4242.0,4245.0,1776.0,5951.0,6554.0,8522.0,3575.0,330.0,5954.0,3573.0,1062.0,7039.0,1089.0,8531.0,6562.0,5147.0,6577.0,5171.0,4267.0,3609.0,1793.0,8182.0,1103.0,1067.0,2622.0,334.0,2261.0,5182.0,3600.0,,,,,,,,,,,,,,,,,,,,,,,,,,,,,,,,,,,,,,,,,,,,,,,,,,,,,,,,,,,,,,,,,,,,,,,,,,,,,,,,,,,,,,,,,,,,,,,,,,,,,,,,,,,,,,,,,,,,,,,,,,,,,,,,,,,,,,,,,,,,,,,,,,,,,,,,,,,,,,,,,,,,,,,,,,,,,,,,,,,,,,,,,,,,,,,,,,
36.7563769,128.4246026,벌-개량종,70,234,2364.0,6919.0,4977.0,8053.0,6450.0,1685.0,234.0,2553.0,,,,,,,,,,,,,,,,,,,,,,,,,,,,,,,,,,,,,,,,,,,,,,,,,,,,,,,,,,,,,,,,,,,,,,,,,,,,,,,,,,,,,,,,,,,,,,,,,,,,,,,,,,,,,,,,,,,,,,,,,,,,,,,,,,,,,,,,,,,,,,,,,,,,,,,,,,,,,,,,,,,,,,,,,,,,,,,,,,,,,,,,,,,,,,,,,,,,,,,,,,,,,,,,,,,,,,,,,,,,,,,,,,,,,,,,,,,,,,,,,,,,,,,,,,,,,,,,,,,,,,,,,,,,,,,,,,,,,,,,,,,,,,,,,,,,,,,,,,,,,,,,,,,,,,,,,,,,,,,,,,,,,,,,,,,,,,,,,,,,,,,,,,,,,,,,,,,,,,,,,,,,,,,,,,,,,,,,,,,,,,,,,,,,,,,,,,,,,,,,,,,,,,,,,,,,,,,,,,,,,,,,,,,,,,,,,,,,,,,,,,,,,,,,,,,,,,,,,,,,,,,,,,,,,,,,,,,,,,,,,,,,,,,,
38.1175251,127.7190584,벌-개량종,8,5308,3708.0,4418.0,7726.0,5625.0,1183.0,1904.0,718.0,1182.0,1901.0,6672.0,2724.0,5299.0,1900.0,6116.0,2726.0,8245.0,426.0,3710.0,6675.0,5306.0,8578.0,4422.0,4423.0,2727.0,6677.0,719.0,1906.0,3711.0,4425.0,6678.0,7206.0,5305.0,2720.0,2722.0,7202.0,5308.0,1899.0,2723.0,4426.0,5307.0,1902.0,4420.0,5302.0,2746.0,731.0,8586.0,4449.0,1923.0,1201.0,3723.0,2346.0,6697.0,8254.0,3162.0,433.0,7230.0,7736.0,5321.0,6144.0,,,,,,,,,,,,,,,,,,,,,,,,,,,,,,,,,,,,,,,,,,,,,,,,,,,,,,,,,,,,,,,,,,,,,,,,,,,,,,,,,,,,,,,,,,,,,,,,,,,,,,,,,,,,,,,,,,,,,,,,,,,,,,,,,,,,,,,,,,,,,,,,,,,,,,,,,,,,,,,,,,,,,,,,,,,,,,,,,,,,,,,,,,,,,,,,,,,,,,,,,,,,,,,,,,,,,,,,,,,,,,,,,,,,,,,,,,,,,,,,,,,,,,,,,,,,,,,,,,,,,,,,,,,,,,,,,,,,,,,,,,,,,,,,,,,,,,,,,,,,,,,,,,,,,,,,,,,,,,,,,,,,,,,,,,,,,,,,,,,,,,,,,,,,,,,,,,,,,,,,,,,,,,,,,,,,,,,,,,,,,,,,,,,,,,,,,,,,,,,,,,,,,,,,,,,,,,,,,,,,,,,,,,,,,,,,,,,,,
38.1933008,127.5902416,벌-개량종,10,7225,5634.0,7232.0,4450.0,7738.0,434.0,3724.0,3164.0,5322.0,2348.0,1203.0,1925.0,8255.0,7219.0,5316.0,5317.0,7225.0,3719.0,6137.0,2739.0,725.0,6142.0,2343.0,6143.0,1198.0,1196.0,4444.0,2742.0,4441.0,1918.0,6692.0,8251.0,,,,,,,,,,,,,,,,,,,,,,,,,,,,,,,,,,,,,,,,,,,,,,,,,,,,,,,,,,,,,,,,,,,,,,,,,,,,,,,,,,,,,,,,,,,,,,,,,,,,,,,,,,,,,,,,,,,,,,,,,,,,,,,,,,,,,,,,,,,,,,,,,,,,,,,,,,,,,,,,,,,,,,,,,,,,,,,,,,,,,,,,,,,,,,,,,,,,,,,,,,,,,,,,,,,,,,,,,,,,,,,,,,,,,,,,,,,,,,,,,,,,,,,,,,,,,,,,,,,,,,,,,,,,,,,,,,,,,,,,,,,,,,,,,,,,,,,,,,,,,,,,,,,,,,,,,,,,,,,,,,,,,,,,,,,,,,,,,,,,,,,,,,,,,,,,,,,,,,,,,,,,,,,,,,,,,,,,,,,,,,,,,,,,,,,,,,,,,,,,,,,,,,,,,,,,,,,,,,,,,,,,,,,,,,,,,,,,,,,,,,,,,,,,,,,,,,,,,,,,,,,,,
38.0777327,127.519277,벌-개량종,5,6137,6681.0,7209.0,3157.0,6119.0,2729.0,4427.0,6679.0,427.0,3713.0,4428.0,5309.0,6680.0,7208.0,5311.0,6123.0,2721.0,717.0,4417.0,3696.0,5292.0,8619.0,6106.0,2327.0,1886.0,8241.0,7189.0,6120.0,6121.0,6122.0,1185.0,722.0,1186.0,4429.0,5310.0,2333.0,2730.0,1178.0,8579.0,5634.0,7232.0,7210.0,8580.0,1908.0,4430.0,6682.0,1911.0,7211.0,4450.0,2376.0,7738.0,434.0,1907.0,3724.0,8581.0,1909.0,6683.0,8583.0,3164.0,5322.0,7213.0,2348.0,7218.0,6686.0,1203.0,1925.0,8255.0,1916.0,1914.0,4434.0,3717.0,4437.0,6687.0,6689.0,8582.0,2734.0,1910.0,5315.0,2338.0,2737.0,6133.0,7217.0,4432.0,6685.0,1193.0,4431.0,4433.0,5312.0,6129.0,7212.0,2733.0,6684.0,2736.0,7731.0,3158.0,6127.0,1189.0,2334.0,6126.0,8248.0,1188.0,6125.0,3159.0,5313.0,4438.0,6135.0,1187.0,2731.0,6124.0,7729.0,2732.0,7728.0,1194.0,1917.0,2339.0,7219.0,5316.0,5317.0,6130.0,4436.0,3721.0,4440.0,428.0,7224.0,7225.0,1197.0,3719.0,431.0,6137.0,2739.0,6136.0,725.0,3714.0,6140.0,6691.0,6142.0,1919.0,2343.0,6143.0,8252.0,1198.0,1196.0,4444.0,2742.0,4441.0,1918.0,2342.0,2744.0,1912.0,6692.0,5318.0,6139.0,7223.0,6128.0,1190.0,2335.0,2340.0,8251.0,2326.0,6662.0,1881.0,4401.0,1176.0,2324.0,1174.0,3153.0,1878.0,1882.0,5287.0,709.0,1883.0,417.0,7185.0,7183.0,416.0,4402.0,8618.0,6101.0,2708.0,6104.0,2709.0,3693.0,4403.0,5289.0,418.0,4404.0,2710.0,1177.0,1884.0,2711.0,3694.0,5290.0,1885.0,4405.0,6105.0,7186.0,4406.0,5291.0,2712.0,3154.0,7187.0,3695.0,6663.0,419.0,5293.0,711.0,7194.0,3702.0,3703.0,1889.0,421.0,6667.0,6666.0,710.0,7196.0,3708.0,6117.0,4418.0,7726.0,5625.0,6111.0,5301.0,2331.0,1183.0,1904.0,718.0,5626.0,1182.0,1901.0,2328.0,6108.0,6672.0,2724.0,5299.0,2330.0,5624.0,1900.0,6116.0,2726.0,8246.0,7198.0,8576.0,7204.0,8245.0,426.0,3710.0,6675.0,4424.0,5306.0,8578.0,1905.0,4422.0,8620.0,1184.0,4423.0,2727.0,2728.0,6677.0,719.0,1906.0,3711.0,4425.0,6678.0,7206.0,5305.0,720.0,2720.0,2722.0,7202.0,8572.0,5308.0,1899.0,2723.0,,,,,,,,,,,,,,,,,,,,,,,,,,,,,,,,,,,,,,,,,,,,,,,,,,,,,,,,,,,,,,,,,,,,,,,,,,,,,,,,,,,,,,,,,,,,,,,,,,,,,,,,,,,,,,,,,,,,,,,,,,,,,,,,,,,,,,,,,,,,,,,,,,,,,,,,,,,,,,,,,,,,,,,,,,,,,,,,,,,,,,,,,,,,,,,,,,,,,,,,,,,,,,,,,,,,,,,,,,,,,,,,
38.1220161,127.5227384,벌-개량종,10,7225,6681.0,7209.0,3157.0,6119.0,2729.0,4427.0,6679.0,427.0,3713.0,4428.0,5309.0,6680.0,7208.0,5311.0,6123.0,6120.0,6121.0,6122.0,1185.0,722.0,1186.0,4429.0,5310.0,2333.0,2730.0,8579.0,5634.0,7232.0,7210.0,8580.0,1908.0,4430.0,6682.0,1911.0,7211.0,4450.0,2376.0,7738.0,434.0,1907.0,3724.0,8581.0,1909.0,6683.0,8583.0,3164.0,5322.0,7213.0,2348.0,7218.0,6686.0,1203.0,1925.0,8255.0,1916.0,1914.0,4434.0,3717.0,4437.0,6687.0,6689.0,8582.0,2734.0,1910.0,5315.0,2338.0,2737.0,6133.0,7217.0,4432.0,6685.0,1193.0,4431.0,4433.0,5312.0,6129.0,7212.0,2733.0,6684.0,2736.0,7731.0,3158.0,6127.0,1189.0,2334.0,6126.0,8248.0,1188.0,6125.0,3159.0,5313.0,4438.0,6135.0,1187.0,2731.0,6124.0,7729.0,2732.0,7728.0,1194.0,1917.0,2339.0,7219.0,5316.0,5317.0,6130.0,4436.0,3721.0,4440.0,428.0,7224.0,7225.0,1197.0,3719.0,431.0,6137.0,2739.0,6136.0,725.0,3714.0,6140.0,6691.0,6142.0,1919.0,2343.0,6143.0,8252.0,1198.0,1196.0,4444.0,2742.0,4441.0,1918.0,2342.0,2744.0,1912.0,6692.0,5318.0,6139.0,7223.0,6128.0,1190.0,2335.0,2340.0,8251.0,3708.0,6117.0,4418.0,7726.0,5625.0,5301.0,2331.0,1183.0,1904.0,718.0,5626.0,1182.0,1901.0,6672.0,2724.0,5299.0,1900.0,6116.0,2726.0,8246.0,8576.0,7204.0,8245.0,426.0,3710.0,6675.0,4424.0,5306.0,8578.0,1905.0,4422.0,8620.0,1184.0,4423.0,2727.0,2728.0,6677.0,719.0,1906.0,3711.0,4425.0,6678.0,7206.0,5305.0,720.0,5308.0,,,,,,,,,,,,,,,,,,,,,,,,,,,,,,,,,,,,,,,,,,,,,,,,,,,,,,,,,,,,,,,,,,,,,,,,,,,,,,,,,,,,,,,,,,,,,,,,,,,,,,,,,,,,,,,,,,,,,,,,,,,,,,,,,,,,,,,,,,,,,,,,,,,,,,,,,,,,,,,,,,,,,,,,,,,,,,,,,,,,,,,,,,,,,,,,,,,,,,,,,,,,,,,,,,,,,,,,,,,,,,,,,,,,,,,,,,,,,,,,,,,,,,,,,,,,,,,,,,,,,,,,,,,,,,,,,,,,,,,,,,,,,,,,,,,,,,,,,,,,,,,,,
37.0527052,128.1900586,벌-개량종,2,5555,8871.0,1734.0,7622.0,6964.0,5555.0,4165.0,6489.0,984.0,4171.0,640.0,3516.0,8146.0,6529.0,4223.0,5873.0,991.0,2189.0,5938.0,2232.0,3561.0,7649.0,7026.0,5567.0,5000.0,3002.0,4603.0,3480.0,4133.0,7269.0,1704.0,7239.0,6940.0,938.0,5831.0,2163.0,8911.0,522.0,6465.0,8487.0,1374.0,269.0,8497.0,2183.0,7620.0,6495.0,287.0,4172.0,990.0,6973.0,3039.0,6496.0,8106.0,5539.0,2585.0,1393.0,1394.0,994.0,3519.0,5542.0,4180.0,5880.0,3040.0,1738.0,7625.0,5058.0,5877.0,5059.0,1741.0,2195.0,8109.0,2588.0,,,,,,,,,,,,,,,,,,,,,,,,,,,,,,,,,,,,,,,,,,,,,,,,,,,,,,,,,,,,,,,,,,,,,,,,,,,,,,,,,,,,,,,,,,,,,,,,,,,,,,,,,,,,,,,,,,,,,,,,,,,,,,,,,,,,,,,,,,,,,,,,,,,,,,,,,,,,,,,,,,,,,,,,,,,,,,,,,,,,,,,,,,,,,,,,,,,,,,,,,,,,,,,,,,,,,,,,,,,,,,,,,,,,,,,,,,,,,,,,,,,,,,,,,,,,,,,,,,,,,,,,,,,,,,,,,,,,,,,,,,,,,,,,,,,,,,,,,,,,,,,,,,,,,,,,,,,,,,,,,,,,,,,,,,,,,,,,,,,,,,,,,,,,,,,,,,,,,,,,,,,,,,,,,,,,,,,,,,,,,,,,,,,,,,,,,,,,,,,,,,,,,,,,,,,,,,,,,,,,,,,,,
37.5991199,127.5944092,벌-개량종,10,2685,2656.0,8537.0,1450.0,3739.0,1113.0,1813.0,1812.0,3108.0,2657.0,6000.0,7090.0,1107.0,1114.0,1808.0,5590.0,5992.0,1814.0,1815.0,1816.0,5198.0,1115.0,371.0,6001.0,2659.0,2283.0,1818.0,8195.0,5199.0,2284.0,4295.0,5195.0,5196.0,5197.0,1817.0,7126.0,1438.0,7119.0,2671.0,3649.0,381.0,3633.0,4305.0,6023.0,2302.0,2667.0,376.0,3644.0,2670.0,669.0,4328.0,6022.0,4335.0,7099.0,5207.0,6017.0,1128.0,6047.0,1142.0,1834.0,5224.0,5233.0,2669.0,1127.0,4310.0,5209.0,8221.0,388.0,1146.0,6056.0,8222.0,1821.0,5210.0,4308.0,8208.0,3632.0,4309.0,8890.0,3634.0,8216.0,2672.0,6618.0,3609.0,1103.0,5182.0,4282.0,6587.0,2273.0,3101.0,5588.0,7076.0,8189.0,5218.0,2299.0,2685.0,1827.0,4323.0,5219.0,380.0,7117.0,2301.0,3120.0,1141.0,3121.0,6045.0,4340.0,6623.0,7130.0,8554.0,6062.0,2309.0,5612.0,2688.0,3134.0,1150.0,395.0,6634.0,4343.0,7133.0,1850.0,1156.0,1151.0,5256.0,4356.0,5240.0,,,,,,,,,,,,,,,,,,,,,,,,,,,,,,,,,,,,,,,,,,,,,,,,,,,,,,,,,,,,,,,,,,,,,,,,,,,,,,,,,,,,,,,,,,,,,,,,,,,,,,,,,,,,,,,,,,,,,,,,,,,,,,,,,,,,,,,,,,,,,,,,,,,,,,,,,,,,,,,,,,,,,,,,,,,,,,,,,,,,,,,,,,,,,,,,,,,,,,,,,,,,,,,,,,,,,,,,,,,,,,,,,,,,,,,,,,,,,,,,,,,,,,,,,,,,,,,,,,,,,,,,,,,,,,,,,,,,,,,,,,,,,,,,,,,,,,,,,,,,,,,,,,,,,,,,,,,,,,,,,,,,,,,,,,,,,,,,,,,,,,,,,,,,,,,,,,,,,,,,,,,,,,,,,,,,
35.6305091,127.3303778,벌-개량종,60,8383,6287.0,2024.0,6301.0,1562.0,8383.0,7483.0,7892.0,8376.0,6751.0,4774.0,6768.0,7477.0,100.0,3221.0,7388.0,2855.0,7244.0,3961.0,3327.0,5698.0,3946.0,6772.0,2477.0,6774.0,5714.0,6305.0,6775.0,7918.0,8387.0,3335.0,2488.0,2037.0,3336.0,7919.0,8388.0,2038.0,5715.0,3967.0,6776.0,1564.0,6306.0,6779.0,7488.0,4802.0,5438.0,3968.0,8925.0,2493.0,3974.0,4806.0,6785.0,3970.0,6781.0,,,,,,,,,,,,,,,,,,,,,,,,,,,,,,,,,,,,,,,,,,,,,,,,,,,,,,,,,,,,,,,,,,,,,,,,,,,,,,,,,,,,,,,,,,,,,,,,,,,,,,,,,,,,,,,,,,,,,,,,,,,,,,,,,,,,,,,,,,,,,,,,,,,,,,,,,,,,,,,,,,,,,,,,,,,,,,,,,,,,,,,,,,,,,,,,,,,,,,,,,,,,,,,,,,,,,,,,,,,,,,,,,,,,,,,,,,,,,,,,,,,,,,,,,,,,,,,,,,,,,,,,,,,,,,,,,,,,,,,,,,,,,,,,,,,,,,,,,,,,,,,,,,,,,,,,,,,,,,,,,,,,,,,,,,,,,,,,,,,,,,,,,,,,,,,,,,,,,,,,,,,,,,,,,,,,,,,,,,,,,,,,,,,,,,,,,,,,,,,,,,,,,,,,,,,,,,,,,,,,,,,,,,,,,,,,,,,,,,,,,,,
35.7690276,128.6778895,벌-개량종,2,7492,8788.0,816.0,8787.0,7484.0,115.0,3963.0,7913.0,4795.0,5710.0,4792.0,1563.0,8384.0,6769.0,5435.0,2872.0,811.0,6303.0,3333.0,477.0,5713.0,1293.0,8795.0,7917.0,4805.0,2492.0,5437.0,2880.0,7923.0,118.0,7922.0,123.0,3975.0,2879.0,6786.0,7924.0,1569.0,3341.0,3340.0,4807.0,8796.0,1570.0,5722.0,5442.0,7492.0,5441.0,6314.0,823.0,6787.0,1294.0,2494.0,5721.0,7493.0,6778.0,8797.0,1295.0,8793.0,7491.0,5444.0,6312.0,4811.0,8794.0,825.0,6313.0,4810.0,1568.0,2491.0,122.0,2042.0,3978.0,2045.0,1297.0,127.0,6315.0,8392.0,5440.0,5443.0,822.0,5720.0,126.0,1571.0,3973.0,2883.0,2878.0,8799.0,6788.0,1292.0,1296.0,,,,,,,,,,,,,,,,,,,,,,,,,,,,,,,,,,,,,,,,,,,,,,,,,,,,,,,,,,,,,,,,,,,,,,,,,,,,,,,,,,,,,,,,,,,,,,,,,,,,,,,,,,,,,,,,,,,,,,,,,,,,,,,,,,,,,,,,,,,,,,,,,,,,,,,,,,,,,,,,,,,,,,,,,,,,,,,,,,,,,,,,,,,,,,,,,,,,,,,,,,,,,,,,,,,,,,,,,,,,,,,,,,,,,,,,,,,,,,,,,,,,,,,,,,,,,,,,,,,,,,,,,,,,,,,,,,,,,,,,,,,,,,,,,,,,,,,,,,,,,,,,,,,,,,,,,,,,,,,,,,,,,,,,,,,,,,,,,,,,,,,,,,,,,,,,,,,,,,,,,,,,,,,,,,,,,,,,,,,,,,,,,,,,,,,,,,,,,,,,,,,,,,,,,
37.4788509,127.7376486,벌-개량종,32,7070,4246.0,8520.0,8165.0,2243.0,5573.0,3084.0,4245.0,8522.0,3575.0,5954.0,6559.0,7039.0,1089.0,8531.0,6562.0,5147.0,6577.0,5171.0,4267.0,5986.0,3609.0,1793.0,8182.0,1103.0,1067.0,7070.0,2622.0,334.0,2261.0,5182.0,3600.0,4282.0,6587.0,2273.0,3101.0,5588.0,7076.0,8189.0,5218.0,2299.0,7038.0,,,,,,,,,,,,,,,,,,,,,,,,,,,,,,,,,,,,,,,,,,,,,,,,,,,,,,,,,,,,,,,,,,,,,,,,,,,,,,,,,,,,,,,,,,,,,,,,,,,,,,,,,,,,,,,,,,,,,,,,,,,,,,,,,,,,,,,,,,,,,,,,,,,,,,,,,,,,,,,,,,,,,,,,,,,,,,,,,,,,,,,,,,,,,,,,,,,,,,,,,,,,,,,,,,,,,,,,,,,,,,,,,,,,,,,,,,,,,,,,,,,,,,,,,,,,,,,,,,,,,,,,,,,,,,,,,,,,,,,,,,,,,,,,,,,,,,,,,,,,,,,,,,,,,,,,,,,,,,,,,,,,,,,,,,,,,,,,,,,,,,,,,,,,,,,,,,,,,,,,,,,,,,,,,,,,,,,,,,,,,,,,,,,,,,,,,,,,,,,,,,,,,,,,,,,,,,,,,,,,,,,,,,,,,,,,,,,,,,,,,,,,,,,,,,,,,,,
38.0777327,127.519277,벌-개량종,7,6137,6681.0,7209.0,3157.0,6119.0,2729.0,4427.0,6679.0,427.0,3713.0,4428.0,5309.0,6680.0,7208.0,5311.0,6123.0,2721.0,717.0,4417.0,3696.0,5292.0,8619.0,6106.0,2327.0,1886.0,8241.0,7189.0,6120.0,6121.0,6122.0,1185.0,722.0,1186.0,4429.0,5310.0,2333.0,2730.0,1178.0,8579.0,5634.0,7232.0,7210.0,8580.0,1908.0,4430.0,6682.0,1911.0,7211.0,4450.0,2376.0,7738.0,434.0,1907.0,3724.0,8581.0,1909.0,6683.0,8583.0,3164.0,5322.0,7213.0,2348.0,7218.0,6686.0,1203.0,1925.0,8255.0,1916.0,1914.0,4434.0,3717.0,4437.0,6687.0,6689.0,8582.0,2734.0,1910.0,5315.0,2338.0,2737.0,6133.0,7217.0,4432.0,6685.0,1193.0,4431.0,4433.0,5312.0,6129.0,7212.0,2733.0,6684.0,2736.0,7731.0,3158.0,6127.0,1189.0,2334.0,6126.0,8248.0,1188.0,6125.0,3159.0,5313.0,4438.0,6135.0,1187.0,2731.0,6124.0,7729.0,2732.0,7728.0,1194.0,1917.0,2339.0,7219.0,5316.0,5317.0,6130.0,4436.0,3721.0,4440.0,428.0,7224.0,7225.0,1197.0,3719.0,431.0,6137.0,2739.0,6136.0,725.0,3714.0,6140.0,6691.0,6142.0,1919.0,2343.0,6143.0,8252.0,1198.0,1196.0,4444.0,2742.0,4441.0,1918.0,2342.0,2744.0,1912.0,6692.0,5318.0,6139.0,7223.0,6128.0,1190.0,2335.0,2340.0,8251.0,2326.0,6662.0,1881.0,4401.0,1176.0,2324.0,1174.0,3153.0,1878.0,1882.0,5287.0,709.0,1883.0,417.0,7185.0,7183.0,416.0,4402.0,8618.0,6101.0,2708.0,6104.0,2709.0,3693.0,4403.0,5289.0,418.0,4404.0,2710.0,1177.0,1884.0,2711.0,3694.0,5290.0,1885.0,4405.0,6105.0,7186.0,4406.0,5291.0,2712.0,3154.0,7187.0,3695.0,6663.0,419.0,5293.0,711.0,7194.0,3702.0,3703.0,1889.0,421.0,6667.0,6666.0,710.0,7196.0,3708.0,6117.0,4418.0,7726.0,5625.0,6111.0,5301.0,2331.0,1183.0,1904.0,718.0,5626.0,1182.0,1901.0,2328.0,6108.0,6672.0,2724.0,5299.0,2330.0,5624.0,1900.0,6116.0,2726.0,8246.0,7198.0,8576.0,7204.0,8245.0,426.0,3710.0,6675.0,4424.0,5306.0,8578.0,1905.0,4422.0,8620.0,1184.0,4423.0,2727.0,2728.0,6677.0,719.0,1906.0,3711.0,4425.0,6678.0,7206.0,5305.0,720.0,2720.0,2722.0,7202.0,8572.0,5308.0,1899.0,2723.0,,,,,,,,,,,,,,,,,,,,,,,,,,,,,,,,,,,,,,,,,,,,,,,,,,,,,,,,,,,,,,,,,,,,,,,,,,,,,,,,,,,,,,,,,,,,,,,,,,,,,,,,,,,,,,,,,,,,,,,,,,,,,,,,,,,,,,,,,,,,,,,,,,,,,,,,,,,,,,,,,,,,,,,,,,,,,,,,,,,,,,,,,,,,,,,,,,,,,,,,,,,,,,,,,,,,,,,,,,,,,,,,
37.4338372,128.6710446,벌-개량종,500,7664,4261.0,8178.0,2255.0,2632.0,7281.0,5973.0,5974.0,2634.0,5166.0,1788.0,653.0,1091.0,1794.0,7673.0,2282.0,665.0,2654.0,4294.0,6597.0,7089.0,7686.0,2655.0,2658.0,3175.0,5958.0,664.0,7684.0,7042.0,4249.0,5996.0,8600.0,7040.0,4250.0,1116.0,666.0,2650.0,7664.0,2660.0,2661.0,8603.0,8602.0,1126.0,1119.0,1117.0,6005.0,6007.0,8601.0,8604.0,6003.0,6019.0,8606.0,1822.0,1130.0,2673.0,6024.0,8544.0,8608.0,1131.0,2674.0,6025.0,8545.0,8609.0,671.0,2675.0,4312.0,1132.0,3114.0,3636.0,6027.0,6605.0,7100.0,7694.0,672.0,1133.0,2676.0,6028.0,8610.0,6029.0,673.0,674.0,6032.0,675.0,4317.0,8611.0,1136.0,1134.0,2678.0,,,,,,,,,,,,,,,,,,,,,,,,,,,,,,,,,,,,,,,,,,,,,,,,,,,,,,,,,,,,,,,,,,,,,,,,,,,,,,,,,,,,,,,,,,,,,,,,,,,,,,,,,,,,,,,,,,,,,,,,,,,,,,,,,,,,,,,,,,,,,,,,,,,,,,,,,,,,,,,,,,,,,,,,,,,,,,,,,,,,,,,,,,,,,,,,,,,,,,,,,,,,,,,,,,,,,,,,,,,,,,,,,,,,,,,,,,,,,,,,,,,,,,,,,,,,,,,,,,,,,,,,,,,,,,,,,,,,,,,,,,,,,,,,,,,,,,,,,,,,,,,,,,,,,,,,,,,,,,,,,,,,,,,,,,,,,,,,,,,,,,,,,,,,,,,,,,,,,,,,,,,,,,,,,,,,,,,,,,,,,,,,,,,,,,,,,,,,,,,,,,,,,,,,,
37.5424933,127.6341394,벌-개량종,8,2273,8537.0,1450.0,3739.0,7090.0,1107.0,1808.0,5590.0,5992.0,1438.0,2671.0,3633.0,4305.0,6023.0,2667.0,376.0,2670.0,669.0,6022.0,7099.0,5207.0,6017.0,1128.0,2669.0,1127.0,4310.0,5209.0,1821.0,5210.0,4308.0,8208.0,3632.0,4309.0,8890.0,3634.0,2672.0,1089.0,8531.0,6577.0,5171.0,4267.0,5986.0,3609.0,1793.0,8182.0,1103.0,7070.0,2261.0,5182.0,3600.0,4282.0,6587.0,2273.0,3101.0,5588.0,7076.0,8189.0,5218.0,2299.0,2685.0,1827.0,4323.0,5219.0,380.0,7117.0,2301.0,3120.0,1141.0,3121.0,6045.0,4340.0,6623.0,7130.0,8554.0,6062.0,2309.0,5612.0,1150.0,4343.0,5240.0,,,,,,,,,,,,,,,,,,,,,,,,,,,,,,,,,,,,,,,,,,,,,,,,,,,,,,,,,,,,,,,,,,,,,,,,,,,,,,,,,,,,,,,,,,,,,,,,,,,,,,,,,,,,,,,,,,,,,,,,,,,,,,,,,,,,,,,,,,,,,,,,,,,,,,,,,,,,,,,,,,,,,,,,,,,,,,,,,,,,,,,,,,,,,,,,,,,,,,,,,,,,,,,,,,,,,,,,,,,,,,,,,,,,,,,,,,,,,,,,,,,,,,,,,,,,,,,,,,,,,,,,,,,,,,,,,,,,,,,,,,,,,,,,,,,,,,,,,,,,,,,,,,,,,,,,,,,,,,,,,,,,,,,,,,,,,,,,,,,,,,,,,,,,,,,,,,,,,,,,,,,,,,,,,,,,,,,,,,,,,,,,,,,,,,,,,,,,,,,,,,,,,,,,,,,,,,,,,
35.3338086,128.3413471,벌-개량종,10,3931,5421.0,8756.0,8363.0,6272.0,7321.0,2842.0,2474.0,1271.0,4570.0,5687.0,1532.0,472.0,3314.0,7873.0,6724.0,67.0,8736.0,1258.0,1516.0,1982.0,3906.0,3299.0,773.0,1262.0,1986.0,3300.0,3910.0,4735.0,3908.0,8351.0,5402.0,1261.0,6252.0,70.0,5399.0,1987.0,2453.0,2820.0,5672.0,7851.0,73.0,774.0,2455.0,2823.0,3301.0,1520.0,4738.0,5406.0,6254.0,8352.0,8353.0,775.0,2457.0,3302.0,7457.0,1522.0,1995.0,5409.0,8357.0,779.0,2459.0,8739.0,1523.0,3915.0,5678.0,4741.0,778.0,1264.0,8740.0,4559.0,1263.0,5677.0,1996.0,6257.0,7857.0,1997.0,3304.0,1998.0,1524.0,3916.0,4560.0,2460.0,3303.0,2826.0,2827.0,5679.0,4561.0,3921.0,2005.0,4564.0,2835.0,3736.0,6259.0,8741.0,8742.0,7858.0,7865.0,6260.0,8358.0,4745.0,7461.0,8747.0,8750.0,2471.0,8754.0,786.0,8752.0,2839.0,8360.0,80.0,3311.0,6269.0,4569.0,4568.0,4751.0,2470.0,1529.0,8361.0,8899.0,3931.0,7467.0,789.0,5689.0,6276.0,8367.0,1276.0,1536.0,3316.0,7322.0,7470.0,8369.0,8761.0,91.0,794.0,3319.0,7471.0,8371.0,94.0,796.0,5427.0,1546.0,797.0,6283.0,6747.0,5695.0,4770.0,95.0,1547.0,6745.0,3325.0,7887.0,3944.0,8772.0,7324.0,4737.0,5404.0,5673.0,7853.0,6726.0,6274.0,8737.0,6270.0,7871.0,4750.0,87.0,1275.0,4760.0,7466.0,3309.0,1268.0,1270.0,5420.0,8765.0,3313.0,1530.0,2845.0,8900.0,7469.0,1277.0,84.0,6735.0,791.0,7876.0,2010.0,3937.0,8751.0,785.0,4567.0,3930.0,,,,,,,,,,,,,,,,,,,,,,,,,,,,,,,,,,,,,,,,,,,,,,,,,,,,,,,,,,,,,,,,,,,,,,,,,,,,,,,,,,,,,,,,,,,,,,,,,,,,,,,,,,,,,,,,,,,,,,,,,,,,,,,,,,,,,,,,,,,,,,,,,,,,,,,,,,,,,,,,,,,,,,,,,,,,,,,,,,,,,,,,,,,,,,,,,,,,,,,,,,,,,,,,,,,,,,,,,,,,,,,,,,,,,,,,,,,,,,,,,,,,,,,,,,,,,,,,,,,,,,,,,,,,,,,,,,,,,,,,,,,,,,,,,,,,,,,,,,,,,,,,,,,
37.8654744,127.6461186,벌-개량종,30,8569,3683.0,3696.0,3150.0,5292.0,1854.0,7171.0,8567.0,6654.0,4389.0,2693.0,411.0,689.0,6106.0,7173.0,2327.0,5275.0,6087.0,1886.0,5277.0,1857.0,1858.0,407.0,1869.0,6649.0,4378.0,2698.0,3680.0,4377.0,5276.0,8241.0,4392.0,2321.0,7154.0,5266.0,409.0,6096.0,7189.0,1170.0,4369.0,1178.0,1172.0,7163.0,4340.0,6623.0,7130.0,8554.0,6062.0,2309.0,5612.0,2688.0,3134.0,1150.0,685.0,6083.0,395.0,6634.0,7161.0,6642.0,686.0,3671.0,400.0,1162.0,8233.0,3147.0,4343.0,691.0,3672.0,2318.0,2696.0,7133.0,3669.0,1850.0,1156.0,1151.0,2691.0,5256.0,6647.0,4356.0,5240.0,5268.0,2317.0,4375.0,6651.0,6088.0,3679.0,6086.0,8565.0,6085.0,7719.0,1164.0,1165.0,1166.0,5273.0,412.0,1867.0,8234.0,3687.0,7721.0,5282.0,2319.0,406.0,3148.0,2320.0,7165.0,4391.0,5280.0,4380.0,5283.0,2700.0,701.0,7175.0,4382.0,692.0,6655.0,696.0,7177.0,2326.0,1870.0,6656.0,7722.0,8568.0,6662.0,1881.0,4401.0,1176.0,2324.0,3151.0,1174.0,1876.0,3153.0,4397.0,7182.0,4394.0,3688.0,5285.0,1879.0,4399.0,1873.0,415.0,6659.0,2705.0,8240.0,1878.0,414.0,7288.0,4398.0,3690.0,1882.0,1880.0,2706.0,5287.0,4396.0,6102.0,708.0,709.0,5621.0,3691.0,1883.0,417.0,7185.0,7184.0,7183.0,416.0,4402.0,8618.0,6101.0,2708.0,6104.0,6661.0,2709.0,3693.0,4403.0,5289.0,418.0,4404.0,2710.0,1177.0,1884.0,2711.0,3694.0,5290.0,1885.0,4405.0,6105.0,7186.0,4406.0,5291.0,2712.0,3154.0,7187.0,3695.0,6663.0,419.0,5293.0,711.0,7194.0,3702.0,3703.0,1889.0,421.0,6667.0,6666.0,710.0,7196.0,3708.0,6117.0,4418.0,7726.0,5625.0,6111.0,5301.0,2331.0,1183.0,1904.0,718.0,5626.0,1182.0,1901.0,2328.0,6108.0,6672.0,2724.0,5299.0,2330.0,5624.0,1900.0,6116.0,2726.0,8246.0,7198.0,8576.0,7204.0,8245.0,426.0,3710.0,6675.0,4424.0,5306.0,8578.0,1905.0,4422.0,8620.0,1184.0,4423.0,2727.0,2728.0,6677.0,719.0,1906.0,3711.0,4425.0,6678.0,7206.0,5305.0,720.0,2720.0,2722.0,7202.0,8572.0,5308.0,8569.0,1899.0,2723.0,4410.0,7195.0,8573.0,1888.0,1890.0,6669.0,3699.0,6668.0,7199.0,4409.0,6665.0,6664.0,7197.0,3700.0,4407.0,7190.0,3704.0,3705.0,1891.0,8571.0,7724.0,3697.0,7178.0,1892.0,1893.0,712.0,8570.0,1894.0,8242.0,422.0,2715.0,7191.0,4411.0,4412.0,3701.0,4408.0,7192.0,3698.0,1887.0,4426.0,4413.0,5307.0,7193.0,7188.0,6109.0,6098.0,2703.0,1902.0,4420.0,5302.0,1872.0,706.0,3706.0,7725.0,,,,,,,,,,,,,,,,,,,,,,,,,,,,,,,,,,,,,,,,,,,,,,,,,,,,,,,,,,,,,,,,,,,,,,,,,,,,,,,,,,,,,,,,,,,,,,,,,,,,,,,,,,,,,,,,,,,,,,,,,,,,,,,,,,,,,,,,,,,,,,,,,,,,,,,,,,,,,,,,,,,,,,,,,,,,,,,,,,,
36.954022,127.8155908,벌-개량종,100,8492,1362.0,6448.0,1687.0,5843.0,4113.0,5017.0,927.0,8471.0,4144.0,8054.0,954.0,6920.0,1714.0,1717.0,3466.0,6961.0,8936.0,2986.0,6918.0,8470.0,262.0,5861.0,4160.0,2572.0,271.0,980.0,277.0,3031.0,974.0,8495.0,614.0,6486.0,5519.0,6452.0,4115.0,2184.0,5044.0,2174.0,5023.0,2150.0,5819.0,2151.0,3511.0,4149.0,1684.0,2554.0,4980.0,274.0,276.0,5517.0,233.0,2552.0,3513.0,6472.0,3465.0,981.0,236.0,3494.0,5817.0,2983.0,1389.0,278.0,4161.0,4162.0,1732.0,7612.0,617.0,5537.0,2186.0,3036.0,8102.0,1729.0,5046.0,5045.0,2185.0,615.0,5047.0,982.0,2575.0,279.0,3514.0,5050.0,8499.0,7615.0,983.0,5871.0,266.0,612.0,1726.0,2568.0,4155.0,5037.0,8492.0,5061.0,4182.0,2197.0,8503.0,2198.0,8504.0,288.0,4177.0,5055.0,8108.0,8498.0,6947.0,4143.0,6963.0,,,,,,,,,,,,,,,,,,,,,,,,,,,,,,,,,,,,,,,,,,,,,,,,,,,,,,,,,,,,,,,,,,,,,,,,,,,,,,,,,,,,,,,,,,,,,,,,,,,,,,,,,,,,,,,,,,,,,,,,,,,,,,,,,,,,,,,,,,,,,,,,,,,,,,,,,,,,,,,,,,,,,,,,,,,,,,,,,,,,,,,,,,,,,,,,,,,,,,,,,,,,,,,,,,,,,,,,,,,,,,,,,,,,,,,,,,,,,,,,,,,,,,,,,,,,,,,,,,,,,,,,,,,,,,,,,,,,,,,,,,,,,,,,,,,,,,,,,,,,,,,,,,,,,,,,,,,,,,,,,,,,,,,,,,,,,,,,,,,,,,,,,,,,,,,,,,,,,,,,,,,,,,,,,,,,,,,,,,,,,,,,,,,,,
36.0697318,128.9922003,벌-개량종,1,8813,5450.0,3986.0,2889.0,834.0,8804.0,833.0,5729.0,2049.0,2888.0,3985.0,4816.0,5449.0,5728.0,6793.0,8805.0,835.0,2050.0,3987.0,6323.0,6794.0,4858.0,2509.0,4026.0,2902.0,5464.0,152.0,2078.0,8814.0,8813.0,494.0,7960.0,1601.0,5751.0,859.0,3381.0,6362.0,7523.0,8419.0,6831.0,,,,,,,,,,,,,,,,,,,,,,,,,,,,,,,,,,,,,,,,,,,,,,,,,,,,,,,,,,,,,,,,,,,,,,,,,,,,,,,,,,,,,,,,,,,,,,,,,,,,,,,,,,,,,,,,,,,,,,,,,,,,,,,,,,,,,,,,,,,,,,,,,,,,,,,,,,,,,,,,,,,,,,,,,,,,,,,,,,,,,,,,,,,,,,,,,,,,,,,,,,,,,,,,,,,,,,,,,,,,,,,,,,,,,,,,,,,,,,,,,,,,,,,,,,,,,,,,,,,,,,,,,,,,,,,,,,,,,,,,,,,,,,,,,,,,,,,,,,,,,,,,,,,,,,,,,,,,,,,,,,,,,,,,,,,,,,,,,,,,,,,,,,,,,,,,,,,,,,,,,,,,,,,,,,,,,,,,,,,,,,,,,,,,,,,,,,,,,,,,,,,,,,,,,,,,,,,,,,,,,,,,,,,,,,,,,,,,,,,,,,,,,,,,,,,,,,,,,
35.9520031,128.8967307,벌-개량종,400,480,478.0,5444.0,4811.0,2887.0,825.0,6313.0,4810.0,8801.0,831.0,2048.0,5450.0,3986.0,2889.0,2042.0,3978.0,2045.0,834.0,1297.0,8804.0,127.0,833.0,6315.0,829.0,5443.0,126.0,6791.0,5448.0,6321.0,6320.0,480.0,5727.0,827.0,7495.0,3984.0,3980.0,3981.0,1571.0,479.0,7496.0,2883.0,828.0,826.0,8799.0,7497.0,6788.0,830.0,3343.0,1296.0,3982.0,5729.0,2049.0,2888.0,3985.0,4816.0,5449.0,5728.0,4580.0,1298.0,1572.0,2046.0,2495.0,2884.0,3342.0,3979.0,4812.0,5445.0,5725.0,6318.0,7247.0,6790.0,8395.0,124.0,824.0,7494.0,7925.0,8798.0,6793.0,8805.0,835.0,2050.0,3987.0,6323.0,6794.0,,,,,,,,,,,,,,,,,,,,,,,,,,,,,,,,,,,,,,,,,,,,,,,,,,,,,,,,,,,,,,,,,,,,,,,,,,,,,,,,,,,,,,,,,,,,,,,,,,,,,,,,,,,,,,,,,,,,,,,,,,,,,,,,,,,,,,,,,,,,,,,,,,,,,,,,,,,,,,,,,,,,,,,,,,,,,,,,,,,,,,,,,,,,,,,,,,,,,,,,,,,,,,,,,,,,,,,,,,,,,,,,,,,,,,,,,,,,,,,,,,,,,,,,,,,,,,,,,,,,,,,,,,,,,,,,,,,,,,,,,,,,,,,,,,,,,,,,,,,,,,,,,,,,,,,,,,,,,,,,,,,,,,,,,,,,,,,,,,,,,,,,,,,,,,,,,,,,,,,,,,,,,,,,,,,,,,,,,,,,,,,,,,,,,,,,,,,,,,,,,,,,,,,,,,,,,
35.1198717,127.8975375,벌-개량종,70,1517,8340.0,1507.0,3292.0,3898.0,765.0,557.0,2456.0,7848.0,74.0,2458.0,560.0,7460.0,561.0,5676.0,777.0,8349.0,1521.0,558.0,1994.0,6233.0,7314.0,56.0,1508.0,2443.0,7451.0,57.0,2825.0,8354.0,5675.0,8738.0,7869.0,3914.0,2452.0,559.0,3912.0,4739.0,1517.0,4721.0,8587.0,1993.0,8355.0,1259.0,766.0,1509.0,3294.0,4553.0,4722.0,5665.0,6234.0,8730.0,2444.0,1514.0,,,,,,,,,,,,,,,,,,,,,,,,,,,,,,,,,,,,,,,,,,,,,,,,,,,,,,,,,,,,,,,,,,,,,,,,,,,,,,,,,,,,,,,,,,,,,,,,,,,,,,,,,,,,,,,,,,,,,,,,,,,,,,,,,,,,,,,,,,,,,,,,,,,,,,,,,,,,,,,,,,,,,,,,,,,,,,,,,,,,,,,,,,,,,,,,,,,,,,,,,,,,,,,,,,,,,,,,,,,,,,,,,,,,,,,,,,,,,,,,,,,,,,,,,,,,,,,,,,,,,,,,,,,,,,,,,,,,,,,,,,,,,,,,,,,,,,,,,,,,,,,,,,,,,,,,,,,,,,,,,,,,,,,,,,,,,,,,,,,,,,,,,,,,,,,,,,,,,,,,,,,,,,,,,,,,,,,,,,,,,,,,,,,,,,,,,,,,,,,,,,,,,,,,,,,,,,,,,,,,,,,,,,,,,,,,,,,,,,,,,,,,
36.4593809,128.2678457,벌-개량종,150,211,6883.0,8446.0,6881.0,8447.0,211.0,906.0,1350.0,1661.0,2129.0,2533.0,3432.0,4078.0,4928.0,5498.0,5796.0,6421.0,6894.0,7556.0,8019.0,8459.0,,,,,,,,,,,,,,,,,,,,,,,,,,,,,,,,,,,,,,,,,,,,,,,,,,,,,,,,,,,,,,,,,,,,,,,,,,,,,,,,,,,,,,,,,,,,,,,,,,,,,,,,,,,,,,,,,,,,,,,,,,,,,,,,,,,,,,,,,,,,,,,,,,,,,,,,,,,,,,,,,,,,,,,,,,,,,,,,,,,,,,,,,,,,,,,,,,,,,,,,,,,,,,,,,,,,,,,,,,,,,,,,,,,,,,,,,,,,,,,,,,,,,,,,,,,,,,,,,,,,,,,,,,,,,,,,,,,,,,,,,,,,,,,,,,,,,,,,,,,,,,,,,,,,,,,,,,,,,,,,,,,,,,,,,,,,,,,,,,,,,,,,,,,,,,,,,,,,,,,,,,,,,,,,,,,,,,,,,,,,,,,,,,,,,,,,,,,,,,,,,,,,,,,,,,,,,,,,,,,,,,,,,,,,,,,,,,,,,,,,,,,,,,,,,,,,,,,,,,,,,,,,,,,,,,,,,,,,
36.4220469,129.1244183,벌-개량종,83,3434,7558.0,3434.0,1662.0,883.0,5499.0,8440.0,6397.0,7994.0,189.0,4896.0,6871.0,1635.0,5774.0,3404.0,2130.0,7544.0,2928.0,4054.0,1335.0,2522.0,2108.0,8460.0,2536.0,6896.0,1351.0,908.0,4931.0,5798.0,8022.0,2954.0,213.0,4081.0,6423.0,,,,,,,,,,,,,,,,,,,,,,,,,,,,,,,,,,,,,,,,,,,,,,,,,,,,,,,,,,,,,,,,,,,,,,,,,,,,,,,,,,,,,,,,,,,,,,,,,,,,,,,,,,,,,,,,,,,,,,,,,,,,,,,,,,,,,,,,,,,,,,,,,,,,,,,,,,,,,,,,,,,,,,,,,,,,,,,,,,,,,,,,,,,,,,,,,,,,,,,,,,,,,,,,,,,,,,,,,,,,,,,,,,,,,,,,,,,,,,,,,,,,,,,,,,,,,,,,,,,,,,,,,,,,,,,,,,,,,,,,,,,,,,,,,,,,,,,,,,,,,,,,,,,,,,,,,,,,,,,,,,,,,,,,,,,,,,,,,,,,,,,,,,,,,,,,,,,,,,,,,,,,,,,,,,,,,,,,,,,,,,,,,,,,,,,,,,,,,,,,,,,,,,,,,,,,,,,,,,,,,,,,,,,,,,,,,,,,,,,,,,,,,,,,,,,,,,,,,,,,,,,
36.6728078,128.2986089,벌-개량종,140,2364,1355.0,4947.0,1671.0,5507.0,2137.0,2542.0,2363.0,4091.0,518.0,916.0,4601.0,6903.0,223.0,5801.0,8909.0,6432.0,225.0,4095.0,4946.0,2138.0,7564.0,5508.0,1357.0,4602.0,3442.0,1674.0,8036.0,6433.0,8851.0,5805.0,2547.0,2364.0,920.0,,,,,,,,,,,,,,,,,,,,,,,,,,,,,,,,,,,,,,,,,,,,,,,,,,,,,,,,,,,,,,,,,,,,,,,,,,,,,,,,,,,,,,,,,,,,,,,,,,,,,,,,,,,,,,,,,,,,,,,,,,,,,,,,,,,,,,,,,,,,,,,,,,,,,,,,,,,,,,,,,,,,,,,,,,,,,,,,,,,,,,,,,,,,,,,,,,,,,,,,,,,,,,,,,,,,,,,,,,,,,,,,,,,,,,,,,,,,,,,,,,,,,,,,,,,,,,,,,,,,,,,,,,,,,,,,,,,,,,,,,,,,,,,,,,,,,,,,,,,,,,,,,,,,,,,,,,,,,,,,,,,,,,,,,,,,,,,,,,,,,,,,,,,,,,,,,,,,,,,,,,,,,,,,,,,,,,,,,,,,,,,,,,,,,,,,,,,,,,,,,,,,,,,,,,,,,,,,,,,,,,,,,,,,,,,,,,,,,,,,,,,,,,,,,,,,,,,,,,,,,,,
36.2342795,128.5875878,벌-개량종,1,181,8416.0,1316.0,1318.0,1320.0,2512.0,4866.0,6359.0,6837.0,6846.0,6841.0,8425.0,6374.0,4036.0,8427.0,6828.0,8426.0,581.0,6847.0,870.0,8415.0,1608.0,882.0,880.0,7547.0,4892.0,6869.0,888.0,6870.0,4895.0,1334.0,7543.0,1636.0,5770.0,5779.0,8444.0,2932.0,6876.0,8439.0,1337.0,4904.0,3403.0,5481.0,4060.0,2926.0,1331.0,2923.0,5479.0,7991.0,7993.0,186.0,181.0,175.0,2922.0,6402.0,6394.0,2112.0,2359.0,2360.0,6393.0,8431.0,1629.0,,,,,,,,,,,,,,,,,,,,,,,,,,,,,,,,,,,,,,,,,,,,,,,,,,,,,,,,,,,,,,,,,,,,,,,,,,,,,,,,,,,,,,,,,,,,,,,,,,,,,,,,,,,,,,,,,,,,,,,,,,,,,,,,,,,,,,,,,,,,,,,,,,,,,,,,,,,,,,,,,,,,,,,,,,,,,,,,,,,,,,,,,,,,,,,,,,,,,,,,,,,,,,,,,,,,,,,,,,,,,,,,,,,,,,,,,,,,,,,,,,,,,,,,,,,,,,,,,,,,,,,,,,,,,,,,,,,,,,,,,,,,,,,,,,,,,,,,,,,,,,,,,,,,,,,,,,,,,,,,,,,,,,,,,,,,,,,,,,,,,,,,,,,,,,,,,,,,,,,,,,,,,,,,,,,,,,,,,,,,,,,,,,,,,,,,,,,,,,,,,,,,,,,,,,,,,,,,,,,,,,,,,,,,,,,,,,,
37.1890654,129.0362358,벌-개량종,74,1411,2593.0,7632.0,1030.0,5915.0,5909.0,5902.0,301.0,7650.0,1773.0,643.0,2617.0,4238.0,7032.0,5946.0,6549.0,7656.0,8096.0,3497.0,960.0,5855.0,4156.0,5038.0,2569.0,6950.0,5024.0,1727.0,6956.0,6478.0,610.0,3024.0,1719.0,2570.0,1722.0,1715.0,7604.0,7608.0,972.0,6482.0,7610.0,284.0,6490.0,7616.0,4169.0,6491.0,7617.0,4174.0,620.0,4175.0,622.0,5876.0,6977.0,5878.0,623.0,993.0,2586.0,4179.0,5879.0,6978.0,1736.0,2587.0,5881.0,6979.0,8943.0,1737.0,2589.0,2590.0,1740.0,6499.0,4205.0,4183.0,632.0,5907.0,1752.0,2591.0,6525.0,7634.0,7627.0,2594.0,7410.0,5128.0,4225.0,7035.0,2239.0,3080.0,7405.0,6532.0,4211.0,2618.0,8160.0,1416.0,5947.0,644.0,7655.0,1411.0,5569.0,1754.0,634.0,4240.0,329.0,5138.0,1058.0,5917.0,2599.0,1027.0,7004.0,8513.0,7402.0,527.0,5882.0,5875.0,2581.0,2582.0,7270.0,5865.0,4166.0,985.0,2190.0,1735.0,8103.0,1757.0,5870.0,4176.0,2196.0,5869.0,5872.0,2191.0,2578.0,2221.0,2577.0,5936.0,7639.0,986.0,6974.0,7623.0,2193.0,8111.0,5863.0,6492.0,7271.0,6968.0,8872.0,2576.0,992.0,281.0,5857.0,2188.0,6498.0,618.0,2583.0,1733.0,2573.0,291.0,6980.0,8095.0,1391.0,8597.0,5868.0,5864.0,8870.0,4170.0,5051.0,5060.0,,,,,,,,,,,,,,,,,,,,,,,,,,,,,,,,,,,,,,,,,,,,,,,,,,,,,,,,,,,,,,,,,,,,,,,,,,,,,,,,,,,,,,,,,,,,,,,,,,,,,,,,,,,,,,,,,,,,,,,,,,,,,,,,,,,,,,,,,,,,,,,,,,,,,,,,,,,,,,,,,,,,,,,,,,,,,,,,,,,,,,,,,,,,,,,,,,,,,,,,,,,,,,,,,,,,,,,,,,,,,,,,,,,,,,,,,,,,,,,,,,,,,,,,,,,,,,,,,,,,,,,,,,,,,,,,,,,,,,,,,,,,,,,,,,,,,,,,,,,,,,,,,,,,,,,,,,,,,,,,,,,,,,,,,,,,,,
37.2496686,129.0177973,벌-개량종,80,527,2593.0,7632.0,1030.0,5915.0,5909.0,5902.0,301.0,7650.0,1768.0,1773.0,643.0,2617.0,4238.0,7032.0,5946.0,6549.0,7656.0,284.0,6490.0,7616.0,4169.0,6491.0,7617.0,4174.0,620.0,4175.0,622.0,5876.0,6977.0,5878.0,623.0,993.0,2586.0,4179.0,5879.0,6978.0,1736.0,2587.0,5881.0,6979.0,8943.0,1737.0,2589.0,2590.0,1740.0,6499.0,4205.0,4183.0,632.0,5907.0,1752.0,2591.0,6525.0,7634.0,7627.0,2594.0,7410.0,5128.0,5982.0,4225.0,5173.0,1093.0,7035.0,2239.0,3080.0,7405.0,6532.0,4211.0,2618.0,8160.0,1416.0,5947.0,644.0,7655.0,1411.0,5569.0,1754.0,634.0,4240.0,329.0,5138.0,1058.0,1796.0,5917.0,6579.0,8532.0,1428.0,350.0,7063.0,2599.0,1027.0,8881.0,7004.0,2641.0,8513.0,2263.0,7402.0,527.0,5882.0,5875.0,7668.0,2581.0,2582.0,7270.0,4166.0,985.0,2190.0,1735.0,8103.0,1757.0,5870.0,4176.0,2196.0,5872.0,2191.0,2578.0,2221.0,2577.0,5936.0,7639.0,986.0,6974.0,7623.0,8111.0,992.0,6498.0,2583.0,291.0,6980.0,8870.0,5060.0,,,,,,,,,,,,,,,,,,,,,,,,,,,,,,,,,,,,,,,,,,,,,,,,,,,,,,,,,,,,,,,,,,,,,,,,,,,,,,,,,,,,,,,,,,,,,,,,,,,,,,,,,,,,,,,,,,,,,,,,,,,,,,,,,,,,,,,,,,,,,,,,,,,,,,,,,,,,,,,,,,,,,,,,,,,,,,,,,,,,,,,,,,,,,,,,,,,,,,,,,,,,,,,,,,,,,,,,,,,,,,,,,,,,,,,,,,,,,,,,,,,,,,,,,,,,,,,,,,,,,,,,,,,,,,,,,,,,,,,,,,,,,,,,,,,,,,,,,,,,,,,,,,,,,,,,,,,,,,,,,,,,,,,,,,,,,,,,,,,,,,,,,,,,,,,,,,,,,,,,,,,,,
37.831802,126.8173464,벌-개량종,90,7158,8220.0,3674.0,6646.0,5619.0,4350.0,5620.0,1173.0,3689.0,5286.0,1833.0,6055.0,7125.0,3650.0,3127.0,1443.0,387.0,4334.0,3139.0,8894.0,7180.0,3130.0,4337.0,7158.0,6660.0,3173.0,5234.0,2323.0,8239.0,7129.0,5609.0,6620.0,3653.0,6057.0,707.0,4371.0,4395.0,2704.0,3152.0,6100.0,5270.0,405.0,7160.0,5269.0,7714.0,5271.0,8564.0,4372.0,1875.0,1163.0,413.0,2316.0,4374.0,3675.0,3676.0,7715.0,7716.0,404.0,4373.0,3677.0,6077.0,7162.0,3143.0,6637.0,7156.0,401.0,3678.0,8231.0,6645.0,6071.0,7139.0,5246.0,5296.0,8243.0,1843.0,6629.0,8558.0,6072.0,7707.0,3664.0,7143.0,7138.0,2690.0,4349.0,5253.0,5614.0,396.0,1841.0,8559.0,7286.0,4354.0,6070.0,6074.0,683.0,8228.0,3141.0,3668.0,2697.0,7708.0,3146.0,4414.0,6648.0,5274.0,1161.0,5272.0,5262.0,4365.0,5295.0,4376.0,7159.0,6084.0,7150.0,8574.0,3145.0,1895.0,5252.0,7155.0,4355.0,3673.0,1856.0,6641.0,7200.0,,,,,,,,,,,,,,,,,,,,,,,,,,,,,,,,,,,,,,,,,,,,,,,,,,,,,,,,,,,,,,,,,,,,,,,,,,,,,,,,,,,,,,,,,,,,,,,,,,,,,,,,,,,,,,,,,,,,,,,,,,,,,,,,,,,,,,,,,,,,,,,,,,,,,,,,,,,,,,,,,,,,,,,,,,,,,,,,,,,,,,,,,,,,,,,,,,,,,,,,,,,,,,,,,,,,,,,,,,,,,,,,,,,,,,,,,,,,,,,,,,,,,,,,,,,,,,,,,,,,,,,,,,,,,,,,,,,,,,,,,,,,,,,,,,,,,,,,,,,,,,,,,,,,,,,,,,,,,,,,,,,,,,,,,,,,,,,,,,,,,,,,,,,,,,,,,,,,,,,,,,,,,,,,,,,,,,,
36.2104078,128.1780511,벌-개량종,80,8423,4849.0,145.0,4847.0,2070.0,5743.0,4015.0,1311.0,3370.0,2505.0,2069.0,6350.0,8811.0,2072.0,853.0,7954.0,7955.0,851.0,849.0,2899.0,2898.0,3373.0,5746.0,4850.0,4851.0,6351.0,5745.0,578.0,6816.0,4019.0,4018.0,2507.0,7517.0,8408.0,6818.0,2071.0,852.0,1312.0,7519.0,579.0,7258.0,6353.0,6821.0,488.0,6822.0,7520.0,3375.0,4857.0,7391.0,1315.0,493.0,7958.0,149.0,855.0,8410.0,860.0,861.0,6824.0,1317.0,6364.0,6827.0,8414.0,5462.0,6823.0,6354.0,8902.0,4853.0,491.0,7521.0,6363.0,6366.0,5465.0,8412.0,153.0,3378.0,1595.0,6832.0,7259.0,7961.0,3383.0,5749.0,2510.0,6829.0,4861.0,1603.0,6357.0,6369.0,2079.0,863.0,2511.0,6358.0,8411.0,4856.0,2080.0,5753.0,2903.0,2081.0,864.0,2904.0,7524.0,8815.0,4027.0,4863.0,1607.0,4030.0,8903.0,2907.0,2906.0,7962.0,4867.0,7967.0,7966.0,2909.0,7965.0,8424.0,5468.0,154.0,6372.0,3388.0,3387.0,156.0,7964.0,2910.0,6843.0,6842.0,7526.0,155.0,7525.0,502.0,1324.0,1620.0,6380.0,6858.0,7534.0,5473.0,1623.0,8434.0,4881.0,4046.0,3402.0,506.0,6863.0,2521.0,178.0,1330.0,2101.0,1631.0,505.0,879.0,4053.0,6389.0,4891.0,8901.0,6840.0,8418.0,8422.0,6361.0,8423.0,165.0,1617.0,4041.0,5761.0,7973.0,873.0,6851.0,2092.0,4872.0,6377.0,1599.0,1314.0,148.0,2075.0,4024.0,4855.0,5748.0,7957.0,856.0,147.0,8413.0,179.0,5478.0,8822.0,881.0,8438.0,7992.0,2105.0,2924.0,7542.0,1633.0,6868.0,6391.0,4893.0,5772.0,2914.0,5762.0,7977.0,1325.0,4043.0,4876.0,6883.0,8436.0,1634.0,2095.0,6866.0,180.0,8446.0,1333.0,8432.0,6881.0,8447.0,2106.0,4894.0,5773.0,2920.0,6865.0,7984.0,4049.0,4888.0,,,,,,,,,,,,,,,,,,,,,,,,,,,,,,,,,,,,,,,,,,,,,,,,,,,,,,,,,,,,,,,,,,,,,,,,,,,,,,,,,,,,,,,,,,,,,,,,,,,,,,,,,,,,,,,,,,,,,,,,,,,,,,,,,,,,,,,,,,,,,,,,,,,,,,,,,,,,,,,,,,,,,,,,,,,,,,,,,,,,,,,,,,,,,,,,,,,,,,,,,,,,,,,,,,,,,,,,,,,,,,,,,,,,,,,,,,,,,,,,,,,,,,,,,,,,,,,,,,,,,,,,,,,,,,,,,,,,,,,
36.0793691,127.9792429,벌-개량종,10,847,575.0,4003.0,7940.0,139.0,3995.0,4837.0,7512.0,1581.0,1584.0,3357.0,5737.0,3362.0,6803.0,3364.0,2499.0,842.0,485.0,2059.0,2502.0,5739.0,2061.0,2073.0,577.0,2504.0,2064.0,4020.0,6826.0,2065.0,846.0,5747.0,1588.0,3366.0,580.0,4011.0,142.0,6346.0,5740.0,4852.0,4841.0,151.0,3380.0,4009.0,4023.0,6356.0,6365.0,490.0,858.0,6825.0,3377.0,7950.0,3371.0,495.0,492.0,6820.0,2508.0,4017.0,854.0,1594.0,8420.0,4848.0,2063.0,7516.0,8810.0,850.0,1592.0,2506.0,2076.0,862.0,1605.0,4860.0,496.0,8421.0,6834.0,6368.0,6835.0,1606.0,865.0,3382.0,6806.0,6799.0,4.0,4849.0,145.0,4847.0,1300.0,2070.0,5743.0,845.0,2503.0,847.0,2067.0,5742.0,2062.0,1589.0,4846.0,4015.0,3368.0,6808.0,1591.0,1590.0,6809.0,4843.0,1586.0,4014.0,6814.0,6810.0,144.0,487.0,6815.0,4006.0,8405.0,1311.0,3370.0,6811.0,2505.0,6340.0,2497.0,2069.0,6350.0,8811.0,5744.0,2072.0,853.0,7954.0,7955.0,851.0,849.0,2899.0,2898.0,3373.0,5746.0,4850.0,4851.0,6351.0,5745.0,578.0,6816.0,4019.0,4018.0,2507.0,7517.0,8408.0,6817.0,6818.0,2071.0,852.0,1312.0,7519.0,579.0,7258.0,6353.0,6821.0,488.0,6822.0,7520.0,3375.0,4857.0,3379.0,1600.0,7391.0,1315.0,493.0,7958.0,149.0,855.0,8410.0,860.0,861.0,6824.0,1317.0,6364.0,6827.0,8414.0,5462.0,6823.0,6354.0,8902.0,7522.0,4853.0,491.0,7521.0,4854.0,6363.0,4021.0,6366.0,5465.0,8412.0,1596.0,153.0,3378.0,1313.0,1595.0,6832.0,7259.0,7961.0,3383.0,5749.0,2510.0,6829.0,4861.0,1603.0,6357.0,6369.0,2079.0,863.0,2511.0,6358.0,8411.0,4856.0,2080.0,5753.0,2903.0,2081.0,864.0,2904.0,7524.0,8815.0,4027.0,6375.0,7976.0,7971.0,2083.0,4038.0,1321.0,2091.0,2912.0,6845.0,4865.0,4870.0,1611.0,1609.0,869.0,498.0,159.0,162.0,6839.0,6844.0,163.0,4868.0,2514.0,1319.0,164.0,2085.0,6373.0,6850.0,4031.0,5756.0,5757.0,2513.0,1613.0,1615.0,7528.0,7531.0,1322.0,1614.0,4037.0,6376.0,6849.0,2087.0,867.0,2086.0,4032.0,5758.0,1610.0,3390.0,4871.0,5759.0,2088.0,4033.0,7968.0,866.0,2084.0,2908.0,3386.0,4029.0,4864.0,6371.0,7963.0,161.0,2090.0,3391.0,4035.0,5760.0,4863.0,1607.0,6836.0,4030.0,6370.0,8903.0,497.0,2907.0,2906.0,7962.0,5754.0,4862.0,4028.0,3384.0,2905.0,2082.0,2911.0,4867.0,7967.0,7966.0,2089.0,157.0,2909.0,868.0,158.0,7965.0,8424.0,5468.0,154.0,6372.0,3388.0,3387.0,156.0,7964.0,2910.0,6843.0,6842.0,7526.0,155.0,7525.0,502.0,1324.0,1620.0,6380.0,6858.0,7534.0,4045.0,2098.0,4879.0,6381.0,5473.0,2916.0,5766.0,1623.0,8434.0,876.0,4881.0,4046.0,3402.0,506.0,6863.0,2521.0,178.0,1326.0,1330.0,2101.0,1631.0,8904.0,505.0,879.0,4053.0,6389.0,4891.0,6867.0,7541.0,1332.0,2925.0,7253.0,8901.0,4821.0,2053.0,3993.0,3349.0,8401.0,7935.0,,,,,,,,,,,,,,,,,,,,,,,,,,,,,,,,,,,,,,,,,,,,,,,,,,,,,,,,,,,,,,,,,,,,,,,,,,,,,,,,,,,,,,,,,,,,,,,,,,,,,,,,,,,,,,,,,,,,,,,,,,,,,,,,
37.8624543,128.2199006,벌-개량종,1,2702,1836.0,1847.0,7287.0,6075.0,4359.0,5257.0,6635.0,7710.0,4360.0,7147.0,5281.0,3666.0,5267.0,3686.0,8236.0,699.0,1860.0,7172.0,4390.0,6652.0,8561.0,6650.0,2694.0,8235.0,5618.0,3681.0,4383.0,3684.0,1444.0,4363.0,1866.0,4388.0,7148.0,5260.0,7720.0,1171.0,6091.0,7166.0,7174.0,698.0,6639.0,1159.0,7718.0,4387.0,6094.0,6090.0,2322.0,1865.0,6093.0,6092.0,410.0,3149.0,3685.0,4381.0,1167.0,2701.0,7727.0,1903.0,2336.0,5303.0,6673.0,6657.0,8237.0,2702.0,7145.0,1157.0,684.0,8560.0,4357.0,6076.0,7146.0,6080.0,687.0,6081.0,7151.0,688.0,2692.0,7152.0,4366.0,8563.0,1855.0,690.0,4370.0,7157.0,693.0,4379.0,6089.0,7717.0,2699.0,7164.0,5278.0,1861.0,694.0,1862.0,695.0,1168.0,7167.0,1863.0,7169.0,697.0,8566.0,6653.0,7168.0,7170.0,4384.0,408.0,3682.0,4386.0,700.0,7176.0,1868.0,702.0,8617.0,6097.0,705.0,704.0,1871.0,6095.0,4393.0,703.0,723.0,4435.0,8621.0,,,,,,,,,,,,,,,,,,,,,,,,,,,,,,,,,,,,,,,,,,,,,,,,,,,,,,,,,,,,,,,,,,,,,,,,,,,,,,,,,,,,,,,,,,,,,,,,,,,,,,,,,,,,,,,,,,,,,,,,,,,,,,,,,,,,,,,,,,,,,,,,,,,,,,,,,,,,,,,,,,,,,,,,,,,,,,,,,,,,,,,,,,,,,,,,,,,,,,,,,,,,,,,,,,,,,,,,,,,,,,,,,,,,,,,,,,,,,,,,,,,,,,,,,,,,,,,,,,,,,,,,,,,,,,,,,,,,,,,,,,,,,,,,,,,,,,,,,,,,,,,,,,,,,,,,,,,,,,,,,,,,,,,,,,,,,,,,,,,,,,,,,,,,,,,,,,,,,,,,,,,,,,,,,,,,,
37.2625905,128.9111959,벌-개량종,5,1058,1039.0,7411.0,6535.0,2593.0,7632.0,1030.0,5915.0,5909.0,5902.0,301.0,317.0,2603.0,1040.0,5927.0,636.0,3066.0,7272.0,8143.0,7016.0,1760.0,639.0,2226.0,4219.0,2607.0,5126.0,6542.0,8147.0,5933.0,7024.0,7650.0,1768.0,1773.0,643.0,2617.0,4238.0,7032.0,7040.0,5946.0,6549.0,7656.0,6979.0,8943.0,1740.0,6499.0,4205.0,4183.0,632.0,5907.0,1752.0,2591.0,6525.0,7634.0,7627.0,2594.0,7410.0,5128.0,4225.0,7035.0,2239.0,3080.0,7405.0,6532.0,4211.0,2618.0,8160.0,1416.0,5947.0,644.0,7655.0,1411.0,5569.0,1754.0,634.0,4240.0,329.0,5138.0,1058.0,5917.0,2599.0,1027.0,7004.0,8513.0,7402.0,527.0,1757.0,2221.0,5936.0,7639.0,,,,,,,,,,,,,,,,,,,,,,,,,,,,,,,,,,,,,,,,,,,,,,,,,,,,,,,,,,,,,,,,,,,,,,,,,,,,,,,,,,,,,,,,,,,,,,,,,,,,,,,,,,,,,,,,,,,,,,,,,,,,,,,,,,,,,,,,,,,,,,,,,,,,,,,,,,,,,,,,,,,,,,,,,,,,,,,,,,,,,,,,,,,,,,,,,,,,,,,,,,,,,,,,,,,,,,,,,,,,,,,,,,,,,,,,,,,,,,,,,,,,,,,,,,,,,,,,,,,,,,,,,,,,,,,,,,,,,,,,,,,,,,,,,,,,,,,,,,,,,,,,,,,,,,,,,,,,,,,,,,,,,,,,,,,,,,,,,,,,,,,,,,,,,,,,,,,,,,,,,,,,,,,,,,,,,,,,,,,,,,,,,,,,,,,,,,,,,,,,,,,,,,,,
37.2625905,128.9111959,벌-개량종,17,1058,1039.0,7411.0,6535.0,2593.0,7632.0,1030.0,5915.0,5909.0,5902.0,301.0,317.0,2603.0,1040.0,5927.0,636.0,3066.0,7272.0,8143.0,7016.0,1760.0,639.0,2226.0,4219.0,2607.0,5126.0,6542.0,8147.0,5933.0,7024.0,7650.0,1768.0,1773.0,643.0,2617.0,4238.0,7032.0,7040.0,5946.0,6549.0,7656.0,6979.0,8943.0,1740.0,6499.0,4205.0,4183.0,632.0,5907.0,1752.0,2591.0,6525.0,7634.0,7627.0,2594.0,7410.0,5128.0,4225.0,7035.0,2239.0,3080.0,7405.0,6532.0,4211.0,2618.0,8160.0,1416.0,5947.0,644.0,7655.0,1411.0,5569.0,1754.0,634.0,4240.0,329.0,5138.0,1058.0,5917.0,2599.0,1027.0,7004.0,8513.0,7402.0,527.0,1757.0,2221.0,5936.0,7639.0,,,,,,,,,,,,,,,,,,,,,,,,,,,,,,,,,,,,,,,,,,,,,,,,,,,,,,,,,,,,,,,,,,,,,,,,,,,,,,,,,,,,,,,,,,,,,,,,,,,,,,,,,,,,,,,,,,,,,,,,,,,,,,,,,,,,,,,,,,,,,,,,,,,,,,,,,,,,,,,,,,,,,,,,,,,,,,,,,,,,,,,,,,,,,,,,,,,,,,,,,,,,,,,,,,,,,,,,,,,,,,,,,,,,,,,,,,,,,,,,,,,,,,,,,,,,,,,,,,,,,,,,,,,,,,,,,,,,,,,,,,,,,,,,,,,,,,,,,,,,,,,,,,,,,,,,,,,,,,,,,,,,,,,,,,,,,,,,,,,,,,,,,,,,,,,,,,,,,,,,,,,,,,,,,,,,,,,,,,,,,,,,,,,,,,,,,,,,,,,,,,,,,,,,
33.2874612,126.5731538,벌-개량종,1,542,2389.0,4627.0,7413.0,541.0,3187.0,7756.0,8917.0,3784.0,4465.0,2380.0,3742.0,3785.0,4466.0,8266.0,2381.0,3743.0,3797.0,8303.0,8656.0,3749.0,4611.0,8633.0,3754.0,4616.0,7748.0,8640.0,3755.0,4617.0,3186.0,3788.0,8641.0,540.0,4470.0,7747.0,8639.0,8638.0,2383.0,7749.0,7746.0,4615.0,3747.0,7741.0,4628.0,3753.0,7414.0,7341.0,5341.0,440.0,4472.0,8635.0,7742.0,7745.0,8632.0,8631.0,8630.0,4613.0,8637.0,4614.0,3748.0,8271.0,3227.0,3751.0,3228.0,8264.0,7760.0,3179.0,3790.0,3750.0,3789.0,4471.0,8634.0,7743.0,4612.0,8270.0,3752.0,8629.0,7744.0,3746.0,4610.0,8636.0,3787.0,4469.0,4609.0,8269.0,8628.0,3744.0,4467.0,7339.0,8626.0,2382.0,3745.0,3786.0,4468.0,5333.0,8268.0,8627.0,8297.0,3180.0,3780.0,5328.0,6159.0,3781.0,8294.0,3183.0,5332.0,5329.0,6162.0,7340.0,8295.0,4463.0,3188.0,4462.0,3182.0,542.0,3181.0,436.0,7750.0,7345.0,7344.0,7337.0,4460.0,3177.0,438.0,3756.0,3225.0,7336.0,7338.0,3226.0,8293.0,6161.0,6158.0,2384.0,3224.0,3223.0,8642.0,3757.0,3791.0,4473.0,6157.0,5327.0,4461.0,439.0,6160.0,3178.0,437.0,3792.0,4474.0,5334.0,8643.0,1451.0,3758.0,3793.0,4475.0,4618.0,5335.0,8644.0,3759.0,3794.0,4476.0,5336.0,8645.0,4477.0,3760.0,3762.0,4625.0,7753.0,8657.0,7761.0,4632.0,4631.0,7762.0,4630.0,8658.0,4629.0,3763.0,3192.0,3193.0,7754.0,7757.0,5340.0,8652.0,8654.0,8655.0,3796.0,8653.0,545.0,4626.0,7755.0,2388.0,2390.0,2391.0,2387.0,7758.0,7292.0,5342.0,543.0,7759.0,5343.0,544.0,3194.0,3764.0,3766.0,3798.0,7293.0,3765.0,2393.0,8659.0,3197.0,8273.0,7765.0,8661.0,8275.0,7766.0,2392.0,7764.0,8662.0,7763.0,5345.0,4633.0,4634.0,5344.0,3195.0,8660.0,7346.0,4620.0,7751.0,7752.0,8650.0,3191.0,2385.0,3761.0,8302.0,3190.0,2386.0,8651.0,7351.0,5338.0,7350.0,4621.0,4623.0,4624.0,8300.0,8648.0,8649.0,,,,,,,,,,,,,,,,,,,,,,,,,,,,,,,,,,,,,,,,,,,,,,,,,,,,,,,,,,,,,,,,,,,,,,,,,,,,,,,,,,,,,,,,,,,,,,,,,,,,,,,,,,,,,,,,,,,,,,,,,,,,,,,,,,,,,,,,,,,,,,,,,,,,,,,,,,,,,,,,,,,,,,,,,,,,,,,,,,,,,,,,,,,,,,,,,,,,,,,,,,,,,,,,,,,,,,,,,,,,,,,,,,,,,,,,,,,,,,,,,,,,,,,,,,,,
37.1536019,127.339438,벌-개량종,1,5110,8079.0,3483.0,3007.0,3482.0,3009.0,5528.0,4140.0,1709.0,5008.0,5010.0,8077.0,5009.0,7603.0,5007.0,945.0,943.0,2166.0,2167.0,3008.0,258.0,8081.0,1708.0,3485.0,4142.0,4139.0,1710.0,3487.0,946.0,5837.0,8080.0,2169.0,947.0,5012.0,5529.0,3488.0,5013.0,257.0,3508.0,8099.0,3010.0,264.0,8496.0,3020.0,2370.0,5031.0,995.0,4151.0,967.0,8090.0,6474.0,1380.0,3520.0,7606.0,5062.0,5852.0,6503.0,5536.0,978.0,8493.0,5530.0,292.0,4157.0,5544.0,4186.0,2566.0,8112.0,270.0,6951.0,524.0,5014.0,1728.0,6957.0,8082.0,3026.0,5040.0,5860.0,8490.0,4604.0,609.0,2171.0,5838.0,952.0,3492.0,3011.0,259.0,8084.0,5016.0,5842.0,3012.0,6948.0,8083.0,949.0,3490.0,5839.0,950.0,3491.0,5840.0,3489.0,6504.0,948.0,5063.0,5066.0,2200.0,3042.0,8113.0,3523.0,6982.0,1397.0,1395.0,998.0,5546.0,5905.0,2205.0,1016.0,5094.0,3045.0,5090.0,6523.0,5904.0,5903.0,629.0,3543.0,5889.0,8115.0,3540.0,3539.0,3052.0,3536.0,5093.0,3053.0,3054.0,3055.0,8128.0,5896.0,5897.0,1020.0,1407.0,1015.0,6522.0,5910.0,5089.0,5901.0,2207.0,1019.0,6996.0,5092.0,3538.0,5097.0,1022.0,304.0,1014.0,5900.0,8131.0,1023.0,3057.0,6995.0,4204.0,3544.0,5101.0,5911.0,5102.0,8130.0,5562.0,5144.0,7037.0,6557.0,5934.0,8148.0,6538.0,1063.0,5953.0,1046.0,7642.0,3574.0,322.0,4221.0,3559.0,7017.0,1778.0,1762.0,4605.0,8511.0,2372.0,5123.0,2606.0,1758.0,2620.0,7661.0,7015.0,320.0,2605.0,8144.0,1044.0,4244.0,3549.0,5106.0,5913.0,6527.0,8135.0,7638.0,3547.0,1025.0,308.0,2595.0,4206.0,1026.0,5105.0,6528.0,6997.0,3552.0,8137.0,8136.0,309.0,4208.0,3548.0,5110.0,3059.0,5104.0,3546.0,6526.0,5912.0,5103.0,3545.0,4207.0,999.0,3043.0,1398.0,4198.0,298.0,5079.0,4197.0,6516.0,5893.0,302.0,1008.0,1011.0,8124.0,6514.0,6988.0,1400.0,8126.0,1013.0,1002.0,5076.0,3541.0,1403.0,5070.0,1405.0,295.0,6511.0,6989.0,4192.0,297.0,3529.0,5077.0,5084.0,3534.0,6518.0,5075.0,5552.0,5551.0,3533.0,6519.0,4199.0,5087.0,5082.0,4195.0,3532.0,3048.0,1007.0,3047.0,1003.0,5088.0,1401.0,1010.0,7631.0,5550.0,3049.0,2202.0,3530.0,1005.0,3531.0,1004.0,1406.0,1747.0,8125.0,5080.0,4196.0,5891.0,5081.0,6513.0,6986.0,5892.0,6987.0,1399.0,3046.0,5078.0,5549.0,5890.0,6512.0,1006.0,5083.0,6515.0,294.0,2201.0,3044.0,3525.0,5547.0,5886.0,8118.0,1012.0,5553.0,5894.0,6990.0,8127.0,1404.0,5067.0,5085.0,6517.0,8116.0,3535.0,299.0,8505.0,4200.0,5895.0,3051.0,1748.0,3524.0,3050.0,1009.0,6991.0,6985.0,5072.0,4194.0,6510.0,5548.0,6984.0,5074.0,1402.0,4193.0,296.0,8121.0,1001.0,8123.0,5071.0,5086.0,,,,,,,,,,,,,,,,,,,,,,,,,,,,,,,,,,,,,,,,,,,,,,,,,,,,,,,,,,,,,,,,,,,,,,,,,,,,,,,,,,,,,,,,,,,,,,,,,,,,,,,,,,,,,,,,,,,,,,,,,,,,,,,,,,,,,,,,,,,,,,,,,,,,,,
37.9220961,128.4038892,벌-개량종,30,703,6657.0,8237.0,2702.0,7145.0,5251.0,1157.0,684.0,8560.0,4357.0,6076.0,7146.0,6080.0,687.0,6081.0,7151.0,688.0,2692.0,7152.0,4366.0,8563.0,1855.0,690.0,4370.0,7157.0,2695.0,693.0,4379.0,6089.0,7717.0,2699.0,7164.0,5278.0,1861.0,694.0,1862.0,695.0,1168.0,7167.0,1863.0,7169.0,697.0,8566.0,6653.0,7168.0,1864.0,7170.0,4384.0,408.0,3682.0,4386.0,4385.0,700.0,7176.0,1868.0,702.0,8617.0,6097.0,2707.0,705.0,704.0,1179.0,6107.0,1871.0,6095.0,4393.0,703.0,7723.0,6103.0,5622.0,420.0,2714.0,4400.0,2713.0,5288.0,2325.0,1175.0,3692.0,713.0,2716.0,714.0,6110.0,2717.0,6112.0,1446.0,2718.0,6113.0,1897.0,5297.0,5623.0,6670.0,425.0,2725.0,723.0,4435.0,8621.0,7214.0,7215.0,3715.0,2337.0,6132.0,1192.0,1915.0,6134.0,6694.0,7222.0,2740.0,7221.0,7734.0,8622.0,3720.0,6138.0,7732.0,2738.0,4442.0,2741.0,2743.0,724.0,4443.0,6693.0,538.0,1447.0,4416.0,3707.0,3709.0,4421.0,1180.0,2332.0,5298.0,6674.0,6676.0,6115.0,5304.0,,,,,,,,,,,,,,,,,,,,,,,,,,,,,,,,,,,,,,,,,,,,,,,,,,,,,,,,,,,,,,,,,,,,,,,,,,,,,,,,,,,,,,,,,,,,,,,,,,,,,,,,,,,,,,,,,,,,,,,,,,,,,,,,,,,,,,,,,,,,,,,,,,,,,,,,,,,,,,,,,,,,,,,,,,,,,,,,,,,,,,,,,,,,,,,,,,,,,,,,,,,,,,,,,,,,,,,,,,,,,,,,,,,,,,,,,,,,,,,,,,,,,,,,,,,,,,,,,,,,,,,,,,,,,,,,,,,,,,,,,,,,,,,,,,,,,,,,,,,,,,,,,,,,,,,,,,,,,,,,,,,,,,,,,,,,,,,,,,,,,,,,,,,,,,,,,,,,,,,,,,,,
37.2848222,127.0352449,벌-개량종,3,4241,3068.0,7665.0,5964.0,1414.0,5157.0,5932.0,3558.0,6539.0,5119.0,1042.0,2224.0,5560.0,4216.0,6567.0,1425.0,6534.0,3588.0,314.0,3089.0,4255.0,8508.0,3554.0,5111.0,5150.0,1031.0,8139.0,7005.0,1412.0,2217.0,3062.0,2248.0,5556.0,5158.0,3090.0,1076.0,5580.0,5965.0,6568.0,7051.0,342.0,2251.0,5921.0,1061.0,3572.0,5142.0,5570.0,5950.0,6553.0,7658.0,8162.0,1755.0,4212.0,6551.0,1059.0,5949.0,7637.0,1066.0,3086.0,336.0,7662.0,1422.0,5571.0,7036.0,3580.0,5572.0,6556.0,2241.0,8521.0,2246.0,8519.0,645.0,7041.0,3061.0,2211.0,5149.0,4243.0,6555.0,7660.0,3581.0,8524.0,7043.0,8525.0,7044.0,3087.0,8509.0,337.0,339.0,529.0,6563.0,7277.0,8598.0,1060.0,5945.0,5141.0,7030.0,7029.0,5923.0,8161.0,8159.0,335.0,3091.0,8527.0,7280.0,344.0,7667.0,2629.0,7054.0,4259.0,345.0,1082.0,1426.0,2253.0,3593.0,5162.0,5969.0,6571.0,5159.0,7066.0,1079.0,2644.0,1078.0,4273.0,2640.0,6581.0,7069.0,8880.0,3590.0,3602.0,7406.0,7678.0,6569.0,5160.0,5979.0,4257.0,2628.0,5169.0,4272.0,5967.0,2252.0,1077.0,7052.0,5587.0,8186.0,5990.0,4256.0,1098.0,1802.0,8183.0,3092.0,1429.0,3606.0,5184.0,6583.0,995.0,3520.0,5062.0,6503.0,292.0,5544.0,4186.0,8112.0,5955.0,5562.0,1777.0,1420.0,4247.0,8164.0,6558.0,7001.0,5934.0,4241.0,8148.0,6538.0,1046.0,7642.0,1064.0,322.0,4221.0,3559.0,7017.0,1762.0,4605.0,5145.0,8511.0,332.0,3576.0,528.0,2372.0,5123.0,2606.0,1072.0,2625.0,3584.0,4252.0,5153.0,5963.0,7047.0,8170.0,1783.0,6565.0,7049.0,340.0,1784.0,2626.0,3586.0,4253.0,5155.0,6566.0,7050.0,341.0,1424.0,2627.0,4254.0,5156.0,1074.0,2249.0,1075.0,2250.0,3587.0,5578.0,5579.0,5161.0,5966.0,1786.0,2630.0,8177.0,8176.0,8173.0,1084.0,3093.0,1787.0,1427.0,3594.0,6572.0,4260.0,5163.0,355.0,5972.0,7055.0,3595.0,1097.0,,,,,,,,,,,,,,,,,,,,,,,,,,,,,,,,,,,,,,,,,,,,,,,,,,,,,,,,,,,,,,,,,,,,,,,,,,,,,,,,,,,,,,,,,,,,,,,,,,,,,,,,,,,,,,,,,,,,,,,,,,,,,,,,,,,,,,,,,,,,,,,,,,,,,,,,,,,,,,,,,,,,,,,,,,,,,,,,,,,,,,,,,,,,,,,,,,,,,,,,,,,,,,,,,,,,,,,,,,,,,,,,,,,,,,,,,,,,,,,,,,,,,,,,,,,,,,,
