"발생두수","species","Longitude","Latitude","mean_temp","sum_sun","ratio_sun","sum_rain","forest","agri","water","ztp_pred_mean","ztp_pred_sd","ztp_pred_lower","ztp_pred_median","ztp_pred_upper","ztnb_pred_mean","ztnb_pred_sd","ztnb_pred_lower","ztnb_pred_median","ztnb_pred_upper","selected_pred_mean"
7,"cerana",129.1983249,36.7403856,24.6666666666667,222.133333333333,51.0033333333333,39.3333333333333,0.907656226722635,0.0762665077598521,0.00125862084074558,6.74470638328783,2.42317911502913,3.00679224289918,6.41177685862212,12.7996971657786,8.57469891795343,4.69165218052967,3.24577263542921,7.28484491355104,20.9830912322848,6.74470638328783
3,"cerana",129.2462741,36.7181091,24.6666666666667,222.133333333333,51.0033333333333,39.3333333333333,0.907656226722635,0.0762665077598521,0.00125862084074558,3.30760139619611,1.57945581814707,1.34626252428139,2.95208346840886,7.18374656160937,5.87001701830343,6.01196682649615,1.5645009442459,3.94435655930344,23.877503092576,3.30760139619611
4,"cerana",128.1335981,38.1453645,23.2666666666667,214.4,48.8966666666667,96.6666666666667,0.930131097921056,0.0568464536542893,0.0060162766872025,4.02652625118691,1.35343569919651,2.07759483768288,3.79885416262094,7.56301946579049,4.95468402507079,1.64369034273102,2.70581427615074,4.67886902031117,9.27471937530022,4.02652625118691
107,"cerana",129.1679121,36.4785066,23.9333333333333,196.766666666667,45.2466666666667,57.5,0.882035010967247,0.084791321496166,0.00643115059239981,104.138706361394,10.0213192467451,85.7470082634861,103.665350694324,124.669034840155,54.2134847681912,23.1985894622103,25.6744750947812,49.4088482647745,107.013232303356,104.138706361394
2,"cerana",129.2501549,36.8167104,23.4666666666667,203.833333333333,46.6466666666667,54.6333333333333,0.907656226722635,0.0762665077598521,0.00125862084074558,3.06820849698583,1.26135538085692,1.44083563466123,2.80457769795694,6.15953664758305,5.9976123540513,3.90009793244732,2.1610531751181,4.91848252325781,15.2510088070287,3.06820849698583
4,"cerana",128.1617215,38.0087006,23.2666666666667,214.4,48.8966666666667,96.6666666666667,0.930131097921056,0.0568464536542893,0.0060162766872025,3.99647817646548,1.64965708612486,1.78582731310681,3.69650074100057,7.94022098378411,4.8311777623473,2.69985163173008,1.97264866932176,4.11120282814831,11.7493270424511,3.99647817646548
18,"cerana",128.1482474,36.8144001,25.2333333333333,196.7,45.1633333333333,68,0.814675916998863,0.162685888783513,0.0059116469972493,17.7239073626339,4.19683915309556,10.1414259036532,17.5590400729724,26.4367620553849,21.2391350974323,17.4046091128565,5.52855089634821,16.0397628679223,68.6714766577289,17.7239073626339
6,"cerana",127.6700914,37.4472938,26,213.066666666667,48.7033333333333,96.1666666666667,0.804742799828056,0.165599860806911,0.0171248439195136,5.89529538129437,2.10971800103139,2.59610378980031,5.64359759562245,10.6896547379317,6.88703654384027,3.42028374448887,2.73123881618094,6.08709503309019,15.9933410649366,5.89529538129437
26,"cerana",127.8469846,37.8560252,25.7,243.233333333333,55.51,112.366666666667,0.833499675250017,0.0921676758793463,0.0446154032345905,23.7494238922124,4.70100834249955,15.4447261509815,23.2011396603926,34.3773926416941,16.110477023264,7.29465560524003,6.85559526343643,14.6520751125641,35.3768732351091,23.7494238922124
1,"cerana",127.93141,37.6255406,25.4666666666667,247.533333333333,56.5466666666667,71.1666666666667,0.901575005943419,0.0874544337903162,0.00208762580236152,2.33122962572617,1.00010620223165,1.23221436086641,2.05307407100267,4.94090540525388,4.50155274594105,3.00642426865427,1.67029992127761,3.68998201645426,13.1848522466487,2.33122962572617
2,"cerana",128.8162766,37.017043,23.3333333333333,191.633333333333,43.85,89.8333333333333,0.902905603792729,0.0848410567682191,0.0014695626928614,3.58295637182899,1.20990556105592,1.91616481933988,3.34690036244,6.53024449750233,5.54396627641139,1.77943267334498,3.04040831339429,5.25143771972384,9.57290386786846,3.58295637182899
3,"cerana",128.7889909,36.2954995,26.0666666666667,225.266666666667,51.7966666666667,68.6666666666667,0.801978658686764,0.181746742771292,0.00587024653957933,3.38759067463595,1.35296986971621,1.54664632657664,3.1292209707908,6.89238761132887,4.41850451408164,2.13112241540052,1.95898068632152,3.94891074514409,9.7348460230689,3.38759067463595
2,"cerana",127.6250917,37.4439367,26,213.066666666667,48.7033333333333,96.1666666666667,0.804742799828056,0.165599860806911,0.0171248439195136,3.23794011788313,1.25721405334984,1.59050826331185,2.99731929939755,6.15482701477248,5.97329024791823,3.12259674360897,2.39075922897612,5.18575799085088,14.3716822266606,3.23794011788313
4,"cerana",127.6700914,37.4472938,26,213.066666666667,48.7033333333333,96.1666666666667,0.804742799828056,0.165599860806911,0.0171248439195136,4.32839299543824,1.69264204795989,1.94343593211658,4.02900394713649,8.33650135913831,5.90845217276642,3.16456156952114,2.41292768982452,5.06769524311118,14.4334899926709,4.32839299543824
107,"cerana",129.1679121,36.4785066,23.9333333333333,196.766666666667,45.2466666666667,57.5,0.882035010967247,0.084791321496166,0.00643115059239981,104.36918456395,10.0521026529196,85.5808099331202,104.456305159655,124.954082574442,54.2382990624184,21.0814384244918,25.9702664531476,50.7873700652578,97.2876185665528,104.36918456395
7,"cerana",127.6416006,37.5710458,26,213.066666666667,48.7033333333333,96.1666666666667,0.804742799828056,0.165599860806911,0.0171248439195136,6.38829942909245,2.2208305401691,2.92288123397476,6.28716832169345,11.06039768334,7.22220044371275,3.31966176503714,3.19902268183064,6.57410413849866,15.1471028243856,6.38829942909245
1,"cerana",128.1617215,38.0087006,23.2666666666667,214.4,48.8966666666667,96.6666666666667,0.930131097921056,0.0568464536542893,0.0060162766872025,2.13152788073837,0.867551274983802,1.1885166603341,1.88556613420241,4.5400646450064,3.54192154977985,2.00027015594252,1.46759054435762,2.98780347457667,9.17643631107309,2.13152788073837
1,"cerana",127.9160954,37.7264197,25.4666666666667,247.533333333333,56.5466666666667,71.1666666666667,0.901575005943419,0.0874544337903162,0.00208762580236152,2.55732123397474,0.998546692413822,1.35897304429536,2.30347051165315,4.94967292084266,4.85287031266695,2.35868692517503,2.02297431745907,4.296981899335,10.7037586054573,2.55732123397474
9,"cerana",129.0464878,36.2945638,23.9333333333333,196.766666666667,45.2466666666667,57.5,0.879312028463103,0.10005498167985,0.00232026934654592,8.43585000044948,2.84118258275744,3.88567114700475,8.13393865368961,14.6552464391987,8.19201167918698,4.8040852495953,2.95965417754896,7.11838490910691,20.239839567802,8.43585000044948
1,"cerana",127.4871263,37.6170662,26,213.066666666667,48.7033333333333,96.1666666666667,0.891529171045338,0.0757725901970562,0.0154913992556081,2.30153569676585,0.938300355662799,1.26125082489426,2.08398978487465,4.68611112787074,3.80360646540038,1.81430608292274,1.71071575362418,3.26078620513542,8.69513521677171,2.30153569676585
2,"cerana",128.8162766,37.017043,23.3333333333333,191.633333333333,43.85,89.8333333333333,0.902905603792729,0.0848410567682191,0.0014695626928614,3.58174405883857,1.21824670491252,1.93788058702032,3.31324676966336,6.81659984312699,5.62484522784682,1.815358726718,3.06377423535433,5.38255386344819,10.0529069834467,3.58174405883857
4,"cerana",129.2030091,36.7877626,23.4666666666667,203.833333333333,46.6466666666667,54.6333333333333,0.907656226722635,0.0762665077598521,0.00125862084074558,4.47251465853246,1.81258501488158,2.07332366465641,4.12067715048896,8.98590443025613,7.11114532318994,4.19939670836602,2.72724074926274,5.92513304676933,17.5183414614953,4.47251465853246
106,"cerana",127.4529926,35.1986439,24.5333333333333,199.1,46.1833333333333,106.6,0.836245949392742,0.135410546829421,0.0109763012607803,103.996370137098,10.1694995661018,85.256768777224,104.059570877168,124.086162709218,59.8897713820737,31.3381482583248,23.8715589407783,52.4406359603606,144.22282042734,103.996370137098
9,"cerana",127.5050639,37.497971,26,213.066666666667,48.7033333333333,96.1666666666667,0.804742799828056,0.165599860806911,0.0171248439195136,7.52631374195938,2.40985823117357,3.77460593019128,7.15859620277486,13.2032355256024,6.44964790952455,2.63699848605084,3.06665179222827,5.86705441952628,12.9744026320507,7.52631374195938
1,"cerana",128.153439,37.4615935,25.8333333333333,226.433333333333,51.78,93,0.843847865408681,0.136740342739874,0.00575395442983913,2.49068944266264,0.877287521258052,1.37126047191076,2.29432308478171,4.73573377777596,4.08692634896349,1.6266302386829,2.04826327790192,3.71046354166292,8.15923402719912,2.49068944266264
60,"cerana",128.85124,36.9786453,23.3333333333333,191.633333333333,43.85,89.8333333333333,0.902905603792729,0.0848410567682191,0.0014695626928614,49.4496480376402,6.52881090165394,37.6266625916588,48.9494001986514,63.1807868990538,13.272991577737,3.7273742111456,7.92876673148408,12.7197842178121,22.1290568545586,49.4496480376402
1,"cerana",128.8067483,36.3321473,26.0666666666667,225.266666666667,51.7966666666667,68.6666666666667,0.801978658686764,0.181746742771292,0.00587024653957933,2.40137901902344,0.793443815696441,1.39092583752586,2.2514149789281,4.4306561547692,3.93402417476854,1.57021897757103,1.92448433136685,3.5684159670742,8.23652730559246,2.40137901902344
8,"cerana",129.0923238,36.5095472,23.9333333333333,196.766666666667,45.2466666666667,57.5,0.879312028463103,0.10005498167985,0.00232026934654592,7.54371813260797,2.64903637179415,3.37735503315679,7.21905122457256,14.016619206545,9.66840759336478,6.33582616621961,3.23683443180648,8.10689367090434,26.9022491907919,7.54371813260797
6,"cerana",128.9653695,37.0060873,23.3333333333333,191.633333333333,43.85,89.8333333333333,0.902905603792729,0.0848410567682191,0.0014695626928614,5.78167779978666,2.03053801198159,2.80501418824264,5.5317717199291,10.6238190089238,6.90046599289603,3.00581904942511,3.03701734553246,6.28100293540247,14.8990133967238,5.78167779978666
2,"cerana",128.8180761,36.2891333,26.0666666666667,225.266666666667,51.7966666666667,68.6666666666667,0.801978658686764,0.181746742771292,0.00587024653957933,2.76002012009651,1.06351160493216,1.41737901146336,2.53635013718477,5.29961321493387,4.18011005612841,2.10389993479858,1.92054866227816,3.69530514475624,9.92640291890968,2.76002012009651
1,"cerana",127.8955118,37.8303719,25.7,243.233333333333,55.51,112.366666666667,0.901575005943419,0.0874544337903162,0.00208762580236152,2.90876301238907,1.09563977055028,1.51866847919833,2.63408763344733,5.47221341305292,5.40776474870658,2.37473275554629,2.38454121240066,4.90347858445691,10.9488756338835,2.90876301238907
7,"cerana",127.4806675,37.9429407,25.7,243.233333333333,55.51,112.366666666667,0.891529171045338,0.0757725901970562,0.0154913992556081,6.04682404763142,2.15998229818861,2.79963354902224,5.73306488940516,11.3736973276547,6.0363298728129,2.55110155391567,2.86277832185556,5.52361241447239,12.9441891694745,6.04682404763142
1,"cerana",128.2967109,37.4250014,24.5,204.566666666667,46.82,81.5666666666667,0.902316789864021,0.0823118402718714,0.00135284758142417,2.11830830485825,0.887704377065725,1.21570146929347,1.86224775430225,4.46024874807253,3.25186861156647,1.76403069309003,1.50712518944983,2.80466457006541,7.92238029783953,2.11830830485825
1,"cerana",128.1698493,36.7551344,25.2333333333333,196.7,45.1633333333333,68,0.814675916998863,0.162685888783513,0.0059116469972493,2.21378648640601,0.909595419927659,1.21919422808069,1.95970594040773,4.72047593083596,3.90979373143246,2.37055504788208,1.56571224040637,3.36854752145311,9.84955192141373,2.21378648640601
195,"cerana",129.3230741,36.4571359,24.6666666666667,222.133333333333,51.0033333333333,39.3333333333333,0.882035010967247,0.084791321496166,0.00643115059239981,193.606543330971,13.7459110002944,168.128561915088,193.427351887531,222.7653348115,129.022773613397,63.216908011111,51.2620206393271,114.995006130915,293.369863788315,193.606543330971
127,"cerana",129.3230741,36.4571359,24.6666666666667,222.133333333333,51.0033333333333,39.3333333333333,0.882035010967247,0.084791321496166,0.00643115059239981,126.407498446799,11.3140775852077,106.061933074977,126.145495313464,149.245415198046,99.6731095098284,48.7281599804558,37.4669126842247,88.6634115370356,216.486464006501,126.407498446799
1,"cerana",127.8523294,37.5290575,25.4666666666667,247.533333333333,56.5466666666667,71.1666666666667,0.843847865408681,0.136740342739874,0.00575395442983913,2.05169834512763,0.849435108999818,1.12610539763007,1.78471770148532,4.37996456100773,4.35165206400091,3.07220129879752,1.49074852844759,3.38669651691304,12.9939413131281,2.05169834512763
1,"cerana",128.045615,37.2458153,25.8333333333333,226.433333333333,51.78,93,0.807252941842628,0.146686502012704,0.00467091513697713,2.21592087093462,0.886720396845702,1.2414928304075,2.01505757226337,4.6121916849199,3.7503629445582,2.02470445653584,1.60754215725229,3.23338807400692,8.82264789691262,2.21592087093462
4,"cerana",128.7873596,36.6496554,25.8333333333333,246.966666666667,56.7666666666667,68.5,0.839185110042055,0.105858920321439,0.0383829843855149,4.35042953027499,1.901666152964,1.78138664060022,4.03256047967311,8.78021057541797,8.1947499788542,9.95467344989751,1.93686492057766,5.53339580485045,29.3650743684188,4.35042953027499
1,"cerana",127.0393313,38.0412339,25.2,234.6,53.5533333333333,148.366666666667,0.648728603751825,0.309313544219435,0.0134995100773639,2.13006280225433,0.995934841287894,1.12671949998045,1.81614726633628,4.83741420293763,4.60995171770479,4.08304441036859,1.43159966502106,3.27845705262392,15.9670132530705,2.13006280225433
6,"cerana",129.0451342,36.0053204,25.8333333333333,217.966666666667,50.2633333333333,76.6666666666667,0.767281158053472,0.19242667609771,0.0137536041810957,5.70024006918552,2.2880986333331,2.53146155679397,5.37150367030136,11.05438473806,6.82711218869674,6.8000777187476,1.94974021229155,5.10784188330273,21.0194787484442,5.70024006918552
2,"cerana",128.153439,37.4615935,25.8333333333333,226.433333333333,51.78,93,0.843847865408681,0.136740342739874,0.00575395442983913,2.89540748654191,1.04092506170339,1.56700569610777,2.6800875035973,5.5732650745879,4.35673534050313,1.69833166469097,2.24454686169041,4.01218682944227,8.67833610655547,2.89540748654191
2,"cerana",128.153439,37.4615935,25.8333333333333,226.433333333333,51.78,93,0.843847865408681,0.136740342739874,0.00575395442983913,2.88408621495111,1.0191901207748,1.55568958255196,2.70324303692341,5.41898315846509,4.30012061379557,1.65588756280359,2.08240330562667,3.96813270315619,8.48920750102669,2.88408621495111
2,"cerana",129.0464878,36.2945638,23.9333333333333,196.766666666667,45.2466666666667,57.5,0.879312028463103,0.10005498167985,0.00232026934654592,2.68468702552016,1.26396541225357,1.28807408391782,2.33990868380605,5.94652232365512,4.48699241448368,3.31474985368058,1.64738849774827,3.55200576127469,11.7958080835097,2.68468702552016
7,"cerana",128.1452309,37.8140141,23.2666666666667,214.4,48.8966666666667,96.6666666666667,0.901575005943419,0.0874544337903162,0.00208762580236152,6.26982243791317,2.26714586930926,2.91056247033047,5.93776198719807,11.5231434730871,6.3009733434147,2.88453034260927,2.66044487370746,5.7068253703662,13.8274771110873,6.26982243791317
2,"cerana",128.8067483,36.3321473,26.0666666666667,225.266666666667,51.7966666666667,68.6666666666667,0.801978658686764,0.181746742771292,0.00587024653957933,2.80189205362611,1.03226960423822,1.50757676073316,2.57053653922483,5.42583303214661,4.14991795446362,1.66184025603133,2.03481605646988,3.74473022671932,8.13126653989859,2.80189205362611
2,"cerana",127.4806675,37.9429407,25.7,243.233333333333,55.51,112.366666666667,0.891529171045338,0.0757725901970562,0.0154913992556081,3.00212742170034,1.11278023796262,1.59227725937006,2.73262096874496,5.71329420416448,4.76513376917792,2.05194826127072,2.22838092127952,4.33546600426114,9.34801415919594,3.00212742170034
1,"cerana",128.6187189,38.0019958,23.9666666666667,201.133333333333,45.8,99.3333333333333,0.887557825683459,0.0860502844350617,0.00529623043844797,2.03963509066171,0.96381285636296,1.11513234547163,1.74721136733643,4.65904077271026,4.11998361383524,3.34586491699804,1.35154986173911,3.02324899628995,14.1557627281795,2.03963509066171
1,"cerana",128.045615,37.2458153,25.8333333333333,226.433333333333,51.78,93,0.807252941842628,0.146686502012704,0.00467091513697713,2.21557938150373,0.879052963914933,1.23744565202685,1.98083125874514,4.65122865865407,3.77125634411998,2.20390684463368,1.64149557081504,3.1810020307012,9.47502212222733,2.21557938150373
2,"cerana",128.1604644,37.348768,25.8333333333333,226.433333333333,51.78,93,0.843847865408681,0.136740342739874,0.00575395442983913,2.54901600302337,1.01173489113966,1.30946599761164,2.32394383270249,5.0917441413438,4.04295624201257,2.06809946721459,1.7349248658489,3.47130310318443,9.45397442381675,2.54901600302337
6,"cerana",128.8162766,37.017043,23.3333333333333,191.633333333333,43.85,89.8333333333333,0.902905603792729,0.0848410567682191,0.0014695626928614,5.52014874838363,1.7542527596818,2.76751924712034,5.31774918316172,9.43995153048273,6.2500292584889,1.98741522932168,3.31030908922389,5.91727947356816,10.9598556541612,5.52014874838363
4,"cerana",128.7045904,36.6932767,25.8333333333333,246.966666666667,56.7666666666667,68.5,0.839185110042055,0.105858920321439,0.0383829843855149,4.19836758290035,1.8608071788235,1.57091899463766,3.82535483868825,8.64384387296744,6.81695458360016,7.3729228835542,1.78825796484467,4.61772443081839,22.5833475195533,4.19836758290035
30,"cerana",127.2851097,35.61436,25.0333333333333,212.233333333333,49.0766666666667,104.666666666667,0.79191636792701,0.161131528119105,0.0266332980106569,28.789091465216,5.22612350900506,19.6272033970627,28.4231143005537,39.4713207072787,23.0130818407503,9.90616396085738,10.2620588947459,20.9793056025803,48.6918767434304,28.789091465216
5,"cerana",127.5915186,36.6190338,26.9666666666667,248.6,57.0733333333333,85.3333333333333,0.536713081762645,0.21901499264045,0.00962603066262,5.25174676654968,2.23512346342479,2.12948453535195,4.92577657228925,10.4612619012479,9.42449483517339,12.3939685226265,2.11894911963519,6.15342628926389,37.1600297940371,5.25174676654968
2,"cerana",128.8162766,37.017043,23.3333333333333,191.633333333333,43.85,89.8333333333333,0.902905603792729,0.0848410567682191,0.0014695626928614,3.63708503870847,1.20800775883739,1.95197149678404,3.37620101834872,6.60549521131683,5.58004944262817,1.79652435276973,2.9019931981347,5.17931095899298,9.82500966256831,3.63708503870847
4,"cerana",128.969731,36.6966455,25.8333333333333,246.966666666667,56.7666666666667,68.5,0.839185110042055,0.105858920321439,0.0383829843855149,4.301414972687,1.72000217179009,1.99275992878759,3.9658101521257,8.42996878952444,6.20383858001,3.31032838548075,2.42696179642203,5.37479579338844,14.6928442530414,4.301414972687
4,"cerana",128.3675653,36.9796571,24.4,226.533333333333,51.9066666666667,90,0.904689567418295,0.0673871751487965,0.00926318652694473,3.93862692819354,1.77548447635861,1.58610304719229,3.54526152270628,8.59808920561646,5.30666833550639,4.46844072355679,1.78560112944389,4.25127120342622,15.232734068168,3.93862692819354
2,"cerana",128.1452309,37.8140141,23.2666666666667,214.4,48.8966666666667,96.6666666666667,0.901575005943419,0.0874544337903162,0.00208762580236152,2.89535193293907,1.18383917048684,1.42327704089474,2.59485262809639,5.87995769887601,4.58879158214837,2.35189084302838,1.99266020758051,4.05417600223126,10.4977386305063,2.89535193293907
4,"cerana",128.1452309,37.8140141,23.2666666666667,214.4,48.8966666666667,96.6666666666667,0.901575005943419,0.0874544337903162,0.00208762580236152,4.09264886052147,1.71531608147475,1.81494634336313,3.77072250872496,8.50171968105265,5.36356878217974,2.82968090380923,2.33067342931243,4.69199367660991,12.4173597707359,4.09264886052147
2,"cerana",128.2708307,37.694464,25.4666666666667,247.533333333333,56.5466666666667,71.1666666666667,0.901575005943419,0.0874544337903162,0.00208762580236152,2.81277034447085,1.27393040644334,1.29154370703314,2.48126480523816,6.06119899862511,4.79048448662773,3.37222098269323,1.67003734397506,3.81352177348783,12.7923626252049,2.81277034447085
11,"cerana",127.6998828,37.6644632,25.4666666666667,247.533333333333,56.5466666666667,71.1666666666667,0.901575005943419,0.0874544337903162,0.00208762580236152,10.5229751670304,3.1492974712277,5.31589132951027,10.1465826720971,17.619418604358,10.0705328453777,4.65032126775958,4.10688177702799,9.11492456390359,22.0981456188803,10.5229751670304
2,"cerana",128.85124,36.9786453,23.3333333333333,191.633333333333,43.85,89.8333333333333,0.902905603792729,0.0848410567682191,0.0014695626928614,3.58966632199684,1.16287214253975,1.9356819667182,3.35816128124405,6.34803648238696,5.67069185076551,1.73948991040868,3.24574443003895,5.28505083760509,9.82865672330831,3.58966632199684
1,"cerana",128.153439,37.4615935,25.8333333333333,226.433333333333,51.78,93,0.843847865408681,0.136740342739874,0.00575395442983913,2.44822608379794,0.800623214017878,1.38592906302809,2.29111386086391,4.47213387074655,4.14336212170237,1.56501463477895,2.06412035518481,3.83197533410263,8.21631896843102,2.44822608379794
5,"cerana",127.1154987,37.3644088,26.1666666666667,239.733333333333,54.9566666666667,108.666666666667,0.549285244718287,0.060402944095696,0.00980935562458913,5.10035610309921,2.23410707405102,2.1013667001315,4.67250663622588,10.3293060594102,7.54861572375882,6.45891394186742,1.95266277361517,5.59104263807031,25.5790217175817,5.10035610309921
25,"cerana",128.9132417,36.630742,25.8333333333333,246.966666666667,56.7666666666667,68.5,0.839185110042055,0.105858920321439,0.0383829843855149,23.8668965153228,4.65858291008308,15.6550360547843,23.6528658231577,33.5978821241029,19.3896517424482,10.1672361776466,7.79064497399029,16.9541869575102,43.2962638758132,23.8668965153228
1,"cerana",128.2967109,37.4250014,24.5,204.566666666667,46.82,81.5666666666667,0.902316789864021,0.0823118402718714,0.00135284758142417,2.03516081482256,0.784282494055162,1.17742714830536,1.81724106623064,4.10867497675152,3.26627170191546,1.60601928955999,1.49130790687354,2.82815356667879,7.63267967690838,2.03516081482256
30,"cerana",128.7275235,37.5307719,19.8666666666667,229.933333333333,55.74,61.0666666666667,0.931653207194632,0.0525949640526858,0.00186180131677578,28.6039980011995,5.2000570971622,19.1819566832865,28.1693322115548,39.1388901435425,20.6807698973276,10.3705842719081,8.2885632117147,18.131516192808,46.9204645374165,28.6039980011995
6,"cerana",128.3101926,38.1219556,23.2666666666667,214.4,48.8966666666667,96.6666666666667,0.930131097921056,0.0568464536542893,0.0060162766872025,5.69636212261613,2.22484515301953,2.48104317053802,5.32150852432496,10.8015550225181,6.54084497837139,3.9037424570519,2.407123786811,5.56561506740706,15.3253696772589,5.69636212261613
2,"cerana",126.9116461,37.7267059,26.5666666666667,232.533333333333,53.78,83.8333333333333,0.571906243426079,0.212923083736534,0.0347601279907882,2.86528974818887,1.28225340903722,1.34694942432961,2.53618488811288,6.17838671129091,4.85852094305189,2.94502064274164,1.82468432402178,3.98896515004883,12.4726132250829,2.86528974818887
2,"cerana",127.654413,37.4515774,26,213.066666666667,48.7033333333333,96.1666666666667,0.804742799828056,0.165599860806911,0.0171248439195136,3.0159904506572,1.16728509768592,1.45623170464802,2.76519000094174,5.83459520505107,5.44603321253179,3.05993522484301,2.12907753226057,4.65813250522815,12.8201815405357,3.0159904506572
2,"cerana",128.7902001,36.9395486,23.3333333333333,191.633333333333,43.85,89.8333333333333,0.902905603792729,0.0848410567682191,0.0014695626928614,3.119676261301,1.28794618673173,1.47853697186616,2.87180963738936,6.41640018033743,6.0338212031011,3.18956194870704,2.28123438397166,5.31791730378864,14.312075650328,3.119676261301
19,"cerana",128.8286576,36.7047911,25.8333333333333,246.966666666667,56.7666666666667,68.5,0.839185110042055,0.105858920321439,0.0383829843855149,17.9481473182996,4.25154451322323,10.6334967989239,17.5789939522629,27.4201612439713,14.2603018640344,7.00961534558399,6.02837533814853,12.6366295779121,32.2628242298256,17.9481473182996
1,"cerana",128.4270594,35.3241616,25.7333333333333,200.566666666667,46.44,129,0.675603309931959,0.241968483841805,0.0355886894797628,1.7990030809424,0.724684921469151,1.07612770013946,1.55612454171958,3.8163643230794,2.62647120575658,1.92271081393676,1.17350828912268,2.03023555172415,7.49212676207512,1.7990030809424
2,"cerana",127.4806675,37.9429407,25.7,243.233333333333,55.51,112.366666666667,0.891529171045338,0.0757725901970562,0.0154913992556081,3.02733747299464,1.09735766195498,1.57026003072701,2.79042238847825,5.72074941176448,4.64204842967706,1.87921695178198,2.24288563442244,4.26253305282055,9.16688199032441,3.02733747299464
3,"cerana",128.2967109,37.4250014,24.5,204.566666666667,46.82,81.5666666666667,0.902316789864021,0.0823118402718714,0.00135284758142417,3.11260177211044,1.30164014305541,1.4778326523016,2.82711128970365,6.18523528221515,4.00288633434889,2.06082383938882,1.74544366513385,3.43155771901417,9.74350145800134,3.11260177211044
3,"cerana",128.4671105,37.5048669,23.7,167.7,38.2933333333333,76.1666666666667,0.902316789864021,0.0823118402718714,0.00135284758142417,3.44263539192956,1.55468897128493,1.56580409243935,3.04188888456429,6.85790675904068,6.07801040094726,4.2710078952612,1.86528874378863,4.77189556106046,16.9982032893673,3.44263539192956
1,"cerana",128.5240511,38.0807,23.9666666666667,201.133333333333,45.8,99.3333333333333,0.887557825683459,0.0860502844350617,0.00529623043844797,2.74258770998202,1.12753940545302,1.38557321911125,2.44016984517428,5.51182520077946,6.31697424850936,3.70759551035829,2.28920760986763,5.38875067785971,15.2520417090883,2.74258770998202
2,"cerana",128.3768758,37.0603106,24.5,204.566666666667,46.82,81.5666666666667,0.904689567418295,0.0673871751487965,0.00926318652694473,2.5571698326856,1.05690146996025,1.30287992729083,2.31254829916509,5.31901424441899,3.79036110521911,2.23929657556125,1.55236554013745,3.12324229761144,9.45738440143382,2.5571698326856
4,"cerana",128.1395824,37.1278328,24.3666666666667,210.633333333333,48.1633333333333,96.6666666666667,0.816816065667497,0.136475476783599,0.03182811287622,3.95740889910859,1.79935401377232,1.64583269046479,3.51735307534814,8.56427049276059,5.7438729436203,4.92764854705406,1.71300010647943,4.30245671345062,18.1349078129806,3.95740889910859
50,"cerana",129.1679121,36.4785066,23.9333333333333,196.766666666667,45.2466666666667,57.5,0.882035010967247,0.084791321496166,0.00643115059239981,48.1880863935253,6.52995360388945,36.4040302803952,48.2096703002799,61.7203078613286,36.665234180244,15.7485260807806,16.3300073586907,33.5781289324516,76.39317440032,48.1880863935253
1,"cerana",128.1335981,38.1453645,23.2666666666667,214.4,48.8966666666667,96.6666666666667,0.930131097921056,0.0568464536542893,0.0060162766872025,2.92525556244249,0.975207278757572,1.6277963724659,2.7069002354013,5.37488973552943,4.81245187250866,1.66365147354956,2.57183219437802,4.48906281547892,8.775937940416,2.92525556244249
2,"cerana",128.3851271,38.0466608,23.2666666666667,214.4,48.8966666666667,96.6666666666667,0.930131097921056,0.0568464536542893,0.0060162766872025,2.87033019794525,1.11093892374999,1.50669973891838,2.60771413864665,5.55761824113571,4.44077433422916,1.95143692003766,2.01704744552112,3.98228871829268,9.45930967935325,2.87033019794525
3,"cerana",128.1335981,38.1453645,23.2666666666667,214.4,48.8966666666667,96.6666666666667,0.930131097921056,0.0568464536542893,0.0060162766872025,3.70503682066537,1.2545470574204,1.91344408007484,3.51530431911953,6.64940603648378,5.16297150544819,1.85567523894079,2.75215971507344,4.77796504006609,9.75907264481495,3.70503682066537
2,"cerana",128.3768758,37.0603106,24.5,204.566666666667,46.82,81.5666666666667,0.904689567418295,0.0673871751487965,0.00926318652694473,2.47801357923789,1.05813781909512,1.25784095717235,2.18637557021894,5.32852136599308,3.80935565844496,2.27569738368887,1.51720495969035,3.21432352051633,9.3815456628746,2.47801357923789
1,"cerana",128.1395824,37.1278328,24.3666666666667,210.633333333333,48.1633333333333,96.6666666666667,0.816816065667497,0.136475476783599,0.03182811287622,1.81254688001313,0.856644106408106,1.04499164741743,1.55053449793637,3.91887117968878,3.10875588503012,2.9846082086456,1.11892451656071,2.10963455481038,11.5851479760451,1.81254688001313
8,"cerana",128.8422727,36.7900282,23.3333333333333,191.633333333333,43.85,89.8333333333333,0.839185110042055,0.105858920321439,0.0383829843855149,7.85905839228881,2.76332193722313,3.44884065558406,7.57467487338543,14.2656950592483,10.6417003875017,7.52419965896463,3.42119028599949,8.43054379192843,29.8438449374917,7.85905839228881
2,"cerana",129.1566704,35.9213983,25.2666666666667,205.733333333333,47.5166666666667,62.1666666666667,0.76282220630032,0.18629780673904,0.00763685384712031,2.54668616501019,1.18299008592137,1.24915383840999,2.23143770564968,5.53249424679529,3.87602502874264,3.02937958120705,1.36952167414848,3.02706991476149,12.2875745777492,2.54668616501019
3,"cerana",128.8734902,37.0186463,23.3333333333333,191.633333333333,43.85,89.8333333333333,0.902905603792729,0.0848410567682191,0.0014695626928614,4.06684777346389,1.30315964214285,2.2232705800509,3.85963174993873,7.0913896578571,5.79703789087708,1.75067154834835,3.12064530425001,5.53880431688509,10.0389950658589,4.06684777346389
1,"cerana",128.2967109,37.4250014,24.5,204.566666666667,46.82,81.5666666666667,0.902316789864021,0.0823118402718714,0.00135284758142417,2.03800077710273,0.732067543576214,1.16976551371278,1.83354909870813,3.86622633838007,3.30563614546494,1.82047119495099,1.48701147815046,2.81422635518325,8.35532220738117,2.03800077710273
8,"cerana",127.506135,37.5207478,26,213.066666666667,48.7033333333333,96.1666666666667,0.804742799828056,0.165599860806911,0.0171248439195136,6.7764128097836,2.24721544339263,3.14383533837544,6.48973846934962,12.0350422658234,6.10124492334717,2.43769617768199,2.86018701552851,5.67889503808981,12.2975527005521,6.7764128097836
29,"cerana",128.8915154,36.6583598,25.8333333333333,246.966666666667,56.7666666666667,68.5,0.839185110042055,0.105858920321439,0.0383829843855149,28.1449108340121,5.24241543041072,19.3443617683041,27.6636310981594,39.650918012565,22.0724293977406,11.8232280344954,8.22102622841697,18.9650871876592,51.9592563772071,28.1449108340121
15,"cerana",128.0480344,37.6760295,25.4666666666667,247.533333333333,56.5466666666667,71.1666666666667,0.901575005943419,0.0874544337903162,0.00208762580236152,14.7675796698111,3.73767718619588,8.53165080727703,14.3857878372335,22.4838465332725,16.2884552906361,15.4629481653882,4.48685529763732,12.4850814224347,48.156961899693,14.7675796698111
4,"cerana",128.2208537,37.4684441,25.8333333333333,226.433333333333,51.78,93,0.843847865408681,0.136740342739874,0.00575395442983913,4.35855355447229,1.75338084280247,1.9813285228164,4.08031102241685,8.66717623551368,5.87831628195339,3.19008926358077,2.42694787980191,5.17222243686667,14.1732450791204,4.35855355447229
4,"cerana",128.2208537,37.4684441,25.8333333333333,226.433333333333,51.78,93,0.843847865408681,0.136740342739874,0.00575395442983913,4.30793559299044,1.68034576000626,2.04165453490519,3.93611692975666,8.18117473705325,6.00947279985349,3.04734797406546,2.3717477099364,5.28505151104856,14.6508822466547,4.30793559299044
2,"cerana",127.7520913,37.6324523,25.4666666666667,247.533333333333,56.5466666666667,71.1666666666667,0.901575005943419,0.0874544337903162,0.00208762580236152,3.4119082705021,1.32127262744204,1.69370017728342,3.11029831121266,7.01649303808603,5.99149500621961,2.71875248197916,2.72439855949561,5.35323079330549,12.0779742892701,3.4119082705021
8,"cerana",127.4542677,37.7772913,25.7,243.233333333333,55.51,112.366666666667,0.891529171045338,0.0757725901970562,0.0154913992556081,7.30075736403062,2.55360110110411,3.33247869949594,7.01941074710912,13.0599277628195,6.75758254616793,4.05482685550448,2.48851489320862,5.74383259192132,17.9706403802749,7.30075736403062
5,"cerana",128.8448938,37.1516128,21.9666666666667,170.8,39.06,58.3,0.92267839499044,0.0603811384429816,0.00259203654514891,4.89212809664314,2.04710582997033,2.0631206754161,4.55736263936948,9.74671888059083,7.28688805126879,5.88906560455562,1.89530592623501,5.50923059479993,23.5273964834617,4.89212809664314
53,"cerana",127.7724077,38.2198155,25.2666666666667,239.9,54.7233333333333,107.833333333333,0.916091632993139,0.0469174522399622,0.0230338033534307,52.3949928585668,7.23203905029212,39.5165042673239,51.9188019253471,67.2368981251916,61.0402359729832,50.6884491087563,16.7838765331871,46.5805060253729,200.218196864704,52.3949928585668
5,"cerana",129.0140533,36.3098164,23.9333333333333,196.766666666667,45.2466666666667,57.5,0.879312028463103,0.10005498167985,0.00232026934654592,4.99171374146341,2.03229978495757,2.13068241955,4.63829596813544,9.99068143539649,6.21171054683135,4.27980526812515,2.03062906036588,5.08758041277014,17.0865508276549,4.99171374146341
3,"cerana",129.0125484,36.2136951,23.9333333333333,196.766666666667,45.2466666666667,57.5,0.879312028463103,0.10005498167985,0.00232026934654592,3.19251080943138,1.4054604346114,1.42876107455922,2.8679660196351,6.77225094955803,4.106847226427,2.48588073858201,1.60272071277081,3.37352066701275,11.410583923508,3.19251080943138
10,"cerana",129.1340697,36.4762887,23.9333333333333,196.766666666667,45.2466666666667,57.5,0.879312028463103,0.10005498167985,0.00232026934654592,10.7421998630288,3.12529284864583,5.68863116599343,10.3586155671141,17.9311209686,15.4781318587355,6.69185099297261,6.34417669530631,14.1259129499103,33.0881247360828,10.7421998630288
3,"cerana",128.9144704,36.9781712,23.3333333333333,191.633333333333,43.85,89.8333333333333,0.902905603792729,0.0848410567682191,0.0014695626928614,4.2080930556801,1.37265743321605,2.18345919612681,4.02546101633656,7.29205443286419,5.98995828496116,1.85732578812243,3.35741780243006,5.68430782151646,10.3924593008599,4.2080930556801
1,"cerana",128.1604644,37.348768,25.8333333333333,226.433333333333,51.78,93,0.843847865408681,0.136740342739874,0.00575395442983913,2.1451940027571,0.83028793948566,1.18962505687973,1.9200365398863,4.343170733667,3.59783651627168,1.96213266595478,1.51346732879617,3.08741939401337,9.22109481317014,2.1451940027571
7,"cerana",128.1853633,37.5570387,25.4666666666667,247.533333333333,56.5466666666667,71.1666666666667,0.843847865408681,0.136740342739874,0.00575395442983913,6.71695201697061,2.49800323805506,3.01852724515299,6.36524158372678,12.5262947030426,7.49877306791446,4.99269157534183,2.30277403109313,6.00169823182833,20.494173415573,6.71695201697061
5,"cerana",127.0313115,36.8621052,25.1333333333333,229.266666666667,52.6266666666667,101.033333333333,0.466869263601061,0.410764731545238,0.0368539527137428,4.91481556797727,2.08066283360865,1.99647305808853,4.51650405421757,9.91351249610208,6.83704447110641,5.6268567001825,2.06530317689015,5.30738042307099,19.6376806402345,4.91481556797727
4,"cerana",128.8218722,37.2220583,21.9666666666667,170.8,39.06,58.3,0.931653207194632,0.0525949640526858,0.00186180131677578,4.23581411465072,1.74554155758745,1.83204608342363,3.92438606975279,8.33350923988521,5.76005323248354,3.45830888679168,2.11123132277307,5.03018673052033,14.0036834651247,4.23581411465072
2,"cerana",128.1698493,36.7551344,25.2333333333333,196.7,45.1633333333333,68,0.814675916998863,0.162685888783513,0.0059116469972493,2.58252434239012,1.05793032009994,1.3066777580386,2.32605663367264,5.35590111757887,3.84961195837437,2.22290188619333,1.55423668960301,3.19683104931208,9.63529812312884,2.58252434239012
10,"cerana",127.1199466,34.8171423,25.8666666666667,240.5,55.7966666666667,76.8333333333333,0.71813663538441,0.227932897463312,0.0186801437641166,9.78928251046433,3.12967172957483,4.5134000516381,9.47698353206343,16.6795706894958,16.8269677363006,15.715112448006,4.01533520844201,12.1134623394655,63.7070831030575,9.78928251046433
3,"cerana",127.8039512,37.8932509,25.7,243.233333333333,55.51,112.366666666667,0.833499675250017,0.0921676758793463,0.0446154032345905,3.72914574952086,1.65419964854496,1.56740004963394,3.3703649194149,7.80324930910802,7.22022376447721,5.17783726126276,2.18966425837141,5.67939147059295,20.6330165029649,3.72914574952086
10,"cerana",128.7944095,36.8004842,23.3333333333333,191.633333333333,43.85,89.8333333333333,0.839185110042055,0.105858920321439,0.0383829843855149,9.77472526330162,3.01876863578382,4.87334156171298,9.45087524170949,16.429329962472,11.9524848693082,8.05229151446859,4.08879428135164,9.85791733899189,34.046781776969,9.77472526330162
2,"cerana",127.8039512,37.8932509,25.7,243.233333333333,55.51,112.366666666667,0.833499675250017,0.0921676758793463,0.0446154032345905,3.06133436584174,1.29689059475511,1.41888923348496,2.75570130070603,6.21677949289433,6.47422156792331,4.76160211770063,1.92047502697028,5.02964835656239,20.4089087431633,3.06133436584174
3,"cerana",128.1664828,37.5933552,25.4666666666667,247.533333333333,56.5466666666667,71.1666666666667,0.843847865408681,0.136740342739874,0.00575395442983913,3.45005949396567,1.36867307109068,1.6095732328909,3.15813392519399,6.75882488561852,4.92907028780546,2.47578023919555,2.02583727512718,4.23866391134748,11.2278644724121,3.45005949396567
2,"cerana",127.4717254,37.5066872,26,213.066666666667,48.7033333333333,96.1666666666667,0.804742799828056,0.165599860806911,0.0171248439195136,2.99139246392258,1.15976182686315,1.51971453854602,2.70840846587144,5.82584426575294,4.78702835076245,2.13231985340107,2.18875729412232,4.31606549206376,10.1294180736247,2.99139246392258
2,"cerana",128.5151227,36.8581851,24.4,226.533333333333,51.9066666666667,90,0.781233731388709,0.180969695998889,0.0029166700038177,2.69610908278861,1.29360983117153,1.22622488496084,2.34923722957997,6.23584105623091,4.87962407477776,4.42191474162943,1.48122597713843,3.57198968485198,17.5404162319446,2.69610908278861
8,"cerana",128.5821026,36.9597995,24.4,226.533333333333,51.9066666666667,90,0.781233731388709,0.180969695998889,0.0029166700038177,7.66744346519683,2.67447956538808,3.48658899581122,7.39211241653383,13.500938731676,8.7980393891066,8.18732407088886,2.5104882602529,6.50312749017177,29.4752893684025,7.66744346519683
1,"cerana",128.2967109,37.4250014,24.5,204.566666666667,46.82,81.5666666666667,0.902316789864021,0.0823118402718714,0.00135284758142417,2.06653557847787,0.745804049251428,1.18495371958775,1.87767246606233,3.89502481916578,3.15178444814952,1.52177464041187,1.47846549733055,2.79107072193232,6.98808103192237,2.06653557847787
1,"cerana",128.3768758,37.0603106,24.5,204.566666666667,46.82,81.5666666666667,0.904689567418295,0.0673871751487965,0.00926318652694473,2.01474133072202,0.802274123273427,1.15705775283303,1.7718184887705,4.30858164210279,3.24571181857759,2.03402282407159,1.41472170343931,2.65761393015384,8.2729864081142,2.01474133072202
1,"cerana",127.1538776,34.7326998,25.8666666666667,240.5,55.7966666666667,76.8333333333333,0.71813663538441,0.227932897463312,0.0186801437641166,2.56009226191594,0.856521931008014,1.47957588282567,2.35905910828779,4.67636068094194,4.23704246829142,1.43501003395262,2.27696871450421,3.9823846864653,7.82574095016513,2.56009226191594
1,"cerana",127.1981911,35.5798635,25.0333333333333,212.233333333333,49.0766666666667,104.666666666667,0.79191636792701,0.161131528119105,0.0266332980106569,2.99941501026628,1.23299721309901,1.39317199513217,2.72067576601462,6.09965401348291,11.6073634590041,8.95084938516785,2.8460729157644,9.22445605328181,31.7644748547147,2.99941501026628
1,"cerana",128.2571982,36.0555481,26.2,216.366666666667,49.88,97.7666666666667,0.821561873876389,0.138078964394344,0.00597141274515857,2.08858728933931,0.95847248809527,1.08577409390732,1.80038438801978,4.79697727010625,6.53627887890883,8.97911299221256,1.33986737199969,3.78641701388889,29.3379424086176,2.08858728933931
3,"cerana",128.8419833,36.3667465,26.0666666666667,225.266666666667,51.7966666666667,68.6666666666667,0.801978658686764,0.181746742771292,0.00587024653957933,3.27188689687269,1.18122587755532,1.6799155655421,3.0136157514537,6.14164349203081,4.32454091471847,1.56310339506528,2.25381817733337,4.02175707782587,7.95358502059959,3.27188689687269
2,"cerana",128.726245,37.2534286,23.7,167.7,38.2933333333333,76.1666666666667,0.931653207194632,0.0525949640526858,0.00186180131677578,3.24380703101372,1.2721091634151,1.55825820759754,2.97764847539359,6.49826579227634,5.80167843594886,3.03246282815723,2.24550159036245,5.05305932460712,13.3591812471882,3.24380703101372
1,"cerana",128.2967109,37.4250014,24.5,204.566666666667,46.82,81.5666666666667,0.902316789864021,0.0823118402718714,0.00135284758142417,2.05327778989084,0.777081818194555,1.17932647704479,1.84268577369298,4.18869967691323,3.2731086016102,1.7425799722917,1.49530616462646,2.8282179717862,7.86043999191075,2.05327778989084
10,"cerana",129.1566704,35.9213983,25.2666666666667,205.733333333333,47.5166666666667,62.1666666666667,0.76282220630032,0.18629780673904,0.00763685384712031,9.49209055189973,2.94069554262337,4.55316650738034,9.2225703850885,15.5251883722751,10.0922007440911,7.79905608782074,3.0979372568037,7.71398135117653,30.341498519383,9.49209055189973
3,"cerana",128.726245,37.2534286,23.7,167.7,38.2933333333333,76.1666666666667,0.931653207194632,0.0525949640526858,0.00186180131677578,3.74880779579386,1.49022694549775,1.82999722474801,3.47503939973098,7.45232389978556,6.17905869352396,3.10020498666258,2.59087666332587,5.59113788784426,13.8977004411852,3.74880779579386
5,"cerana",128.7080385,37.5019304,23.7,167.7,38.2933333333333,76.1666666666667,0.931653207194632,0.0525949640526858,0.00186180131677578,5.78897030677706,2.18446063661616,2.52125582611717,5.42233264741145,10.768585264629,10.9108109180663,7.4554573516202,3.48038610107918,8.79088263725811,30.6218636931623,5.78897030677706
1,"cerana",126.9428825,34.8114222,25.5666666666667,180,41.94,120.333333333333,0.73758047370235,0.210347751099038,0.0240748523588411,1.94991042148953,0.884413115023416,1.09769291016743,1.69259843033552,4.51333705365105,3.97726273735804,3.5664362567585,1.30592835096796,2.83409695451745,13.8222668389323,1.94991042148953
6,"cerana",128.726245,37.2534286,23.7,167.7,38.2933333333333,76.1666666666667,0.931653207194632,0.0525949640526858,0.00186180131677578,5.95519426231449,2.14854396984949,2.68399785440135,5.71065580167959,11.072253683357,7.40365873249304,3.79454946148522,2.94579419558048,6.50367903722012,16.4946864285147,5.95519426231449
13,"cerana",128.8668205,37.4146192,23.7,167.7,38.2933333333333,76.1666666666667,0.931653207194632,0.0525949640526858,0.00186180131677578,12.628462794777,3.41944854897437,6.86926222144816,12.2185573834303,20.2144999799597,16.738876043446,13.1353156897223,4.10718383322593,12.9153467690292,55.3639180288868,12.628462794777
3,"cerana",127.8674722,37.7014855,25.4666666666667,247.533333333333,56.5466666666667,71.1666666666667,0.901575005943419,0.0874544337903162,0.00208762580236152,3.43794493301671,1.51459199485855,1.5449893583632,3.07657787393872,7.26291991562285,5.18421757893579,3.30289212362122,1.91222930978101,4.24344002193504,13.6679394874194,3.43794493301671
1,"cerana",128.1453026,37.4048732,25.8333333333333,226.433333333333,51.78,93,0.843847865408681,0.136740342739874,0.00575395442983913,2.53390903085805,0.818095465709394,1.51841424173796,2.35209110739555,4.65478295938419,4.04752350108031,1.32332802565289,2.16387688246556,3.78818812960933,7.35324889660215,2.53390903085805
2,"cerana",127.7440552,37.7120915,25.4666666666667,247.533333333333,56.5466666666667,71.1666666666667,0.901575005943419,0.0874544337903162,0.00208762580236152,3.09267810413543,1.26743633579672,1.49965087517663,2.79259573989067,6.42403188642388,5.16853648051269,2.57924992051541,2.12100468976048,4.56843649140633,11.3518608647999,3.09267810413543
4,"cerana",128.1452309,37.8140141,23.2666666666667,214.4,48.8966666666667,96.6666666666667,0.901575005943419,0.0874544337903162,0.00208762580236152,4.15299637814476,1.66914512922295,1.91380886921586,3.81073902699169,8.10636500453776,5.10818124731167,2.65102736155749,2.30902356940117,4.54460525259037,12.138755195584,4.15299637814476
127,"cerana",128.9653695,37.0060873,23.3333333333333,191.633333333333,43.85,89.8333333333333,0.902905603792729,0.0848410567682191,0.0014695626928614,120.663837024432,10.9965333036858,100.966786088342,120.323754147477,142.536467008312,32.5174435921301,10.1503818549398,17.4974342279627,31.222880834541,56.109271436257,120.663837024432
100,"cerana",129.1679121,36.4785066,23.9333333333333,196.766666666667,45.2466666666667,57.5,0.882035010967247,0.084791321496166,0.00643115059239981,97.5076742963343,9.38793715538692,80.6362306083716,97.3951268725812,116.534794983052,52.5552361451988,20.8117928621426,24.9861881660649,48.5797063127795,100.571088151355,97.5076742963343
17,"cerana",128.7080385,37.5019304,23.7,167.7,38.2933333333333,76.1666666666667,0.931653207194632,0.0525949640526858,0.00186180131677578,16.677013053146,4.14431539249098,9.70487540918533,16.2789507829479,25.503037925648,18.4965341035661,10.8562810620132,6.32253962428541,16.1621350741864,43.827602632948,16.677013053146
141,"cerana",129.3230741,36.4571359,24.6666666666667,222.133333333333,51.0033333333333,39.3333333333333,0.882035010967247,0.084791321496166,0.00643115059239981,139.131492313308,11.7363292916106,117.197334415505,138.468419178186,163.850937472492,102.478399412799,53.9111242679732,42.1221158412377,89.8094897141094,243.126909066889,139.131492313308
9,"cerana",128.6859393,37.3873252,23.7,167.7,38.2933333333333,76.1666666666667,0.931653207194632,0.0525949640526858,0.00186180131677578,9.15762571763065,2.94832917397689,4.33017571589689,8.72630995403719,15.9562869255759,14.1738125787011,10.1640036110739,3.94546514560097,10.987899140693,43.1442214018381,9.15762571763065
4,"cerana",127.654413,37.4515774,26,213.066666666667,48.7033333333333,96.1666666666667,0.804742799828056,0.165599860806911,0.0171248439195136,4.34126277313897,1.72743601031867,1.94831693288438,3.98241060725538,8.50959290390411,6.40807389190024,3.62970726984666,2.40391341014995,5.45852570411952,15.8347798652736,4.34126277313897
3,"cerana",129.0923238,36.5095472,23.9333333333333,196.766666666667,45.2466666666667,57.5,0.879312028463103,0.10005498167985,0.00232026934654592,3.55358576788053,1.45407285021156,1.59120833567205,3.28567082931887,7.11715855332563,6.54786758619618,4.81028610248502,2.09493361368897,5.18146030959541,18.3628408830343,3.55358576788053
31,"cerana",128.3702795,35.2075729,25.7333333333333,200.566666666667,46.44,129,0.675603309931959,0.241968483841805,0.0355886894797628,30.3619935352234,5.58853412323704,20.1836146746385,30.0264809072522,42.4294519989536,35.8714176714424,29.7850755386705,9.96784323456637,28.1635088546084,103.513581304062,30.3619935352234
15,"cerana",128.7902001,36.9395486,23.3333333333333,191.633333333333,43.85,89.8333333333333,0.902905603792729,0.0848410567682191,0.0014695626928614,13.7241000230436,3.56381359166548,7.92139444894391,13.4606208025559,21.4593456440435,11.0017697405217,5.11250349760191,4.84100432194295,9.69130711776088,24.198534147474,13.7241000230436
1,"cerana",126.7526792,35.0286639,26.7666666666667,222.733333333333,51.6733333333333,77.7666666666667,0.450590334066162,0.465747300008143,0.0305137942010319,1.71773225720042,0.774103172054909,1.03857538977623,1.45790892159645,3.87322670574797,2.6829725140362,2.75820933875195,1.09541130846526,1.89552638355171,9.26432436731043,1.71773225720042
1,"cerana",128.8729253,37.2597658,21.9666666666667,170.8,39.06,58.3,0.931653207194632,0.0525949640526858,0.00186180131677578,2.07789865520007,0.906605552930623,1.1388701230547,1.80173343817791,4.62817698174634,3.83862343661982,2.9206844784643,1.36301220708946,3.07207601746418,10.751312182893,2.07789865520007
1,"cerana",127.0127779,35.0160601,26.7666666666667,222.733333333333,51.6733333333333,77.7666666666667,0.845966823799443,0.121671978089808,0.0142539698506248,2.17736385552242,0.812827562304264,1.2337172110815,1.97047477901069,4.39195686528282,3.98987947240096,2.00207224080695,1.71564710145101,3.54485079109859,9.39051082476819,2.17736385552242
1,"cerana",127.0127779,35.0160601,26.7666666666667,222.733333333333,51.6733333333333,77.7666666666667,0.845966823799443,0.121671978089808,0.0142539698506248,2.21785520229364,0.889611912431157,1.20902512319461,1.99982684170196,4.5711479745576,3.93496728756246,2.01923546525741,1.71492842845873,3.41682300962801,9.00965794704823,2.21785520229364
32,"cerana",128.8395425,36.8561157,23.3333333333333,191.633333333333,43.85,89.8333333333333,0.902905603792729,0.0848410567682191,0.0014695626928614,31.0345502916071,5.64941494023046,21.6300713206421,30.6027761655018,42.4870720323914,24.4363233064661,13.6872366754556,8.70914627544378,20.930159242957,63.932473482008,31.0345502916071
6,"cerana",128.1453026,37.4048732,25.8333333333333,226.433333333333,51.78,93,0.843847865408681,0.136740342739874,0.00575395442983913,4.6787209368619,1.59827793078122,2.26540011213317,4.49689602964045,8.23799413298173,4.81490444676073,1.53905115771377,2.71715744155064,4.52679903459902,8.57458961679035,4.6787209368619
3,"cerana",127.4806675,37.9429407,25.7,243.233333333333,55.51,112.366666666667,0.891529171045338,0.0757725901970562,0.0154913992556081,3.59577489983617,1.41096546402116,1.74521972219688,3.30640288931216,6.75491861298019,4.99173867507919,1.9787460467135,2.40955702886416,4.57580848620383,9.80637185164594,3.59577489983617
15,"cerana",128.3913906,37.3852166,23.7,167.7,38.2933333333333,76.1666666666667,0.902316789864021,0.0823118402718714,0.00135284758142417,12.6861885148244,3.30117781632712,7.3179584862478,12.3276423543304,20.081268638533,8.72212695361144,3.01935253079406,4.45639007424267,8.15485040551653,15.8744303697274,12.6861885148244
1,"cerana",128.3768758,37.0603106,24.5,204.566666666667,46.82,81.5666666666667,0.904689567418295,0.0673871751487965,0.00926318652694473,2.05341061156415,0.816539083630439,1.1715611416765,1.81105198238645,4.26149488681177,3.2437261710235,2.02396365093348,1.39657572767174,2.66240751523715,8.0491874711326,2.05341061156415
7,"cerana",128.2265769,37.6011843,25.4666666666667,247.533333333333,56.5466666666667,71.1666666666667,0.843847865408681,0.136740342739874,0.00575395442983913,6.4804739225079,2.39839866202142,2.84548939627959,6.09247620796763,12.1840407126308,6.2849538352168,3.30586146129201,2.68727780610637,5.49694589435762,14.8431723355241,6.4804739225079
3,"cerana",127.7035317,37.9831858,25.2666666666667,239.9,54.7233333333333,107.833333333333,0.833499675250017,0.0921676758793463,0.0446154032345905,3.32341120494742,1.57463594921838,1.34146691235459,2.93285022908611,7.43724213606845,5.4744024826647,6.17985918260446,1.41818062040302,3.76246611653336,18.8098237176067,3.32341120494742
1,"cerana",128.1698493,36.7551344,25.2333333333333,196.7,45.1633333333333,68,0.814675916998863,0.162685888783513,0.0059116469972493,2.04462965569916,0.871412919732419,1.14491319655632,1.81579382007787,4.27194655844702,3.3398692015659,1.84271161319802,1.43987444983646,2.80684125037166,8.44331463247436,2.04462965569916
5,"cerana",128.3651816,38.1886627,23.9666666666667,201.133333333333,45.8,99.3333333333333,0.930131097921056,0.0568464536542893,0.0060162766872025,5.20392592819032,2.04945549111195,2.23354716317987,4.85710322716703,9.78572040465734,8.16201343287547,6.15705256320272,2.62875711350962,6.3512531655968,24.0696211990419,5.20392592819032
2,"cerana",128.1698493,36.7551344,25.2333333333333,196.7,45.1633333333333,68,0.814675916998863,0.162685888783513,0.0059116469972493,2.563722071884,1.13352039111678,1.2824410412415,2.30424090960849,5.30512355220674,3.93057588083415,2.52097360746049,1.56928358298843,3.20904105462477,10.7218039621311,2.563722071884
1,"cerana",128.2724166,37.8107051,23.2666666666667,214.4,48.8966666666667,96.6666666666667,0.901575005943419,0.0874544337903162,0.00208762580236152,2.05981365419194,0.948128327534302,1.10343300615867,1.779734806354,4.62844176146637,4.31285003897208,3.93598893009068,1.33436135763828,3.09952619504963,14.3705982645294,2.05981365419194
2,"cerana",128.1604644,37.348768,25.8333333333333,226.433333333333,51.78,93,0.843847865408681,0.136740342739874,0.00575395442983913,2.65245507912195,1.13926939242157,1.31113724125866,2.37359701441643,5.42317310455723,3.88167227935235,1.9633086964224,1.69280936184246,3.34098710537114,8.90771064373119,2.65245507912195
5,"cerana",128.0004157,37.8173563,25.4666666666667,247.533333333333,56.5466666666667,71.1666666666667,0.901575005943419,0.0874544337903162,0.00208762580236152,4.9844954719208,1.86032851122555,2.3212637175366,4.67212232764965,9.56345660661481,6.67421235549265,3.53464454280231,2.6650419980212,5.75152295717094,16.0020550131998,4.9844954719208
1,"cerana",128.3768758,37.0603106,24.5,204.566666666667,46.82,81.5666666666667,0.904689567418295,0.0673871751487965,0.00926318652694473,2.06633719412281,0.850725297868391,1.14530265139635,1.81172107058524,4.19210848206809,3.27847088899749,1.99301742244362,1.36183854631947,2.73382393091859,8.59760046531904,2.06633719412281
11,"cerana",129.2030091,36.7877626,23.4666666666667,203.833333333333,46.6466666666667,54.6333333333333,0.907656226722635,0.0762665077598521,0.00125862084074558,10.4171265787114,3.10087257914478,5.15647872908898,10.1750536458147,17.4282964577326,10.078924640146,5.00468021223327,3.96790781813131,8.77408003953872,22.8079603580845,10.4171265787114
1,"cerana",127.1870253,34.7128412,25.8666666666667,240.5,55.7966666666667,76.8333333333333,0.71813663538441,0.227932897463312,0.0186801437641166,2.53659336158879,0.811427625100199,1.51981889961992,2.34436063585889,4.59004171464462,4.21520491148974,1.34932365203597,2.32047323156747,3.95580181218141,7.29522671157142,2.53659336158879
18,"cerana",128.6692609,37.25075,23.7,167.7,38.2933333333333,76.1666666666667,0.931653207194632,0.0525949640526858,0.00186180131677578,16.352325139007,3.89638432111069,9.84720810075044,16.055950835521,24.1629781524805,11.3194382930519,4.82354765170448,5.07309769491497,10.3238298228074,23.8858425534536,16.352325139007
7,"cerana",128.1786506,38.1681838,23.2666666666667,214.4,48.8966666666667,96.6666666666667,0.930131097921056,0.0568464536542893,0.0060162766872025,5.63105243702024,1.84978011244482,2.75362096287176,5.44012819102627,9.78657938318441,5.66367127855332,1.79775827595748,3.12910739347435,5.36625573752719,10.2176325449933,5.63105243702024
1,"cerana",127.8008094,37.3909559,25.8333333333333,226.433333333333,51.78,93,0.807252941842628,0.146686502012704,0.00467091513697713,1.92067885269645,0.881288323134496,1.07232599898827,1.64133139815625,4.0835656824421,4.21829884126875,5.21879536687403,1.17277397628357,2.66501223184955,15.8973119104864,1.92067885269645
1,"cerana",127.1320597,34.7168052,25.8666666666667,240.5,55.7966666666667,76.8333333333333,0.71813663538441,0.227932897463312,0.0186801437641166,2.51853564696733,0.825592049687186,1.47394149981892,2.36475585286763,4.59070844859966,4.24287585491844,1.42440221786367,2.2573024133568,3.97332295438976,7.56534502234794,2.51853564696733
7,"cerana",128.5079335,36.8428925,24.4,226.533333333333,51.9066666666667,90,0.781233731388709,0.180969695998889,0.0029166700038177,6.88978454650549,2.44104997114158,3.06027730295146,6.54074549045438,12.4079001899605,8.68872728837312,7.40862903089598,2.69982977219996,6.93336126761932,26.0056261186355,6.88978454650549
7,"cerana",128.5151227,36.8581851,24.4,226.533333333333,51.9066666666667,90,0.781233731388709,0.180969695998889,0.0029166700038177,6.7402482179026,2.48331522717395,3.03438841472577,6.47608147059837,12.2865616894457,8.86262144249753,7.24663301069461,2.57087014610625,6.68690380085478,28.0637384501815,6.7402482179026
2,"cerana",127.5050639,37.497971,26,213.066666666667,48.7033333333333,96.1666666666667,0.804742799828056,0.165599860806911,0.0171248439195136,2.90492279954606,1.10874300910789,1.48756990897508,2.62587461117968,5.69263217111835,4.57070317263821,1.94164837066788,2.12261194592118,4.18095186813001,9.49210659097621,2.90492279954606
35,"cerana",128.9347622,36.6536828,25.8333333333333,246.966666666667,56.7666666666667,68.5,0.839185110042055,0.105858920321439,0.0383829843855149,32.1004582061977,5.53978927384709,22.4594265572576,31.7535633457181,44.2145470768591,17.3470411650758,7.01229199946868,8.21829767710389,15.9944519182108,34.3775693535744,32.1004582061977
1,"cerana",128.3992554,37.4358067,23.7,167.7,38.2933333333333,76.1666666666667,0.902316789864021,0.0823118402718714,0.00135284758142417,2.11503962480657,0.91444935018682,1.1398323732276,1.85655492539748,4.68114075847454,4.10160428822798,3.56240840369071,1.40321186127916,3.02501263305623,13.3439659558534,2.11503962480657
9,"cerana",128.1965588,37.9529831,23.2666666666667,214.4,48.8966666666667,96.6666666666667,0.930131097921056,0.0568464536542893,0.0060162766872025,8.05495420681642,2.68927462209122,3.67567334347591,7.75956974975961,13.97440391483,7.35683967366082,3.97577652063579,2.84068360407032,6.2769646119077,17.243516990658,8.05495420681642
1,"cerana",128.3992554,37.4358067,23.7,167.7,38.2933333333333,76.1666666666667,0.902316789864021,0.0823118402718714,0.00135284758142417,2.12236563654995,0.915412389136114,1.13442913444842,1.90189311780527,4.50193368895518,4.23363475087207,3.45700742757655,1.39187217548858,3.15176119432901,14.2429228844355,2.12236563654995
2,"cerana",129.0923238,36.5095472,23.9333333333333,196.766666666667,45.2466666666667,57.5,0.879312028463103,0.10005498167985,0.00232026934654592,2.85647693482897,1.22741533871088,1.38893145158484,2.55233311530491,5.90388345998056,6.02390698548944,4.296055158664,2.02554945378306,4.69583829209187,17.6672827922564,2.85647693482897
1,"cerana",126.5323581,35.1414667,25.8333333333333,256.766666666667,59.4933333333333,83.3333333333333,0.525523757391482,0.411945049460545,0.0141792263409316,1.84083113336662,0.84067890898874,1.08415254806392,1.59544450863678,4.15157198190595,2.82171784961212,1.83794025548611,1.21229261634605,2.23864004111925,7.59850921883236,1.84083113336662
7,"cerana",128.6187189,38.0019958,23.9666666666667,201.133333333333,45.8,99.3333333333333,0.887557825683459,0.0860502844350617,0.00529623043844797,6.84333513710526,2.45701473684341,2.92676518933012,6.49786921353846,12.0038169315468,9.62936080660335,7.53429206588013,2.58480166320507,7.49771749662932,30.976862247567,6.84333513710526
1,"cerana",127.8205443,35.8869663,24.7333333333333,189.566666666667,43.7,63.2333333333333,0.837506497512381,0.139677951869856,0.00539936138735455,2.31533854344716,1.12528276456437,1.16085473856071,2.00562960811639,5.33506759123803,5.10785101308632,4.24105778224796,1.58437994292879,3.93267434038251,15.0888875165835,2.31533854344716
65,"cerana",128.9603713,36.9256095,23.3333333333333,191.633333333333,43.85,89.8333333333333,0.902905603792729,0.0848410567682191,0.0014695626928614,63.7353112591095,7.80995837293945,48.6861496951709,63.6916354383679,79.9034884057091,44.5949126613331,24.2401617516815,16.951998360919,38.4597114318614,106.68733363569,63.7353112591095
1,"cerana",128.3127372,37.5631941,23.7,167.7,38.2933333333333,76.1666666666667,0.902316789864021,0.0823118402718714,0.00135284758142417,2.32052627626137,0.846293679067819,1.30530381231841,2.10354676330907,4.40781796851567,3.82367423784174,1.66305542579638,1.85603458687727,3.42009071939357,7.96527347864924,2.32052627626137
1,"cerana",128.8067483,36.3321473,26.0666666666667,225.266666666667,51.7966666666667,68.6666666666667,0.801978658686764,0.181746742771292,0.00587024653957933,2.45446182496513,0.911256003556381,1.37693708274866,2.21761913073091,4.81406469152246,3.92912163638106,1.59486170528945,1.89709260461412,3.58530227146879,7.74061679807141,2.45446182496513
5,"cerana",128.6427344,37.2237462,24.5,204.566666666667,46.82,81.5666666666667,0.931653207194632,0.0525949640526858,0.00186180131677578,5.09394400515513,2.05646852377972,2.05922990498271,4.80655974376319,9.72177176772951,7.30630845438142,6.19067627407418,2.06106452416735,5.39556119937908,23.7366643507986,5.09394400515513
5,"cerana",127.7093384,38.1700928,25.2666666666667,239.9,54.7233333333333,107.833333333333,0.916091632993139,0.0469174522399622,0.0230338033534307,5.41971107860441,2.27083738641269,2.21636342420229,5.07036318827875,10.8646405135312,9.68507013875346,10.9926697636908,2.56361847670033,7.06938457953607,28.8880974715744,5.41971107860441
2,"cerana",127.4947634,37.5893415,26,213.066666666667,48.7033333333333,96.1666666666667,0.891529171045338,0.0757725901970562,0.0154913992556081,2.57815784803526,1.00517776514412,1.35598186188473,2.33379684551515,5.04434351449591,3.87376943947394,2.01702746128253,1.74886376785878,3.32104129725784,8.94733915865917,2.57815784803526
2,"cerana",128.3675653,36.9796571,24.4,226.533333333333,51.9066666666667,90,0.904689567418295,0.0673871751487965,0.00926318652694473,2.65332850294253,1.21187261107127,1.27453859827185,2.33540297349214,5.70746640352695,4.25672828853451,3.33130870242408,1.46103894386582,3.2097253120751,13.9160188351141,2.65332850294253
20,"cerana",127.1532238,35.7070291,26.5,229.4,52.94,94.0666666666667,0.79191636792701,0.161131528119105,0.0266332980106569,19.9095850759625,4.46434168191033,12.1986926104174,19.6249614749544,29.1246588818658,24.8352338848768,15.4930206303872,8.20461330137708,20.5835281547984,67.8328212447318,19.9095850759625
4,"cerana",127.5817911,37.5558764,26,213.066666666667,48.7033333333333,96.1666666666667,0.804742799828056,0.165599860806911,0.0171248439195136,4.53024639727762,1.68998453990135,2.20425937784791,4.24017091483248,8.74559961059441,6.07283811318614,2.37624583204334,2.89481107040705,5.56376038180762,11.8833250866731,4.53024639727762
9,"cerana",128.9174135,36.3351104,23.9333333333333,196.766666666667,45.2466666666667,57.5,0.839185110042055,0.105858920321439,0.0383829843855149,8.64420653199053,2.71224866218708,4.3108384824785,8.2131642617314,14.7663910283803,8.88312281372492,5.14933995729656,3.40318377116469,7.62665619456324,21.3523142791191,8.64420653199053
1,"cerana",127.1445908,34.7040567,25.8666666666667,240.5,55.7966666666667,76.8333333333333,0.71813663538441,0.227932897463312,0.0186801437641166,2.58602780246063,0.860065193864991,1.50193477559735,2.42499124151327,4.8061658982938,4.22159475390295,1.45826276265352,2.23444377781219,3.91961276326979,7.67295287596995,2.58602780246063
1,"cerana",128.3675653,36.9796571,24.4,226.533333333333,51.9066666666667,90,0.904689567418295,0.0673871751487965,0.00926318652694473,2.00496651030652,0.850397465705003,1.12332114644189,1.76705586897763,4.40887314955232,3.56308489336102,2.75284070311942,1.32812380348039,2.73031281927867,11.2473296089237,2.00496651030652
13,"cerana",127.8205443,35.8869663,24.7333333333333,189.566666666667,43.7,63.2333333333333,0.837506497512381,0.139677951869856,0.00539936138735455,12.5817295641921,3.56234194519793,6.60059262321151,12.2467419586639,19.9401184030585,13.4225543849076,10.4309183616901,3.98963123073497,10.5632835499994,36.7749221336764,12.5817295641921
3,"cerana",127.8205443,35.8869663,24.7333333333333,189.566666666667,43.7,63.2333333333333,0.837506497512381,0.139677951869856,0.00539936138735455,3.44007338445732,1.59608999190648,1.40450335496743,3.05123936407822,7.57442793643859,5.97761372190922,5.98814288011906,1.66398599666927,4.34882852439446,19.8386656330309,3.44007338445732
26,"cerana",126.3953013,37.7979718,24.2333333333333,212.533333333333,48.6433333333333,85.8333333333333,0.430573250912294,0.399826585503964,0.123208836667925,25.6028843716764,5.02813682454202,16.7669583138283,25.220037623788,36.2391105705302,28.4305207321684,22.2828526533418,8.16532583741436,22.9504439403399,84.0848051177792,25.6028843716764
2,"cerana",128.5989961,37.1919741,24.5,204.566666666667,46.82,81.5666666666667,0.92267839499044,0.0603811384429816,0.00259203654514891,2.50568388172923,1.26850159781267,1.17660662550066,2.14113909741803,5.79016898424674,4.69848942236806,5.1711679761985,1.32493087423607,3.14828593978922,18.4035250302082,2.50568388172923
2,"cerana",128.3547193,37.5690079,23.7,167.7,38.2933333333333,76.1666666666667,0.902316789864021,0.0823118402718714,0.00135284758142417,2.80840873928465,1.07486033706029,1.48809798247576,2.59969835049891,5.51006473733023,4.27057550158214,1.90729127321502,2.04004820953671,3.8296683921337,9.06188656878715,2.80840873928465
7,"cerana",128.4182448,37.3628576,23.7,167.7,38.2933333333333,76.1666666666667,0.902316789864021,0.0823118402718714,0.00135284758142417,6.73248208631535,2.10875281047034,3.12909883603388,6.51117243591306,11.2782985505341,7.40587289032345,2.91363028648944,3.51519656219431,6.81422130867903,14.9069236597643,6.73248208631535
2,"cerana",128.1617215,38.0087006,23.2666666666667,214.4,48.8966666666667,96.6666666666667,0.930131097921056,0.0568464536542893,0.0060162766872025,2.66801851243855,1.16010932470292,1.31057608843345,2.35480823295981,5.58059875222213,4.01337062501734,2.27538409318672,1.6193885362075,3.39446292362382,9.77459141471979,2.66801851243855
4,"cerana",127.8863288,37.6147161,25.4666666666667,247.533333333333,56.5466666666667,71.1666666666667,0.901575005943419,0.0874544337903162,0.00208762580236152,4.30724563273682,1.88743573601864,1.83068922649314,3.99523011381642,9.11061384958543,6.08883327698197,4.32354039814607,2.16113259035028,5.02621141468505,17.3130093439078,4.30724563273682
3,"cerana",128.3250403,37.9993658,23.2666666666667,214.4,48.8966666666667,96.6666666666667,0.930131097921056,0.0568464536542893,0.0060162766872025,3.57916586036707,1.51511617749715,1.58473861938876,3.28018599516228,7.33700449364089,5.6540314043219,3.52830000439654,1.97320535946973,4.75495060634627,15.8822349479484,3.57916586036707
3,"cerana",128.3851271,38.0466608,23.2666666666667,214.4,48.8966666666667,96.6666666666667,0.930131097921056,0.0568464536542893,0.0060162766872025,3.49385669858568,1.36953097558133,1.72833217416911,3.18458708201176,7.02927477836357,4.88690805011307,2.22387387570118,2.15113287127541,4.3350893184746,10.2042484468408,3.49385669858568
3,"cerana",128.1452309,37.8140141,23.2666666666667,214.4,48.8966666666667,96.6666666666667,0.901575005943419,0.0874544337903162,0.00208762580236152,3.41488964906449,1.41281014788024,1.57565177959217,3.12762381588255,6.82243583107074,4.94810417110243,2.50808547113821,2.10120168251383,4.33939162081965,11.1766332117478,3.41488964906449
2,"cerana",126.7220994,37.3411588,25.3,253.133333333333,57.9333333333333,93.1333333333333,0.358243310402553,0.343392796421752,0.0138042426303262,2.18358254956578,0.980870176390658,1.15787074330389,1.89240021979553,4.81973752563867,2.68110186553354,1.48776547183781,1.30321482499046,2.25026423018009,6.30690912428189,2.18358254956578
3,"cerana",127.4806675,37.9429407,25.7,243.233333333333,55.51,112.366666666667,0.891529171045338,0.0757725901970562,0.0154913992556081,3.62059474816275,1.35583769575289,1.81013622522834,3.35109645165406,7.11534025131192,4.90226129350581,2.04170653276633,2.46655933422984,4.45153587677386,9.99962822904814,3.62059474816275
6,"cerana",127.4806675,37.9429407,25.7,243.233333333333,55.51,112.366666666667,0.891529171045338,0.0757725901970562,0.0154913992556081,5.34347223999884,1.821904749666,2.62608470058549,5.04808606218517,9.50425137935603,5.60440843559028,2.09281315948864,2.73143601528002,5.19533726322604,10.7523010673256,5.34347223999884
4,"cerana",127.1343061,35.5646226,25.0333333333333,212.233333333333,49.0766666666667,104.666666666667,0.79191636792701,0.161131528119105,0.0266332980106569,5.07977003179961,1.97999617300504,2.18793722899607,4.81814010825636,9.79500755361399,14.6029501944626,11.3856827326486,3.77654552802557,11.3726853324957,44.3741837508045,5.07977003179961
3,"cerana",128.8067483,36.3321473,26.0666666666667,225.266666666667,51.7966666666667,68.6666666666667,0.801978658686764,0.181746742771292,0.00587024653957933,3.27927068394076,1.24326405336142,1.65845706822152,3.01445202454962,6.19750014195648,4.28339964987145,1.59712454705371,2.18110699990241,3.97606691493586,8.46574054477683,3.27927068394076
10,"cerana",126.9116461,37.7267059,26.5666666666667,232.533333333333,53.78,83.8333333333333,0.571906243426079,0.212923083736534,0.0347601279907882,9.18128366285879,3.04648636069395,4.19662844784427,8.92832470245203,16.3944440101684,9.19958438841855,5.99246663895945,3.15209155655892,7.75160732026395,23.9122650206427,9.18128366285879
1,"cerana",127.1659258,34.7026119,25.8666666666667,240.5,55.7966666666667,76.8333333333333,0.71813663538441,0.227932897463312,0.0186801437641166,2.53842950975909,0.798937736436413,1.48693266421429,2.36093577050543,4.49513139676777,4.20406582395445,1.40798103673238,2.24383900987499,3.97470310603044,7.71160038661038,2.53842950975909
1,"cerana",126.5418454,34.3936351,25.5666666666667,219.033333333333,50.9133333333333,79.4333333333333,0.459675598171879,0.465463751232189,0.0354538937180751,2.4765966024715,1.1156234394174,1.21263139175377,2.1294685323885,5.4010009241713,8.988131241643,9.09641424257767,1.89759126162093,6.22077600242247,32.5046926764979,2.4765966024715
4,"cerana",127.9591221,37.6020683,25.4666666666667,247.533333333333,56.5466666666667,71.1666666666667,0.843847865408681,0.136740342739874,0.00575395442983913,4.10084485662114,1.77668275378136,1.67728731957317,3.76447931863936,8.24702206461002,5.8894467671653,4.97420140282202,1.90677044578937,4.60725797832044,17.3622631777101,4.10084485662114
75,"cerana",129.1679121,36.4785066,23.9333333333333,196.766666666667,45.2466666666667,57.5,0.882035010967247,0.084791321496166,0.00643115059239981,72.9976136562734,9.01984451120244,56.6199628423031,72.199681093825,91.7001681029079,45.4103845026208,18.8024419985346,20.2826910428567,42.2406243663249,97.6083119641746,72.9976136562734
4,"cerana",127.9320017,36.9635809,25.8333333333333,222.4,50.9333333333333,91.4,0.734773509211059,0.192849047033986,0.0346030391641658,4.57673803410813,1.70018744754331,2.11131396384776,4.27059579997991,8.52651308574291,7.27314151741016,3.87037042469215,2.73585756764634,6.31592278923259,16.8158648558772,4.57673803410813
2,"cerana",128.8736824,36.3231567,26.0666666666667,225.266666666667,51.7966666666667,68.6666666666667,0.801978658686764,0.181746742771292,0.00587024653957933,2.60284963514879,1.14397003869444,1.27569150906696,2.3036824307455,5.50402183278285,4.19863842295509,2.8837375420683,1.56007297078019,3.38058178172433,11.8361228479622,2.60284963514879
2,"cerana",128.8067483,36.3321473,26.0666666666667,225.266666666667,51.7966666666667,68.6666666666667,0.801978658686764,0.181746742771292,0.00587024653957933,2.83024583291205,1.02894238228461,1.5131288867296,2.59482644710314,5.44250827840626,4.23460709973463,1.63876190731904,2.08149756640082,3.86424688730927,8.44930284192044,2.83024583291205
1,"cerana",126.5237272,35.2867911,25.8333333333333,256.766666666667,59.4933333333333,83.3333333333333,0.450248087582545,0.41245559486535,0.0745933615685819,2.01834901607604,0.926284651299555,1.07080481139333,1.75005698614336,4.31652759737942,6.21859414530998,15.2542419420327,1.30221022104185,3.35256179254292,24.3803325368742,2.01834901607604
1,"cerana",127.6114145,35.0878407,26.1333333333333,211.833333333333,50.31,91.3333333333333,0.697398276331517,0.15628300913973,0.0444415263908977,2.12185976682146,0.909141836280311,1.17583315837438,1.87484788229659,4.55729130106864,4.34351544147312,3.18084107953021,1.54450997306706,3.33953321432101,13.6239840670464,2.12185976682146
1,"cerana",127.6114145,35.0878407,26.1333333333333,211.833333333333,50.31,91.3333333333333,0.697398276331517,0.15628300913973,0.0444415263908977,2.20901661689556,0.983698190072228,1.17097453424947,1.93873046222239,4.72982185098702,4.19753046318867,3.20767444702847,1.45809738737903,3.22550935067382,12.9179943879949,2.20901661689556
13,"cerana",129.1679121,36.4785066,23.9333333333333,196.766666666667,45.2466666666667,57.5,0.882035010967247,0.084791321496166,0.00643115059239981,13.5839451185492,3.44591567380298,7.73970584850671,13.236205490622,20.9015516786452,21.8190432904962,10.6076949582073,8.15006266829105,19.5406414099021,49.7886187241711,13.5839451185492
5,"cerana",126.7220994,37.3411588,25.3,253.133333333333,57.9333333333333,93.1333333333333,0.358243310402553,0.343392796421752,0.0138042426303262,4.49975991419953,1.88557881491297,1.93380046283245,4.18093867596051,8.97889954128639,4.45913608713029,3.05965611721923,1.67680046091615,3.59880657243294,12.3813889867471,4.49975991419953
3,"cerana",127.5817911,37.5558764,26,213.066666666667,48.7033333333333,96.1666666666667,0.804742799828056,0.165599860806911,0.0171248439195136,3.91707691651726,1.39173551632215,1.89589703510386,3.65783457080563,7.12875873956541,6.01844068552479,2.48702416394637,2.76360130030121,5.53459322800406,12.4181336940739,3.91707691651726
1,"cerana",128.1975847,37.2772238,24.3666666666667,210.633333333333,48.1633333333333,96.6666666666667,0.807252941842628,0.146686502012704,0.00467091513697713,1.80428186134687,0.85454519776007,1.03834122259646,1.51963561114925,4.44237794329218,3.01224690071166,5.25462314007439,1.09075326023358,2.10748000296328,9.98987338093498,1.80428186134687
1,"cerana",127.3677518,35.121549,24.5333333333333,199.1,46.1833333333333,106.6,0.820600845673605,0.14675378671474,0.0119406615185642,2.09981749840303,0.844294903967721,1.16597452655498,1.89053573300217,4.2890217708532,4.49199481886417,3.23435028511549,1.47423256466141,3.50778384932819,13.7272366609309,2.09981749840303
2,"cerana",128.8736824,36.3231567,26.0666666666667,225.266666666667,51.7966666666667,68.6666666666667,0.801978658686764,0.181746742771292,0.00587024653957933,2.66480706330755,1.17473706251289,1.32030761041464,2.35990351840951,5.68916688077891,4.29893868165215,3.01862851593942,1.58674636225191,3.41512553767455,11.9212516018749,2.66480706330755
115,"cerana",129.3230741,36.4571359,24.6666666666667,222.133333333333,51.0033333333333,39.3333333333333,0.882035010967247,0.084791321496166,0.00643115059239981,113.773733147728,10.5591299035376,93.4675363942247,113.306739575952,134.269835058539,92.4521295336314,45.7666197734251,35.9151828334679,81.6764366969147,203.731461268326,113.773733147728
150,"cerana",128.1165386,35.2053772,25.1666666666667,219.466666666667,50.86,81.4333333333333,0.728403647723328,0.18252626928781,0.0362879050834622,149.311076826648,12.2789381534874,126.112492210603,148.771838959826,173.93157118558,128.419957894739,81.21530136258,40.9384458673233,107.47268465864,341.783471229341,149.311076826648
8,"cerana",128.8286576,36.7047911,25.8333333333333,246.966666666667,56.7666666666667,68.5,0.839185110042055,0.105858920321439,0.0383829843855149,7.93217987421121,2.73246483237807,3.52518166547849,7.66810474071521,14.1319475708467,9.82769740665609,6.37963892244733,3.44864381199813,8.23737891594118,24.3588046736489,7.93217987421121
9,"cerana",128.5476157,38.0375603,23.9666666666667,201.133333333333,45.8,99.3333333333333,0.887557825683459,0.0860502844350617,0.00529623043844797,8.76524626815369,2.83334165890745,3.85920783316467,8.40894866659972,14.7992353251585,10.7207894303665,6.63229489733097,3.53205685288932,9.3414199822453,29.9856554641559,8.76524626815369
1,"cerana",128.1453026,37.4048732,25.8333333333333,226.433333333333,51.78,93,0.843847865408681,0.136740342739874,0.00575395442983913,2.49851996061596,0.810129653481091,1.46097908722566,2.33366356742687,4.53157529031006,4.06344724752289,1.31999916339314,2.25803845454839,3.79746619768002,7.04023506836581,2.49851996061596
2,"cerana",127.404001,36.2648464,26.8333333333333,235.866666666667,54.2833333333333,103.433333333333,0.330715718222525,0.0404785044542073,0.03111066344953,2.65278692896363,1.28362450113518,1.19750132158579,2.30828191346713,5.77576322347382,4.16916415372482,3.54265663506448,1.30225492465333,3.06837528304662,14.1256185393715,2.65278692896363
2,"cerana",128.8067483,36.3321473,26.0666666666667,225.266666666667,51.7966666666667,68.6666666666667,0.801978658686764,0.181746742771292,0.00587024653957933,2.76738637219254,1.03938046053558,1.47569855056731,2.52758729728739,5.40134507408331,4.17200838768256,1.70076700652353,2.09715273283274,3.78445656642164,8.80520717225949,2.76738637219254
29,"cerana",127.8023805,37.3526611,25.8333333333333,226.433333333333,51.78,93,0.807252941842628,0.146686502012704,0.00467091513697713,27.8449042590055,5.31054058494895,18.5087883709169,27.6136969690955,39.3138197274541,22.1422244369117,12.6967461000088,8.01100220221466,18.8574426668147,51.2154731738356,27.8449042590055
1,"cerana",127.1445908,34.7040567,25.8666666666667,240.5,55.7966666666667,76.8333333333333,0.71813663538441,0.227932897463312,0.0186801437641166,2.54501484405808,0.84952728121576,1.50719091394886,2.33779074076181,4.77070467106585,4.27801802855268,1.43630955660576,2.26985791519521,4.01511674088525,7.54030333284226,2.54501484405808
1,"cerana",127.1445908,34.7040567,25.8666666666667,240.5,55.7966666666667,76.8333333333333,0.71813663538441,0.227932897463312,0.0186801437641166,2.53661051428795,0.78774611146469,1.48822314993002,2.40445899072046,4.49658280193854,4.31944191146543,1.518554325435,2.37494662096042,4.01543414581438,8.04087648301444,2.53661051428795
4,"cerana",128.1965588,37.9529831,23.2666666666667,214.4,48.8966666666667,96.6666666666667,0.930131097921056,0.0568464536542893,0.0060162766872025,3.9676282912435,1.67713659302847,1.729927823588,3.61016052443388,7.9551656943449,5.04285226242214,3.02015891736289,1.80028683614735,4.19166881378134,12.7965567742138,3.9676282912435
1,"cerana",128.1965588,37.9529831,23.2666666666667,214.4,48.8966666666667,96.6666666666667,0.930131097921056,0.0568464536542893,0.0060162766872025,2.09129070823528,0.855233564423088,1.14701452453514,1.86507093539814,4.32516107430775,3.61398321657738,2.28451511166427,1.49211204992323,2.97332349971612,9.49519978847549,2.09129070823528
4,"cerana",127.8497773,37.8059381,25.4666666666667,247.533333333333,56.5466666666667,71.1666666666667,0.901575005943419,0.0874544337903162,0.00208762580236152,4.29493140272186,1.66318695209287,1.84024800548377,4.00990242448444,8.20494022669818,6.16912701746165,3.80007032124437,2.21575763961658,5.19294294080456,15.8895314088885,4.29493140272186
4,"cerana",127.7440552,37.7120915,25.4666666666667,247.533333333333,56.5466666666667,71.1666666666667,0.901575005943419,0.0874544337903162,0.00208762580236152,4.34620537204234,1.713246711635,1.99377268973091,3.96799212466995,8.51772391850316,5.89914590052016,2.91273705992483,2.4967182623163,5.14655923469964,13.1082915850632,4.34620537204234
3,"cerana",128.1664828,37.5933552,25.4666666666667,247.533333333333,56.5466666666667,71.1666666666667,0.843847865408681,0.136740342739874,0.00575395442983913,3.49963198913163,1.39491821002459,1.61266825714494,3.20304304507165,6.84617273305921,4.89003420284014,2.38458433729589,2.15014900622431,4.32709639108471,11.0857280891204,3.49963198913163
7,"cerana",127.9549594,37.8228476,25.4666666666667,247.533333333333,56.5466666666667,71.1666666666667,0.901575005943419,0.0874544337903162,0.00208762580236152,6.4933653409626,2.0860238502684,3.20707435693635,6.2310707382185,11.6858931993519,7.1123253794548,3.13910764933796,3.19170050953952,6.45324838335063,15.1040424785515,6.4933653409626
1,"cerana",127.8497773,37.8059381,25.4666666666667,247.533333333333,56.5466666666667,71.1666666666667,0.901575005943419,0.0874544337903162,0.00208762580236152,2.30421174873785,1.00828065192339,1.21784392478167,2.01481011139663,4.88270383199777,4.56327676953912,2.96958175092961,1.71371870311285,3.67676486798558,13.0880444347656,2.30421174873785
6,"cerana",127.3178602,35.6899474,25.0333333333333,212.233333333333,49.0766666666667,104.666666666667,0.826179209020244,0.129766236724467,0.0327120526180917,6.36986960649917,2.34359591469163,2.87377876698864,5.96137058131942,11.9474279650286,13.3648511466335,40.9814155053368,2.89169342060216,9.15545791926868,38.0080926509673,6.36986960649917
2,"cerana",128.4052788,37.3728454,23.7,167.7,38.2933333333333,76.1666666666667,0.902316789864021,0.0823118402718714,0.00135284758142417,3.66020625156759,1.42506321100607,1.80621685826146,3.37879647548156,7.10966491436502,6.28947834154623,2.67330809830994,2.99542360215932,5.78986226550796,13.0698587665183,3.66020625156759
23,"cerana",127.1434343,35.6019213,25.0333333333333,212.233333333333,49.0766666666667,104.666666666667,0.79191636792701,0.161131528119105,0.0266332980106569,22.1789200929507,4.63563940087917,14.4690064569605,21.7601523666762,32.4808614462462,24.1265651131995,13.0975504492027,8.74863246335379,21.1608757717459,59.2437205632035,22.1789200929507
2,"cerana",128.3127372,37.5631941,23.7,167.7,38.2933333333333,76.1666666666667,0.902316789864021,0.0823118402718714,0.00135284758142417,2.77898203373524,1.07453753189331,1.44729807251929,2.51373099280152,5.745913015099,4.07910207415469,1.86352475492827,1.95259373068191,3.5535592712853,8.70319686383864,2.77898203373524
1,"cerana",126.5877817,34.4439909,25.5666666666667,219.033333333333,50.9133333333333,79.4333333333333,0.459675598171879,0.465463751232189,0.0354538937180751,1.92910630742346,0.939340222591341,1.06755259224634,1.63738263694489,4.30761079865597,3.9331604762056,5.34132591694579,1.20100642516845,2.5439567778146,14.0943080470491,1.92910630742346
1,"cerana",126.7220994,37.3411588,25.3,253.133333333333,57.9333333333333,93.1333333333333,0.358243310402553,0.343392796421752,0.0138042426303262,1.72169370054426,0.644705430310523,1.06549186598854,1.53749189248221,3.53774198088824,2.42357947516029,1.491295895396,1.18410534060495,1.98144151714003,6.1768666069827,1.72169370054426
9,"cerana",127.6416006,37.5710458,26,213.066666666667,48.7033333333333,96.1666666666667,0.804742799828056,0.165599860806911,0.0171248439195136,8.05671835878203,2.53833821864872,4.01432951472161,7.72516128068786,13.8011930242004,7.56729652216256,3.35900172923888,3.35067696032258,6.81376408377067,16.7763420593141,8.05671835878203
3,"cerana",128.0004157,37.8173563,25.4666666666667,247.533333333333,56.5466666666667,71.1666666666667,0.901575005943419,0.0874544337903162,0.00208762580236152,3.64970256176311,1.52130722595425,1.66718137422924,3.36718663116411,7.12792016713605,5.78170576678441,3.27882148950098,2.27837653446492,4.91325559945527,14.286135448293,3.64970256176311
1,"cerana",128.0839616,37.7410335,25.4666666666667,247.533333333333,56.5466666666667,71.1666666666667,0.901575005943419,0.0874544337903162,0.00208762580236152,1.78330651347541,0.844301980151675,1.04387461566448,1.49980937133887,4.09614060997089,3.07162628082925,3.47073514404919,1.11936523412777,2.15529299310228,9.7005078549718,1.78330651347541
3,"cerana",128.1994956,38.1922602,23.2666666666667,214.4,48.8966666666667,96.6666666666667,0.930131097921056,0.0568464536542893,0.0060162766872025,3.5691899338662,1.43949012801556,1.67800567355902,3.27763713565401,7.09529120698683,5.05397414466933,2.22387423880216,2.20452139983497,4.58105448336786,10.9645045191802,3.5691899338662
1,"cerana",128.142228,37.9478221,23.2666666666667,214.4,48.8966666666667,96.6666666666667,0.930131097921056,0.0568464536542893,0.0060162766872025,2.22746562111969,0.863393373207948,1.24611633419636,1.98325187032366,4.52310191410906,3.84911140624385,2.04104920283811,1.6769484584377,3.28155601550571,9.54083482387337,2.22746562111969
1,"cerana",127.7440552,37.7120915,25.4666666666667,247.533333333333,56.5466666666667,71.1666666666667,0.901575005943419,0.0874544337903162,0.00208762580236152,2.5242943450106,1.00704429017792,1.3377546187466,2.2541354702519,5.14052831038234,4.87508824078238,2.67426841015713,1.9408320571795,4.14441923980484,11.9789254574637,2.5242943450106
20,"cerana",127.74339,37.6518777,25.4666666666667,247.533333333333,56.5466666666667,71.1666666666667,0.901575005943419,0.0874544337903162,0.00208762580236152,17.1674310122378,3.81282000380646,10.381501417593,16.8594933384346,25.2160361078191,10.3387661983617,3.8541415763119,5.25337295169825,9.63638588965258,20.2830324787933,17.1674310122378
5,"cerana",127.7520913,37.6324523,25.4666666666667,247.533333333333,56.5466666666667,71.1666666666667,0.901575005943419,0.0874544337903162,0.00208762580236152,5.12020670936467,1.77063520032661,2.60783463096585,4.79748015478528,9.49910508738771,6.77399694621309,2.65818250994468,3.09049835002221,6.27269429347728,13.1425363718152,5.12020670936467
1,"cerana",128.9347622,36.6536828,25.8333333333333,246.966666666667,56.7666666666667,68.5,0.839185110042055,0.105858920321439,0.0383829843855149,2.91486977155609,1.10276613641995,1.4912240318535,2.67579888701879,5.67834436797343,6.51495709737363,3.33188780102557,2.55590994493097,5.6915523260093,15.9364883979964,2.91486977155609
6,"cerana",128.4610259,38.0834935,23.9666666666667,201.133333333333,45.8,99.3333333333333,0.887557825683459,0.0860502844350617,0.00529623043844797,6.02212707092366,2.32265394316851,2.57677338404381,5.70666975454117,11.4972960995039,8.42900453591402,6.58947936270658,2.88237372328566,6.9233017805829,22.4494294486548,6.02212707092366
3,"cerana",128.0466435,37.7953885,25.4666666666667,247.533333333333,56.5466666666667,71.1666666666667,0.901575005943419,0.0874544337903162,0.00208762580236152,3.593513495509,1.54648136291328,1.58530440459097,3.28021672186287,7.74035346092355,5.64191663859335,3.03665690103083,2.23764810172038,4.7761970057079,13.3859371105695,3.593513495509
51,"cerana",127.8508915,37.4405188,25.8333333333333,226.433333333333,51.78,93,0.843847865408681,0.136740342739874,0.00575395442983913,50.1894183120061,7.08352792036288,37.8448947988991,49.602070485074,65.2513115080889,39.0479213243607,20.9910089773863,14.3305546308856,34.313951479706,88.3926475165748,50.1894183120061
2,"cerana",127.4717254,37.5066872,26,213.066666666667,48.7033333333333,96.1666666666667,0.804742799828056,0.165599860806911,0.0171248439195136,2.99922253472152,1.14536245697664,1.51301396911262,2.77273446967726,5.7745215038185,4.7830346701194,2.01008980101101,2.22484634353804,4.36484948073598,9.80577606532542,2.99922253472152
50,"cerana",127.3825703,35.5988084,25.0333333333333,212.233333333333,49.0766666666667,104.666666666667,0.758564909701308,0.219643819002869,0.0057048582762791,46.4274669549287,6.44019294814881,34.4860624790977,46.253591445377,60.0448992076306,21.4030206740643,7.70378932559797,11.028607846619,20.0746184578671,39.4308058350872,46.4274669549287
3,"cerana",128.6013888,37.50515,23.7,167.7,38.2933333333333,76.1666666666667,0.931653207194632,0.0525949640526858,0.00186180131677578,3.1762981001115,1.41129462534586,1.37953490787957,2.89959748716731,6.49074710215772,5.26559035699122,5.42801259702547,1.47544695656416,3.69137348348884,18.8651567064363,3.1762981001115
6,"cerana",128.8067483,36.3321473,26.0666666666667,225.266666666667,51.7966666666667,68.6666666666667,0.801978658686764,0.181746742771292,0.00587024653957933,5.04504266317891,1.90467225366787,2.45741337712198,4.62364218175745,9.34078130488389,5.061608611607,1.81785560439282,2.6579468803002,4.69513278289499,9.3688931716074,5.04504266317891
2,"cerana",127.8166414,35.2714721,25.2666666666667,212.533333333333,49.75,120.333333333333,0.879513991113253,0.0966482028151595,0.00862303165605175,3.14586808425835,1.3544425282753,1.44510637753191,2.82940298973193,6.88464858113928,6.8160023294798,5.04718621693958,2.10844092337743,5.27419679366396,19.636787227486,3.14586808425835
3,"cerana",128.1088047,37.4351307,25.8333333333333,226.433333333333,51.78,93,0.843847865408681,0.136740342739874,0.00575395442983913,3.26241703559395,1.15059553463099,1.72061358072177,3.03350533843485,5.8161081014296,4.38277681446536,1.48023591724907,2.41391212721003,4.08016418032611,7.82484976541022,3.26241703559395
1,"cerana",128.969731,36.6966455,25.8333333333333,246.966666666667,56.7666666666667,68.5,0.839185110042055,0.105858920321439,0.0383829843855149,2.40438133868011,1.04176365138261,1.25054324774483,2.12231310990627,5.17656143995387,5.21868987896988,3.25598138564414,1.88649957414493,4.29397109972849,14.0271378881245,2.40438133868011
1,"cerana",128.9653695,37.0060873,23.3333333333333,191.633333333333,43.85,89.8333333333333,0.902905603792729,0.0848410567682191,0.0014695626928614,2.77703286572721,1.01257005310712,1.48512733284181,2.54081392274763,5.38769665431779,5.42084547770127,2.42843800906825,2.39787998897907,4.78423252596904,11.6440009025445,2.77703286572721
1,"cerana",128.8623667,36.9225591,23.3333333333333,191.633333333333,43.85,89.8333333333333,0.902905603792729,0.0848410567682191,0.0014695626928614,1.91931870392158,0.800364156168609,1.08692541790741,1.67406180857848,4.12352435878004,3.47368831994204,3.18993372486447,1.25974521907576,2.59378159231751,10.1242395788006,1.91931870392158
1,"cerana",128.3127372,37.5631941,23.7,167.7,38.2933333333333,76.1666666666667,0.902316789864021,0.0823118402718714,0.00135284758142417,2.3362978933997,0.903997772660778,1.32680440448787,2.10476627488456,4.7266698095024,3.94137778964877,1.71714929557491,1.80475795036546,3.59780320885482,8.78781206567737,2.3362978933997
1,"cerana",128.3127372,37.5631941,23.7,167.7,38.2933333333333,76.1666666666667,0.902316789864021,0.0823118402718714,0.00135284758142417,2.31744841208782,0.851529445303043,1.28807176212806,2.12346560517984,4.415219720498,3.88609858407297,1.739234444391,1.84129242706426,3.48013614098367,8.54772369703932,2.31744841208782
4,"cerana",128.726245,37.2534286,23.7,167.7,38.2933333333333,76.1666666666667,0.931653207194632,0.0525949640526858,0.00186180131677578,4.50797486619635,1.7838621283954,2.07779173855128,4.19652356038126,8.80128527355319,6.65109436321889,3.26111582437466,2.73713231318384,5.92511791878716,14.6234799889394,4.50797486619635
5,"cerana",128.1786506,38.1681838,23.2666666666667,214.4,48.8966666666667,96.6666666666667,0.930131097921056,0.0568464536542893,0.0060162766872025,4.62492360024561,1.54522325533149,2.40742883192799,4.34533550218052,8.38789538807036,5.36309034445268,1.62205562528691,3.04493444087097,5.08358851804186,9.30634941003388,4.62492360024561
18,"cerana",127.590711,35.6990304,23.8333333333333,198.533333333333,45.8733333333333,109.333333333333,0.758564909701308,0.219643819002869,0.0057048582762791,16.8975987123334,4.0333633508753,9.90746075860931,16.599768486008,25.7322576724106,13.0826370499895,7.17654049012792,4.58537935500685,11.146437063293,31.8183994207315,16.8975987123334
4,"cerana",128.2378592,37.7356068,25.4666666666667,247.533333333333,56.5466666666667,71.1666666666667,0.901575005943419,0.0874544337903162,0.00208762580236152,4.02427903011234,1.4764758660771,1.98030621536398,3.76038936204398,7.50280713435623,5.22286193799321,2.30712620706697,2.42216381380884,4.72369287824855,11.96702563635,4.02427903011234
1,"cerana",127.3881185,35.2202574,25.8,231.266666666667,53.5433333333333,110.2,0.836245949392742,0.135410546829421,0.0109763012607803,1.82593680136713,0.770323397608501,1.08465276257333,1.60147478663752,3.95318728540376,2.84747221664608,1.78926511694763,1.22256751281942,2.25134153664753,8.25932144435177,1.82593680136713
27,"cerana",128.4052788,37.3728454,23.7,167.7,38.2933333333333,76.1666666666667,0.902316789864021,0.0823118402718714,0.00135284758142417,23.2999856103983,4.72123070992194,14.7423577787807,22.9809445726569,33.1190896162555,12.1028136416206,4.05676789698177,6.12142146272407,11.5104458354528,21.5450895370476,23.2999856103983
5,"cerana",128.8218722,37.2220583,21.9666666666667,170.8,39.06,58.3,0.931653207194632,0.0525949640526858,0.00186180131677578,4.97193686687397,2.00334923836378,2.22432198697149,4.60506467182261,10.0525262303915,6.24457343066713,3.49713800788069,2.39227339319022,5.22010274493967,15.9572696627758,4.97193686687397
15,"cerana",128.8729253,37.2597658,21.9666666666667,170.8,39.06,58.3,0.931653207194632,0.0525949640526858,0.00186180131677578,13.7622034890339,3.80818603545939,7.17960069617917,13.4175551510322,22.033894079674,11.5662816171476,6.66742881578515,4.38312729510872,9.84591835881213,28.6525919214501,13.7622034890339
1,"cerana",127.1659258,34.7026119,25.8666666666667,240.5,55.7966666666667,76.8333333333333,0.71813663538441,0.227932897463312,0.0186801437641166,2.54761058863561,0.836505995032781,1.49388274295812,2.37284337603561,4.88035838783847,4.29523619266748,1.49985169366219,2.19635244777216,4.0087064616125,8.00394781917276,2.54761058863561
1,"cerana",127.1659258,34.7026119,25.8666666666667,240.5,55.7966666666667,76.8333333333333,0.71813663538441,0.227932897463312,0.0186801437641166,2.48455443037496,0.792232791729098,1.45586352522411,2.3318267267889,4.5021234248015,4.16600420727905,1.38697778440112,2.21506141086577,3.90908872455799,7.22981043371438,2.48455443037496
1,"cerana",127.4680798,34.4608019,25.0666666666667,217.966666666667,50.5966666666667,90.4666666666667,0.592110581994932,0.326759366068426,0.0361201214228515,1.71362631223515,0.792038651115556,1.03031026395747,1.44715883823204,3.77851302739789,2.65610664736287,2.23518310544695,1.08836737626652,1.93885254545208,8.30478424250836,1.71362631223515
3,"cerana",126.5409272,35.1749839,25.8333333333333,256.766666666667,59.4933333333333,83.3333333333333,0.525523757391482,0.411945049460545,0.0141792263409316,3.06338786347349,1.32162415561564,1.39608250715065,2.75250964889067,6.28294875624743,3.99423360988917,2.35774746807348,1.60379387149713,3.34413933644341,9.6162615424847,3.06338786347349
1,"cerana",127.1659258,34.7026119,25.8666666666667,240.5,55.7966666666667,76.8333333333333,0.71813663538441,0.227932897463312,0.0186801437641166,2.58908646096976,0.894636317016673,1.45487790065131,2.37130088354058,4.92020654283748,4.2668631963859,1.45489351628456,2.21109816149459,4.02273417765133,7.85454876673863,2.58908646096976
1,"cerana",127.1659258,34.7026119,25.8666666666667,240.5,55.7966666666667,76.8333333333333,0.71813663538441,0.227932897463312,0.0186801437641166,2.52646107701979,0.841365717458082,1.47054499267428,2.33944355611581,4.76138301434761,4.19256104307611,1.42359915540081,2.24465116107415,3.93767177142287,7.81007405016527,2.52646107701979
1,"cerana",128.7821778,37.6544392,19.8666666666667,229.933333333333,55.74,61.0666666666667,0.866171658022997,0.0913344440255143,0.00559257383500268,1.75055245655456,0.787719420395069,1.04197135596962,1.48840025031704,4.10138480449817,3.09377327442757,3.25575304882261,1.10704954745475,2.06743645858126,12.2122885712977,1.75055245655456
1,"cerana",126.9116461,37.7267059,26.5666666666667,232.533333333333,53.78,83.8333333333333,0.571906243426079,0.212923083736534,0.0347601279907882,2.11955292569187,0.930581976704382,1.15294003898025,1.85341872709072,4.5884387928463,4.10690136781619,2.81721818499148,1.44396375684707,3.27332554335835,11.7408098719063,2.11955292569187
3,"cerana",127.5850392,37.5306149,26,213.066666666667,48.7033333333333,96.1666666666667,0.804742799828056,0.165599860806911,0.0171248439195136,4.13965116874242,1.5010855108722,1.96870744441334,3.9317964698117,7.72671379926474,6.49467765165795,2.71186539686563,2.91577447154115,5.98584074532978,12.7412699370711,4.13965116874242
1,"cerana",127.1659258,34.7026119,25.8666666666667,240.5,55.7966666666667,76.8333333333333,0.71813663538441,0.227932897463312,0.0186801437641166,2.5520272818251,0.807419687865831,1.44821151130386,2.38221204721302,4.5256936044577,4.2491605933323,1.33469050764613,2.30869286961918,4.01376538383616,7.32171152050503,2.5520272818251
1,"cerana",128.1965588,37.9529831,23.2666666666667,214.4,48.8966666666667,96.6666666666667,0.930131097921056,0.0568464536542893,0.0060162766872025,2.09516775615869,0.868379129721186,1.14931501000065,1.8831461513108,4.25530260090613,3.65847971395474,2.48332111132268,1.4614900109026,3.01844152997599,9.69096717372317,2.09516775615869
3,"cerana",129.0698695,37.245738,21.9666666666667,170.8,39.06,58.3,0.945179559798647,0.029017777740776,0.00477953224916538,3.66800383411699,1.5245589335558,1.64514146447721,3.36488291016182,7.37428625892225,7.2949846479562,5.36253325245489,2.19070424182271,5.7470039808592,22.3761458479516,3.66800383411699
4,"cerana",128.1617215,38.0087006,23.2666666666667,214.4,48.8966666666667,96.6666666666667,0.930131097921056,0.0568464536542893,0.0060162766872025,3.81452249820972,1.54911293714849,1.7394398427891,3.57429075867816,7.31460002492616,4.81493691486528,2.6230449153472,1.91233059428529,4.07580698881294,12.1043876213821,3.81452249820972
2,"cerana",127.4947634,37.5893415,26,213.066666666667,48.7033333333333,96.1666666666667,0.891529171045338,0.0757725901970562,0.0154913992556081,2.63185860020543,1.08576178070464,1.31357810065439,2.39580486541665,5.49476836407163,3.82915714001431,1.84917103499923,1.77372035492589,3.33863964804244,8.81721584766585,2.63185860020543
1,"cerana",127.4947634,37.5893415,26,213.066666666667,48.7033333333333,96.1666666666667,0.891529171045338,0.0757725901970562,0.0154913992556081,2.15557744114966,0.812381425357751,1.21896051300734,1.94966812985557,4.42830575070231,3.49843983758463,1.75656347344198,1.59572902627635,3.07896154610457,7.77951040355245,2.15557744114966
10,"cerana",127.5286119,37.763285,25.7,243.233333333333,55.51,112.366666666667,0.891529171045338,0.0757725901970562,0.0154913992556081,9.32472551161994,3.09291667314167,4.37771747017811,8.99168624917862,16.4452137281838,8.7503362603341,5.47355774800457,3.10880372906779,7.27066287974716,23.1009523749428,9.32472551161994
1,"cerana",128.8900474,36.4837622,23.9333333333333,196.766666666667,45.2466666666667,57.5,0.839185110042055,0.105858920321439,0.0383829843855149,1.96042040570315,0.917444959918514,1.06774928645023,1.66872455784325,4.53769024393056,4.19274088183854,4.73819833496059,1.1985552112809,2.74222803939451,16.1261319147049,1.96042040570315
1,"cerana",128.9653695,37.0060873,23.3333333333333,191.633333333333,43.85,89.8333333333333,0.902905603792729,0.0848410567682191,0.0014695626928614,2.80480182580572,1.00824637930245,1.45598752132696,2.54231594182467,5.31130809622946,5.33035266155603,2.35671127942906,2.37724297181559,4.83442012791417,11.0089012084203,2.80480182580572
1,"cerana",128.9653695,37.0060873,23.3333333333333,191.633333333333,43.85,89.8333333333333,0.902905603792729,0.0848410567682191,0.0014695626928614,2.78772386610614,1.04436018668989,1.44407433592418,2.52793954561343,5.28656627029758,5.42303262044678,2.3942072903176,2.37716031224233,4.85994282700675,11.7785694350557,2.78772386610614
2,"cerana",127.6731019,36.6648281,25.0333333333333,211.5,48.6133333333333,82.6666666666667,0.536713081762645,0.21901499264045,0.00962603066262,2.40437795781979,1.21498322775392,1.13054010368184,2.05309866666764,5.47835551990281,3.53664337548074,3.40825165278515,1.23896290787947,2.55049110525528,11.2997257775345,2.40437795781979
5,"cerana",127.9320017,36.9635809,25.8333333333333,222.4,50.9333333333333,91.4,0.734773509211059,0.192849047033986,0.0346030391641658,5.33299725437185,1.98343147147464,2.40324174640009,4.99538327670369,9.8136071311119,7.46063103880055,3.55714495316212,3.15792837816812,6.81086753616757,15.3898479470045,5.33299725437185
3,"cerana",129.1732717,35.3338895,26.2666666666667,194.3,44.9566666666667,97.8333333333333,0.766660946871272,0.133169093494141,0.014495595757546,3.28707557148156,1.47859241339023,1.40682346783425,2.94947346937853,7.21072002819528,4.88937035838594,3.8245001467244,1.54333614004994,3.69883541261572,16.7545616435414,3.28707557148156
1,"cerana",127.0514942,34.7015684,25.5666666666667,180,41.94,120.333333333333,0.71813663538441,0.227932897463312,0.0186801437641166,2.21549699646636,0.843168768354977,1.22808449121848,1.99475556573855,4.48017136777256,3.62238236024333,1.69009648533539,1.65556677721206,3.21805102944206,8.12419585471153,2.21549699646636
3,"cerana",128.6013888,37.50515,23.7,167.7,38.2933333333333,76.1666666666667,0.931653207194632,0.0525949640526858,0.00186180131677578,3.20956902697486,1.52524674012331,1.3585560418263,2.88977511108273,7.08015216895565,5.02282214944999,4.88271026573067,1.44361515676875,3.47374322328148,16.5716735679009,3.20956902697486
1,"cerana",128.2265769,37.6011843,25.4666666666667,247.533333333333,56.5466666666667,71.1666666666667,0.843847865408681,0.136740342739874,0.00575395442983913,2.20018436476625,0.849310251934135,1.21976575682485,1.98747097837231,4.54475951657246,3.8796148526694,2.51426214900191,1.52220281495437,3.21277086507319,10.0739057969007,2.20018436476625
110,"cerana",129.3873596,36.3645223,24.6666666666667,222.133333333333,51.0033333333333,39.3333333333333,0.882035010967247,0.084791321496166,0.00643115059239981,109.496934198284,10.4834719930361,90.6050693233219,109.236642187966,131.634311437752,124.242316318924,94.7250167702712,35.5815201432455,97.9894693134165,359.703165739143,109.496934198284
2,"cerana",128.8718084,37.4431918,23.7,167.7,38.2933333333333,76.1666666666667,0.931653207194632,0.0525949640526858,0.00186180131677578,2.87021826168022,1.40004127524926,1.32086884444894,2.50626703116329,6.37592741655887,6.74474311160881,5.677076115146,1.66420563857683,4.90909846866568,22.7688405295534,2.87021826168022
2,"cerana",128.9653695,37.0060873,23.3333333333333,191.633333333333,43.85,89.8333333333333,0.902905603792729,0.0848410567682191,0.0014695626928614,3.23454340285468,1.20415448945628,1.63149654261454,2.99094561037214,6.103460506822,5.67135931907403,2.29210823732731,2.54019196234908,5.2935210052206,11.4026266644556,3.23454340285468
2,"cerana",128.85124,36.9786453,23.3333333333333,191.633333333333,43.85,89.8333333333333,0.902905603792729,0.0848410567682191,0.0014695626928614,3.65324398982335,1.16542017809751,2.03468319103316,3.43314636778129,6.50410745586443,5.63627010629687,1.78099600912375,3.13980640239155,5.2779869263759,10.051867927619,3.65324398982335
2,"cerana",128.4052788,37.3728454,23.7,167.7,38.2933333333333,76.1666666666667,0.902316789864021,0.0823118402718714,0.00135284758142417,3.61410936362099,1.32882341777562,1.83040308438661,3.34987644361994,7.0080161769096,6.30417396641736,2.75411541880104,2.88418033639047,5.75908477470851,13.2842988784679,3.61410936362099
1,"cerana",128.3700029,37.6361022,19.8666666666667,229.933333333333,55.74,61.0666666666667,0.902316789864021,0.0823118402718714,0.00135284758142417,2.21246433446553,0.690459570556016,1.36750474365691,2.05510540381405,3.93524808354974,3.24412419173989,1.03329425325132,1.83316765020465,3.05623832813055,5.94759446295539,2.21246433446553
1,"cerana",128.0775996,37.6110372,25.4666666666667,247.533333333333,56.5466666666667,71.1666666666667,0.843847865408681,0.136740342739874,0.00575395442983913,1.86576258862077,0.838503841264848,1.05213124242765,1.59809552425001,4.11330882891638,3.74517284949339,4.37633987286254,1.17298268524137,2.43256114304867,12.6006780302078,1.86576258862077
2,"cerana",128.1159262,37.3675393,25.8333333333333,226.433333333333,51.78,93,0.843847865408681,0.136740342739874,0.00575395442983913,2.78670086433296,0.943849336772865,1.53992210998441,2.60053568685589,5.07787272452397,4.02145477968876,1.46027402407043,2.16284918505607,3.67480353638609,7.85097643509739,2.78670086433296
1,"cerana",127.5376046,37.6192937,26,213.066666666667,48.7033333333333,96.1666666666667,0.891529171045338,0.0757725901970562,0.0154913992556081,2.51881053833135,0.950996593650439,1.41499392590106,2.25591085308804,5.1365367930108,4.26753094988123,1.79811514703418,2.03224899026476,3.83885965511229,9.1445361744157,2.51881053833135
6,"cerana",128.5594295,37.6622733,19.8666666666667,229.933333333333,55.74,61.0666666666667,0.902316789864021,0.0823118402718714,0.00135284758142417,5.87753971530026,2.23222401151194,2.42632526064113,5.6255280043051,11.2531801352911,7.92196548204081,7.13070935492163,2.29118763534866,5.88447531722976,24.7284546290828,5.87753971530026
4,"cerana",127.654413,37.4515774,26,213.066666666667,48.7033333333333,96.1666666666667,0.804742799828056,0.165599860806911,0.0171248439195136,4.39295383704407,1.76455540096802,1.91874187082809,4.08293342816333,8.54404856418996,6.18976884471673,3.39650726292303,2.37880064143251,5.36178368283173,14.4048123556864,4.39295383704407
12,"cerana",128.4610259,38.0834935,23.9666666666667,201.133333333333,45.8,99.3333333333333,0.887557825683459,0.0860502844350617,0.00529623043844797,11.3969319608245,3.23103111547461,6.02216559813734,10.979802172416,18.4368487143642,11.6414025638847,6.46871051961437,4.2299126403179,10.0180019255561,28.2976234354579,11.3969319608245
2,"cerana",127.9151229,37.6784735,25.4666666666667,247.533333333333,56.5466666666667,71.1666666666667,0.901575005943419,0.0874544337903162,0.00208762580236152,2.86525358660498,1.22310388162862,1.38821947744877,2.54206819482483,5.89865435109429,4.67558421855116,2.54594235438337,1.84513144774925,4.01111507313856,11.3231567801586,2.86525358660498
2,"cerana",128.9007835,36.3735292,23.9333333333333,196.766666666667,45.2466666666667,57.5,0.839185110042055,0.105858920321439,0.0383829843855149,3.07280648782122,1.29028028561464,1.45064721793513,2.77801390147125,6.46594041171819,5.83793233789095,3.54765978208056,1.98496367187534,4.96946568632083,15.1679535554727,3.07280648782122
1,"cerana",128.555425,36.5211412,25.8333333333333,246.966666666667,56.7666666666667,68.5,0.839185110042055,0.105858920321439,0.0383829843855149,2.05655116085507,0.909475013909708,1.10550555223349,1.772305898933,4.54477576095296,4.08267064106837,3.25191900802196,1.30152755884979,3.0081717343738,13.182631441598,2.05655116085507
1,"cerana",127.1445908,34.7040567,25.8666666666667,240.5,55.7966666666667,76.8333333333333,0.71813663538441,0.227932897463312,0.0186801437641166,2.55160412954344,0.879928711729389,1.49047379952376,2.35253732149766,4.62692483561537,4.18517195262283,1.35724196819889,2.28579114452061,3.91167500508707,7.41044232352508,2.55160412954344
1,"cerana",127.1445908,34.7040567,25.8666666666667,240.5,55.7966666666667,76.8333333333333,0.71813663538441,0.227932897463312,0.0186801437641166,2.55762147537201,0.814740226245277,1.48729143122345,2.39531343641243,4.61658781978379,4.24786598774119,1.41348877050223,2.23948970058378,4.08257000985029,7.39982579860617,2.55762147537201
3,"cerana",128.1335981,38.1453645,23.2666666666667,214.4,48.8966666666667,96.6666666666667,0.930131097921056,0.0568464536542893,0.0060162766872025,3.70806306041102,1.30644663097344,1.97274709125357,3.47222063804749,6.87227712419522,5.20637734870945,1.77425610939172,2.73516259217647,4.87253520555621,9.40662142695739,3.70806306041102
2,"cerana",128.3700029,37.6361022,19.8666666666667,229.933333333333,55.74,61.0666666666667,0.902316789864021,0.0823118402718714,0.00135284758142417,2.50280867922337,0.81257569649293,1.42654815549304,2.31755430288617,4.4119448087935,3.42985493323292,1.12031843085973,1.97865123787908,3.17818876515566,6.19281159576035,2.50280867922337
1,"cerana",127.0127779,35.0160601,26.7666666666667,222.733333333333,51.6733333333333,77.7666666666667,0.845966823799443,0.121671978089808,0.0142539698506248,2.26979429886313,0.897875713469356,1.24375936967285,2.06450953061627,4.71181773057148,3.97321563937306,2.0774897308667,1.678903206224,3.47895354830687,9.63874785427163,2.26979429886313
1,"cerana",127.1445908,34.7040567,25.8666666666667,240.5,55.7966666666667,76.8333333333333,0.71813663538441,0.227932897463312,0.0186801437641166,2.52505488867841,0.807788224680058,1.48185407165234,2.36348293731674,4.46388858246386,4.22485582810505,1.42297280851896,2.23993096288965,3.95720633448345,7.20448246963287,2.52505488867841
4,"cerana",127.5817911,37.5558764,26,213.066666666667,48.7033333333333,96.1666666666667,0.804742799828056,0.165599860806911,0.0171248439195136,4.52397286185328,1.68631208708671,2.18808042776891,4.21410624713178,8.62535231993802,6.10093166313137,2.23371587034493,2.88774594212034,5.73786419663221,11.8242863713323,4.52397286185328
10,"cerana",127.5850392,37.5306149,26,213.066666666667,48.7033333333333,96.1666666666667,0.804742799828056,0.165599860806911,0.0171248439195136,8.94215314659879,2.68779708641126,4.54616044025062,8.60720211048084,14.6676424853793,8.46640604867362,3.23220621885187,4.1285036645994,7.91351282293392,16.0896503544108,8.94215314659879
8,"cerana",127.5850392,37.5306149,26,213.066666666667,48.7033333333333,96.1666666666667,0.804742799828056,0.165599860806911,0.0171248439195136,7.50645985175237,2.31805411264424,3.66083241407128,7.32940844979956,12.825059551254,7.83407883759377,3.30199083203439,3.56320919349925,7.12081754028685,15.2738216257582,7.50645985175237
1,"cerana",126.8357079,34.4668234,25.5666666666667,219.033333333333,50.9133333333333,79.4333333333333,0.65123791529006,0.297094291660766,0.0207660715662214,1.71322376368222,0.822875969700535,1.03973266603894,1.44402376393461,3.97844908325258,2.34151293371192,2.13831056676372,1.08043463538282,1.80304540158526,6.85515894836404,1.71322376368222
9,"cerana",127.7440552,37.7120915,25.4666666666667,247.533333333333,56.5466666666667,71.1666666666667,0.901575005943419,0.0874544337903162,0.00208762580236152,8.3216364921278,2.6348521109819,3.91410815587157,7.99153256135586,13.9998047114198,7.8147015396413,3.54742640799452,3.34706402409639,6.98418246359969,17.003849419898,8.3216364921278
1,"cerana",128.9132417,36.630742,25.8333333333333,246.966666666667,56.7666666666667,68.5,0.839185110042055,0.105858920321439,0.0383829843855149,2.69876592534587,1.16096641456151,1.32948636115096,2.42640812897823,5.56225673929364,7.28664574713338,5.42643715242679,2.15683693457521,5.92294310134707,20.8184036103215,2.69876592534587
31,"cerana",128.7275235,37.5307719,19.8666666666667,229.933333333333,55.74,61.0666666666667,0.931653207194632,0.0525949640526858,0.00186180131677578,29.6251779971389,5.30341642479238,19.987127516431,29.4175518763814,40.4397688033849,21.4093480643064,10.3121374195676,8.20190845627706,19.0639539622116,47.9893269737262,29.6251779971389
5,"cerana",128.7909086,37.0565536,23.3333333333333,191.633333333333,43.85,89.8333333333333,0.902905603792729,0.0848410567682191,0.0014695626928614,4.81368381439449,1.80661749610883,2.27838383062684,4.48546246053966,9.09288992574695,6.11990249992291,2.69180320311418,2.63204362660553,5.54437060293687,12.912733985232,4.81368381439449
8,"cerana",128.7192854,36.5789495,25.8333333333333,246.966666666667,56.7666666666667,68.5,0.839185110042055,0.105858920321439,0.0383829843855149,7.37800327571872,2.53233590093629,3.26484063420652,7.08417303411597,13.0455098769838,7.19699848888461,4.27878672398374,2.39510163873993,6.11265942909462,18.5904799602426,7.37800327571872
1,"cerana",127.0514942,34.7015684,25.5666666666667,180,41.94,120.333333333333,0.71813663538441,0.227932897463312,0.0186801437641166,2.01464728238492,0.815418556185507,1.17762274173379,1.77687718656264,4.32571320768281,3.16215906780199,1.83322805962725,1.4724576803261,2.7009805954572,7.00164414977332,2.01464728238492
1,"cerana",126.8818047,35.0117982,26.7666666666667,222.733333333333,51.6733333333333,77.7666666666667,0.845966823799443,0.121671978089808,0.0142539698506248,2.47460049535077,1.10857778935687,1.22348641623011,2.14350615152572,5.27959791733723,8.80239714561392,7.88583448793528,1.95671339926604,6.16900132876899,29.7341930353214,2.47460049535077
1,"cerana",127.1659258,34.7026119,25.8666666666667,240.5,55.7966666666667,76.8333333333333,0.71813663538441,0.227932897463312,0.0186801437641166,2.54123006638263,0.825642635942436,1.48103768681822,2.33248047351407,4.68284277733552,4.25490885063677,1.47672123402789,2.26069173447521,3.97576628940593,7.78410577869185,2.54123006638263
1,"cerana",127.1659258,34.7026119,25.8666666666667,240.5,55.7966666666667,76.8333333333333,0.71813663538441,0.227932897463312,0.0186801437641166,2.5511715198398,0.833920985136741,1.47595784704062,2.38119351597683,4.56727567030836,4.29855175132061,1.43432907727175,2.29618549686793,4.00582400564495,7.79924561188813,2.5511715198398
1,"cerana",127.1659258,34.7026119,25.8666666666667,240.5,55.7966666666667,76.8333333333333,0.71813663538441,0.227932897463312,0.0186801437641166,2.53409687498835,0.840217256250653,1.44748041333783,2.33824544099519,4.55987264218709,4.17232602282949,1.35356719862894,2.25446010206572,3.92350533593017,7.44771021994009,2.53409687498835
2,"cerana",128.8706731,37.1922511,21.9666666666667,170.8,39.06,58.3,0.931653207194632,0.0525949640526858,0.00186180131677578,2.79464928904245,1.22062209206882,1.31408589645612,2.5059705148112,5.73374267563971,5.07715120305848,3.77542673250988,1.7145531075574,3.95995627062841,15.2076167180497,2.79464928904245
1,"cerana",127.355345,37.2764225,25.4333333333333,242.2,55.4766666666667,111.866666666667,0.389982445874781,0.525272088940901,0.00220986931929003,1.78786839092385,0.769633163739913,1.06530525320295,1.54044675227052,4.01739916662443,2.60934228661329,1.86549561792106,1.16668573907982,2.04253850231567,7.16580634261533,1.78786839092385
1,"cerana",128.1159262,37.3675393,25.8333333333333,226.433333333333,51.78,93,0.843847865408681,0.136740342739874,0.00575395442983913,2.40388757340475,0.803131127874833,1.36877484531433,2.2084314223959,4.54539563279672,3.86744399314925,1.34133422876829,2.02061278243907,3.63408397786308,7.28037386982286,2.40388757340475
38,"cerana",127.1401714,35.7397064,26.5,229.4,52.94,94.0666666666667,0.791904881813902,0.163174547564567,0.0137444027195393,36.5251964709446,5.77630235690573,26.000390534893,36.3092205562389,49.2752550306156,28.8807830510172,13.389434061115,11.5887400721136,25.9705060401083,63.442094480521,36.5251964709446
5,"cerana",127.8955118,37.8303719,25.7,243.233333333333,55.51,112.366666666667,0.901575005943419,0.0874544337903162,0.00208762580236152,5.20740463018592,1.98870372590099,2.42485064429994,4.85472423905628,10.0086519938641,6.64510171194289,2.70363550378907,3.03858864080128,6.10447717738146,13.300593076891,5.20740463018592
1,"cerana",128.9381286,36.9448146,23.3333333333333,191.633333333333,43.85,89.8333333333333,0.902905603792729,0.0848410567682191,0.0014695626928614,2.58459414514002,1.0848115084856,1.33532773142501,2.30041807909235,5.34845212317412,5.91740572310009,3.67474351654195,1.98798049719709,4.88883633002928,15.8983839180507,2.58459414514002
2,"cerana",128.9007835,36.3735292,23.9333333333333,196.766666666667,45.2466666666667,57.5,0.839185110042055,0.105858920321439,0.0383829843855149,3.16774244555652,1.38595690095768,1.45573155508816,2.8583429529215,6.60924725091334,5.88732207751336,3.68871651452636,1.98642778855936,4.82053116023126,15.5617425834527,3.16774244555652
4,"cerana",128.8162766,37.017043,23.3333333333333,191.633333333333,43.85,89.8333333333333,0.902905603792729,0.0848410567682191,0.0014695626928614,4.47509424634448,1.48248677746019,2.39734827874493,4.15815136053513,7.98334290496894,5.87155188319453,1.91871945113595,3.11953259063242,5.53904260692321,10.4751136285842,4.47509424634448
5,"cerana",127.1194183,37.3437715,26.1666666666667,239.733333333333,54.9566666666667,108.666666666667,0.549285244718287,0.060402944095696,0.00980935562458913,5.01151311547011,1.9849791866011,2.18957273408245,4.66140736383236,9.83615131264055,7.53974567638728,6.80570704374938,2.07091584470562,5.5334692222359,24.2823380848035,5.01151311547011
2,"cerana",126.5409272,35.1749839,25.8333333333333,256.766666666667,59.4933333333333,83.3333333333333,0.525523757391482,0.411945049460545,0.0141792263409316,2.38621394883337,1.04311035596053,1.19598799747406,2.13947591731439,5.31984518487307,3.81219250754513,2.32486203722128,1.46502137520397,3.12335203614662,10.8485567651181,2.38621394883337
1,"cerana",127.1659258,34.7026119,25.8666666666667,240.5,55.7966666666667,76.8333333333333,0.71813663538441,0.227932897463312,0.0186801437641166,2.51459001128099,0.779903113331698,1.45207320166482,2.33193379277273,4.58975689005328,4.21414653806887,1.38335911770255,2.22351027528071,3.98540369725458,7.45332149220356,2.51459001128099
20,"cerana",129.4294626,36.4518737,24.6666666666667,222.133333333333,51.0033333333333,39.3333333333333,0.882035010967247,0.084791321496166,0.00643115059239981,20.4589863364791,4.41688311294613,13.1213601163526,20.2521098012429,29.9365578464424,27.2151663149439,15.9130205896954,8.44625403154802,23.8139548747961,69.8967987047169,20.4589863364791
2,"cerana",128.0156889,37.7770615,25.4666666666667,247.533333333333,56.5466666666667,71.1666666666667,0.901575005943419,0.0874544337903162,0.00208762580236152,3.02572529216891,1.24190055009827,1.37013234201015,2.78989778571456,5.89824775900857,5.21040465828764,2.77651362593178,2.00998289780243,4.42986129166947,12.0038222009281,3.02572529216891
2,"cerana",128.2265769,37.6011843,25.4666666666667,247.533333333333,56.5466666666667,71.1666666666667,0.843847865408681,0.136740342739874,0.00575395442983913,2.77042535242272,1.22629701600707,1.3456041869552,2.45750689036181,5.9456883225386,4.2124748674464,2.44411338140618,1.72643686008283,3.54672690595275,10.807286170571,2.77042535242272
29,"cerana",128.8286576,36.7047911,25.8333333333333,246.966666666667,56.7666666666667,68.5,0.839185110042055,0.105858920321439,0.0383829843855149,27.7179107201565,5.03688505777515,18.9903310073741,27.3390524949691,38.962525485632,20.5252981729824,10.239733961867,8.03726122772767,17.9487408482875,48.5312547681128,27.7179107201565
4,"cerana",128.8887244,36.8744093,23.3333333333333,191.633333333333,43.85,89.8333333333333,0.902905603792729,0.0848410567682191,0.0014695626928614,4.26774108103078,1.76746923195131,1.83026747723793,3.90766133684916,8.59818695825884,6.12689906234501,3.63564797051327,2.2442581664121,5.11744687080402,16.610206773884,4.26774108103078
5,"cerana",128.7045904,36.6932767,25.8333333333333,246.966666666667,56.7666666666667,68.5,0.839185110042055,0.105858920321439,0.0383829843855149,5.1304828771293,2.14780906398847,2.14613173335857,4.718417841754,10.2708766785206,8.11024485304823,8.53224240753978,1.97302198836299,5.6114564810723,27.7979554950101,5.1304828771293
1,"cerana",126.8366131,34.5278304,25.9,232.066666666667,53.89,147.833333333333,0.65123791529006,0.297094291660766,0.0207660715662214,1.70492962376483,0.791941468342606,1.04212012793914,1.4208428860329,3.86007391868399,2.41610719163148,2.24287387690903,1.0772761486598,1.78206159697927,7.34076372895849,1.70492962376483
7,"cerana",128.7708492,36.9694817,23.3333333333333,191.633333333333,43.85,89.8333333333333,0.902905603792729,0.0848410567682191,0.0014695626928614,6.88552170347181,2.31704500148479,3.29081494083153,6.52733447003413,12.1183128527847,8.33061609647371,4.70505852474145,3.00267110098809,7.22006860543629,21.0835750081472,6.88552170347181
1,"cerana",127.1870253,34.7128412,25.8666666666667,240.5,55.7966666666667,76.8333333333333,0.71813663538441,0.227932897463312,0.0186801437641166,2.54897145059448,0.86646514473991,1.48076756797475,2.35724005992898,4.91811440899581,4.20796449240097,1.38184117871097,2.22993400498623,3.94148122785875,7.62508682705777,2.54897145059448
2,"cerana",128.1965588,37.9529831,23.2666666666667,214.4,48.8966666666667,96.6666666666667,0.930131097921056,0.0568464536542893,0.0060162766872025,2.65481089781841,1.16905195820606,1.29595799597863,2.37231561225594,5.82799522639,4.01459690912578,2.39746283708073,1.54076363599042,3.35033705501799,10.4005047880235,2.65481089781841
3,"cerana",127.5817911,37.5558764,26,213.066666666667,48.7033333333333,96.1666666666667,0.804742799828056,0.165599860806911,0.0171248439195136,3.91381332071813,1.42984821737315,1.97357252685526,3.61232573462095,7.55751471469897,5.94715847084091,2.45983879199418,2.77716865875597,5.45142963459508,11.7495241647854,3.91381332071813
7,"cerana",127.9284691,36.0302856,24.6,222.366666666667,51.21,88.4333333333333,0.821561873876389,0.138078964394344,0.00597141274515857,6.59408519995385,2.34583519614617,2.94450354364866,6.27710536164585,12.0626363067928,7.08975074071984,3.8626047742463,2.83113832208832,6.17714487091707,16.7372584430051,6.59408519995385
1,"cerana",127.0514942,34.7015684,25.5666666666667,180,41.94,120.333333333333,0.71813663538441,0.227932897463312,0.0186801437641166,2.00749802233482,0.741057249217847,1.20434676617215,1.79847087368374,4.01530534037173,3.09221923388314,1.35405737431931,1.47327380480016,2.78013120944154,6.49246713438335,2.00749802233482
10,"cerana",128.7080385,37.5019304,23.7,167.7,38.2933333333333,76.1666666666667,0.931653207194632,0.0525949640526858,0.00186180131677578,10.0200826609847,3.07941657922808,4.89424622448782,9.70559601794695,16.973345440354,14.6685828631474,10.1748353254412,4.40848751162709,11.7703846061943,43.1300873442666,10.0200826609847
3,"cerana",127.6204995,37.753529,25.7,243.233333333333,55.51,112.366666666667,0.833499675250017,0.0921676758793463,0.0446154032345905,3.39181035975594,1.55671696289494,1.49823140523852,3.0532184347247,7.32882752773425,5.21296090878052,4.21607625539244,1.62803383033023,4.04820750119621,16.8136730996896,3.39181035975594
1,"cerana",127.5286119,37.763285,25.7,243.233333333333,55.51,112.366666666667,0.891529171045338,0.0757725901970562,0.0154913992556081,2.08847817912167,0.816714536906191,1.15863267170951,1.85805282332851,4.24568490043114,3.81686950673082,2.79569347908475,1.43353249907669,2.90731538455859,11.5860875317535,2.08847817912167
10,"cerana",128.1511451,37.6139354,25.4666666666667,247.533333333333,56.5466666666667,71.1666666666667,0.843847865408681,0.136740342739874,0.00575395442983913,9.59490623776668,3.00600503728846,4.4745791316966,9.31074427555174,16.061366256304,10.2646049660119,7.17999312548903,3.30878955965603,8.42384792969722,29.0409985529414,9.59490623776668
1,"cerana",128.1335981,38.1453645,23.2666666666667,214.4,48.8966666666667,96.6666666666667,0.930131097921056,0.0568464536542893,0.0060162766872025,2.87434158078794,0.959535467593605,1.59554321539271,2.69011548488066,5.30386580291969,4.80693259339284,1.76404297908979,2.44059975355023,4.45878893582841,9.27334056549305,2.87434158078794
16,"cerana",127.596053,35.6030592,23.8333333333333,198.533333333333,45.8733333333333,109.333333333333,0.758564909701308,0.219643819002869,0.0057048582762791,15.9618387930642,4.11808474116154,9.19842934401461,15.592189665813,24.925438618571,22.9519542656292,19.7843166033936,5.48454236379609,17.1651347524352,71.0967368232367,15.9618387930642
2,"cerana",127.0514942,34.7015684,25.5666666666667,180,41.94,120.333333333333,0.71813663538441,0.227932897463312,0.0186801437641166,2.53852791000831,1.06985533296412,1.27129495399095,2.2818840754237,5.13975387735533,3.43270109131403,1.62869879751861,1.55788202910403,3.03671764670969,7.79561913775267,2.53852791000831
2,"cerana",128.1453026,37.4048732,25.8333333333333,226.433333333333,51.78,93,0.843847865408681,0.136740342739874,0.00575395442983913,2.85889532618888,0.945378629279914,1.63431728053805,2.66699725451712,5.14022678741364,4.3370795105902,1.4671259498883,2.37610166261427,4.06410838533484,8.27604434737455,2.85889532618888
3,"cerana",128.8162766,37.017043,23.3333333333333,191.633333333333,43.85,89.8333333333333,0.902905603792729,0.0848410567682191,0.0014695626928614,4.02382793286401,1.31908082235667,2.07872439416161,3.79312248606019,7.28372548275421,5.77087472353227,1.90155902297587,3.024695089675,5.49532964222719,10.1495361918715,4.02382793286401
15,"cerana",127.60997,36.6178391,26.9666666666667,248.6,57.0733333333333,85.3333333333333,0.536713081762645,0.21901499264045,0.00962603066262,14.8373651278376,3.94443510822309,7.85618727328543,14.6539945292683,23.2038885799742,18.5153303969833,17.5447760976736,4.96947068707816,14.1566865273782,56.0078266090275,14.8373651278376
1,"cerana",128.3758853,37.6118996,19.8666666666667,229.933333333333,55.74,61.0666666666667,0.902316789864021,0.0823118402718714,0.00135284758142417,2.08236665453252,0.807831437209085,1.2042779796979,1.8678000646431,3.98998268503478,3.11854133476043,1.39991185242329,1.52058719475452,2.79784643328567,6.50968967695939,2.08236665453252
2,"cerana",126.6155714,35.0987453,25.8333333333333,256.766666666667,59.4933333333333,83.3333333333333,0.525523757391482,0.411945049460545,0.0141792263409316,2.43419561144358,1.05630608389781,1.23292813559077,2.17466267052487,5.1003490544504,3.61856186033874,2.53487353964993,1.4205954850139,2.92658971398051,9.84101580664345,2.43419561144358
5,"cerana",127.5286119,37.763285,25.7,243.233333333333,55.51,112.366666666667,0.891529171045338,0.0757725901970562,0.0154913992556081,4.83917106745947,1.88617248333684,2.05050929052524,4.51491293729245,9.24017980393812,6.16848026697225,4.01292529971589,2.25611020012856,5.00446261742647,17.2353887388933,4.83917106745947
6,"cerana",127.6332539,37.5107169,26,213.066666666667,48.7033333333333,96.1666666666667,0.804742799828056,0.165599860806911,0.0171248439195136,6.42446150341285,2.15805636903718,3.01120061860597,6.1231144331904,11.3202453937663,8.34673974243084,3.93112297610726,3.39816522569204,7.4584084578955,18.2898336421913,6.42446150341285
5,"cerana",127.9284691,36.0302856,24.6,222.366666666667,51.21,88.4333333333333,0.821561873876389,0.138078964394344,0.00597141274515857,4.9485953123304,1.90110219204306,2.25880780619063,4.62317744478667,9.50969931227016,6.59617401271231,3.9469961142196,2.43181503194236,5.56984967104233,16.5987251006522,4.9485953123304
9,"cerana",127.1224079,36.8006931,25.1333333333333,229.266666666667,52.6266666666667,101.033333333333,0.356330079177359,0.489237541209669,0.00972137240755792,8.79243447550451,2.834868981485,4.04675282748121,8.54058479385219,15.2817309571961,11.455795712994,10.1270202132405,2.91142371727616,8.62634413326955,41.3047255466736,8.79243447550451
6,"cerana",127.9135629,37.7803639,25.4666666666667,247.533333333333,56.5466666666667,71.1666666666667,0.901575005943419,0.0874544337903162,0.00208762580236152,5.95185770648302,2.11782553197049,2.75688821898147,5.69674090855091,10.7329821532383,6.81899128742139,2.96966139155309,2.86960986101829,6.16460972173694,14.2030378097016,5.95185770648302
10,"cerana",127.9135629,37.7803639,25.4666666666667,247.533333333333,56.5466666666667,71.1666666666667,0.901575005943419,0.0874544337903162,0.00208762580236152,8.87719749566508,2.73858223472661,4.36003811359092,8.57752894918412,15.3667438240069,8.19610350467175,3.47454822112486,3.65976659051454,7.45371946442538,17.1636992422652,8.87719749566508
5,"cerana",127.9135629,37.7803639,25.4666666666667,247.533333333333,56.5466666666667,71.1666666666667,0.901575005943419,0.0874544337903162,0.00208762580236152,4.92096117529763,1.79161521880384,2.27105261700913,4.68989463716734,9.15078589906761,6.30659069447819,2.73245285672676,2.81407579096246,5.72092510755856,13.0431742880446,4.92096117529763
1,"cerana",128.4015336,37.6644484,19.8666666666667,229.933333333333,55.74,61.0666666666667,0.902316789864021,0.0823118402718714,0.00135284758142417,2.15652027685653,0.657706167565236,1.33359690737151,2.00867756112793,3.79765354597471,3.24431164830282,1.21836999292992,1.77667452311603,2.92232431056616,6.50105170239038,2.15652027685653
1,"cerana",127.0514942,34.7015684,25.5666666666667,180,41.94,120.333333333333,0.71813663538441,0.227932897463312,0.0186801437641166,2.05862066445023,0.774699397653683,1.19936592614841,1.85585005978856,4.19073807496308,3.12760893832865,1.53652755442184,1.47636267261946,2.74004319462349,7.28466349028099,2.05862066445023
4,"cerana",128.2324778,38.2264721,23.2666666666667,214.4,48.8966666666667,96.6666666666667,0.930131097921056,0.0568464536542893,0.0060162766872025,3.99863770762061,1.63413935278824,1.71386621857677,3.71676059391802,7.89737361880873,5.5652807632911,3.4183348116132,1.91831840991311,4.73212235252747,14.3403632222625,3.99863770762061
12,"cerana",128.7445776,37.2919744,23.7,167.7,38.2933333333333,76.1666666666667,0.931653207194632,0.0525949640526858,0.00186180131677578,10.9772340559024,2.99684713741804,5.62046205345958,10.7534202762482,17.3747110322926,9.5226718100946,4.7124348953566,3.75990153929393,8.57463227388735,22.0897740484187,10.9772340559024
13,"cerana",127.8166414,35.2714721,25.2666666666667,212.533333333333,49.75,120.333333333333,0.879513991113253,0.0966482028151595,0.00862303165605175,12.7181215245928,3.51403520118295,7.04121921589927,12.4381199045305,20.2625378600266,12.9146334433049,7.89044693001077,4.61832907480394,10.7676706174188,33.8337487639431,12.7181215245928
2,"cerana",128.1012695,37.539564,25.4666666666667,247.533333333333,56.5466666666667,71.1666666666667,0.843847865408681,0.136740342739874,0.00575395442983913,2.48376636569045,1.18581585658545,1.18688753437533,2.13592935454025,5.68876645817894,4.09900401508644,4.28262369670055,1.29784627597239,2.80694757168675,14.0850875700795,2.48376636569045
1,"cerana",128.1453026,37.4048732,25.8333333333333,226.433333333333,51.78,93,0.843847865408681,0.136740342739874,0.00575395442983913,2.52078510691072,0.825641223132309,1.47914654721884,2.34441560233408,4.73040195926116,4.04623244886358,1.33004791531341,2.19006591659047,3.79486099293173,7.24658429316223,2.52078510691072
8,"cerana",128.1088047,37.4351307,25.8333333333333,226.433333333333,51.78,93,0.843847865408681,0.136740342739874,0.00575395442983913,5.90071904065966,1.96546490031528,2.83163070594767,5.72630545255383,10.3185964850285,5.20904420277883,1.70020221787602,2.8471643086493,4.95306193087066,9.41652288947148,5.90071904065966
1,"cerana",127.0514942,34.7015684,25.5666666666667,180,41.94,120.333333333333,0.71813663538441,0.227932897463312,0.0186801437641166,1.97176012770272,0.712417348823387,1.16858913703585,1.79112656167545,3.89066169688773,3.13476135376961,1.45565469126919,1.52454894478005,2.77003273121972,6.98264197425771,1.97176012770272
2,"cerana",128.5161745,35.1378377,25.4333333333333,181.866666666667,46.9633333333333,69.1,0.784810262581116,0.125270388356469,0.0354656409815635,2.61704671786176,1.18819247769075,1.23253381026267,2.29602521165349,5.55500220206201,4.66402952767635,3.8456030093776,1.59120988663024,3.56608693658444,14.2347594003864,2.61704671786176
1,"cerana",128.805758,35.123976,26.0333333333333,249.033333333333,57.8266666666667,70.3,0.735986711913977,0.0646999451628029,0.0156325748845637,1.85204136660815,0.86255637566447,1.0527795223104,1.56373449430033,4.3931398359312,3.13477348216978,3.31522176766597,1.1336281539257,2.14644531233199,11.6177053457582,1.85204136660815
21,"cerana",128.5820345,35.1183254,25.4333333333333,181.866666666667,46.9633333333333,69.1,0.784810262581116,0.125270388356469,0.0354656409815635,20.7103146132511,4.48029932476399,13.2015284945697,20.4966493488491,30.3873791826955,24.0543683852728,19.5424203454563,6.84107733905521,18.5029049475943,66.5318733406865,20.7103146132511
2,"cerana",128.4015336,37.6644484,19.8666666666667,229.933333333333,55.74,61.0666666666667,0.902316789864021,0.0823118402718714,0.00135284758142417,2.51110499786554,0.835329930086312,1.42211292830384,2.33562050471873,4.68716560454724,3.45116959713046,1.36273522086284,1.835233961039,3.10227343018217,7.06654063780343,2.51110499786554
1,"cerana",128.1159262,37.3675393,25.8333333333333,226.433333333333,51.78,93,0.843847865408681,0.136740342739874,0.00575395442983913,2.3979404874185,0.776715972567548,1.41212260153827,2.24760424618232,4.25405864189509,3.89225927423796,1.38486755918156,2.09043879197461,3.58647162906312,7.07093209655713,2.3979404874185
1,"cerana",126.9988465,35.0389006,26.7666666666667,222.733333333333,51.6733333333333,77.7666666666667,0.845966823799443,0.121671978089808,0.0142539698506248,2.26053387951545,0.91005563288818,1.26163380368025,2.01814826390989,4.75927006054828,3.96978830080131,2.05734657924746,1.70937963686622,3.43662592159418,9.16225472404011,2.26053387951545
1,"cerana",127.4806675,37.9429407,25.7,243.233333333333,55.51,112.366666666667,0.891529171045338,0.0757725901970562,0.0154913992556081,2.5955849350859,0.957975810395367,1.43178349271347,2.3877199203322,4.92423838067813,4.44231961776456,1.79328452458897,2.14694265193816,4.04473261435719,8.80846402557983,2.5955849350859
62,"cerana",129.2030091,36.7877626,23.4666666666667,203.833333333333,46.6466666666667,54.6333333333333,0.907656226722635,0.0762665077598521,0.00125862084074558,58.8249462058502,7.60568451704738,44.0762774880129,58.9341211009665,74.4955533375923,28.7318908168649,12.2271967635996,12.8946445491095,26.1655266321095,60.0486965792104,58.8249462058502
3,"cerana",128.85124,36.9786453,23.3333333333333,191.633333333333,43.85,89.8333333333333,0.902905603792729,0.0848410567682191,0.0014695626928614,4.04396408844446,1.26178723343674,2.19157390970566,3.80482332065157,6.96197024981912,5.7729149252955,1.79774854026444,3.23952808217934,5.47008739178032,10.2872152591902,4.04396408844446
25,"cerana",128.85124,36.9786453,23.3333333333333,191.633333333333,43.85,89.8333333333333,0.902905603792729,0.0848410567682191,0.0014695626928614,18.9726612401458,3.92608693639273,12.4163171758522,18.7341460191061,27.5582880612629,8.99059395945851,2.46042284856814,5.22091426819661,8.57218811136459,14.715944398021,18.9726612401458
13,"cerana",126.4598336,36.7858857,25.1666666666667,257.4,59.1333333333333,100.766666666667,0.421445223167609,0.471130388306591,0.0473736257917053,12.7213785694301,3.34283869293362,7.182274390732,12.3622574656775,19.4125801507388,14.7390947624266,14.1243359042659,3.78431209735186,11.1088155028718,46.3431999378145,12.7213785694301
11,"cerana",127.2866581,35.8134957,26.5,229.4,52.94,94.0666666666667,0.791904881813902,0.163174547564567,0.0137444027195393,11.1233271097029,3.30631729338471,5.81055253530251,10.7696514181499,18.62714118905,19.394496340535,14.4618090620602,5.28144911713113,15.3319980327633,57.1026334424074,11.1233271097029
2,"cerana",128.143289,37.4332607,25.8333333333333,226.433333333333,51.78,93,0.843847865408681,0.136740342739874,0.00575395442983913,2.9487947972735,0.951487507674093,1.68035227255695,2.76731084280467,5.42581413036223,4.20258427373151,1.25353264970319,2.39366652645834,4.00728832821635,7.20901183645671,2.9487947972735
5,"cerana",128.1012695,37.539564,25.4666666666667,247.533333333333,56.5466666666667,71.1666666666667,0.843847865408681,0.136740342739874,0.00575395442983913,4.9872490411624,2.11953824023529,2.06952743831066,4.56198735523229,10.4531918396024,7.09458183015392,7.47525091820977,1.8675478797025,5.07764354578373,23.7904532310321,4.9872490411624
2,"cerana",128.1419051,37.7754348,25.4666666666667,247.533333333333,56.5466666666667,71.1666666666667,0.901575005943419,0.0874544337903162,0.00208762580236152,2.78260060559601,1.1313552548234,1.45453706925356,2.49655629344714,5.60079783471171,4.44051123753872,2.46029805122236,1.91118060199553,3.83097324321645,11.0218543566453,2.78260060559601
2,"cerana",128.9409492,36.751179,23.3333333333333,191.633333333333,43.85,89.8333333333333,0.839185110042055,0.105858920321439,0.0383829843855149,2.529047273079,1.17036954872695,1.20492095778711,2.21102667240265,5.61950515998928,4.29565415824099,4.61978826750893,1.28508430397842,2.93906792296004,14.1790563291909,2.529047273079
14,"cerana",129.0577581,37.2310597,21.9666666666667,170.8,39.06,58.3,0.945179559798647,0.029017777740776,0.00477953224916538,13.3976868046972,3.45727649425309,7.70446708580963,13.1692560414819,21.2664340446694,14.2431675036521,8.32273306501829,4.95175307859841,12.2760674468307,35.3516830836049,13.3976868046972
3,"cerana",127.9905951,37.4645144,25.8333333333333,226.433333333333,51.78,93,0.843847865408681,0.136740342739874,0.00575395442983913,3.5035558660465,1.57659069944092,1.42392154618751,3.15487320907939,7.24021010125573,7.08416030277591,10.8822528346716,1.68460062067578,4.70892904450284,24.1332817162824,3.5035558660465
30,"cerana",129.3230741,36.4571359,24.6666666666667,222.133333333333,51.0033333333333,39.3333333333333,0.882035010967247,0.084791321496166,0.00643115059239981,29.6229476342487,5.2170448457464,20.2935043648987,29.4874990244566,40.9237156140065,44.1514996247631,34.8569989058904,13.7282262109116,37.4275963133197,120.663979359908,29.6229476342487
120,"cerana",129.1679121,36.4785066,23.9333333333333,196.766666666667,45.2466666666667,57.5,0.882035010967247,0.084791321496166,0.00643115059239981,117.290223488133,10.7566460270518,97.517822120894,116.998052264859,139.493401899276,58.5153411339437,22.3344493907515,27.9760985801325,53.9338503196207,119.727796550487,117.290223488133
4,"cerana",128.2609359,38.2715512,23.2666666666667,214.4,48.8966666666667,96.6666666666667,0.930131097921056,0.0568464536542893,0.0060162766872025,4.35463455626152,1.91304352121068,1.75143740580959,3.99342564804842,9.33674803951361,7.5924763081022,7.96186300823877,2.04565137504165,5.49781717749653,25.7860048346327,4.35463455626152
6,"cerana",127.8166414,35.2714721,25.2666666666667,212.533333333333,49.75,120.333333333333,0.879513991113253,0.0966482028151595,0.00862303165605175,6.23024755586839,2.28448235227788,2.79806349141723,5.82221741875856,11.3417145883317,8.97122946883055,5.78548958696121,2.93309381117354,7.3061735919678,24.6134553751407,6.23024755586839
8,"cerana",127.5850392,37.5306149,26,213.066666666667,48.7033333333333,96.1666666666667,0.804742799828056,0.165599860806911,0.0171248439195136,7.49756802292607,2.40613009628071,3.7081555477057,7.13427610915341,12.9241836455095,7.85569202155698,3.00847521343528,3.78060073742417,7.29810276224374,15.5805205728671,7.49756802292607
10,"cerana",127.5850392,37.5306149,26,213.066666666667,48.7033333333333,96.1666666666667,0.804742799828056,0.165599860806911,0.0171248439195136,9.04725957626231,2.78028091596144,4.64882165312218,8.75648079700036,15.490373180358,8.51662987175652,3.22898979150014,4.07272174003681,7.94594050057519,16.2624206552137,9.04725957626231
4,"cerana",127.5817911,37.5558764,26,213.066666666667,48.7033333333333,96.1666666666667,0.804742799828056,0.165599860806911,0.0171248439195136,4.49457935820965,1.59229553792662,2.17001512751264,4.24547010795617,8.24042994440557,6.20775971740145,2.49010939676978,2.75116228612953,5.70743314784247,12.0980130908166,4.49457935820965
1,"cerana",128.4015336,37.6644484,19.8666666666667,229.933333333333,55.74,61.0666666666667,0.902316789864021,0.0823118402718714,0.00135284758142417,2.22789477804996,0.753328265245965,1.32601082653504,2.04910860941191,4.36341032032849,3.1593477488642,1.1667032875299,1.71639754991111,2.92224856798314,6.32487783679504,2.22789477804996
2,"cerana",128.3127372,37.5631941,23.7,167.7,38.2933333333333,76.1666666666667,0.902316789864021,0.0823118402718714,0.00135284758142417,2.78937007650712,1.13083528294272,1.44975437384608,2.49153127122288,5.83112366591827,4.11398958512135,1.86047752443567,1.94994283095853,3.71576573058765,8.77442606864383,2.78937007650712
1,"cerana",127.4947634,37.5893415,26,213.066666666667,48.7033333333333,96.1666666666667,0.891529171045338,0.0757725901970562,0.0154913992556081,2.13166889693419,0.830462948225744,1.20974587471922,1.90977319595466,4.38143920886022,3.46515097006748,1.82251231718755,1.58703845596461,2.97988015382485,8.01345247131226,2.13166889693419
1,"cerana",127.0449183,34.7347053,25.5666666666667,180,41.94,120.333333333333,0.71813663538441,0.227932897463312,0.0186801437641166,2.06714387433449,0.785456962363024,1.20351739071484,1.8584198412975,4.20408321586519,3.12992377027749,1.58215184116887,1.42677951357269,2.73366246388289,7.38971309124372,2.06714387433449
22,"cerana",127.6260086,35.433975,25.0666666666667,202.8,46.8133333333333,103.5,0.76553234982903,0.195117469231961,0.00926974625300714,20.8922248332856,4.44560624287401,13.3268212469606,20.475357159678,30.7486880603585,17.9788851730236,9.1513205868139,6.54391469007917,16.1421299348592,41.9661510499485,20.8922248332856
4,"cerana",127.5817911,37.5558764,26,213.066666666667,48.7033333333333,96.1666666666667,0.804742799828056,0.165599860806911,0.0171248439195136,4.44441370148847,1.60891218391158,2.18656524058057,4.11532857354506,8.19372163997026,6.15248431101089,2.56831204169677,2.94452747943708,5.52277520985368,12.982185866352,4.44441370148847
8,"cerana",127.9082523,36.0226985,24.6,222.366666666667,51.21,88.4333333333333,0.821561873876389,0.138078964394344,0.00597141274515857,7.47585768556261,2.59143525582288,3.51884122571122,7.08098709160116,13.6871768111661,8.1255950190708,4.34872416170879,2.91528426727872,6.98545148572809,19.6631103932144,7.47585768556261
8,"cerana",127.9284691,36.0302856,24.6,222.366666666667,51.21,88.4333333333333,0.821561873876389,0.138078964394344,0.00597141274515857,7.43722509102455,2.43430843978697,3.6513930969559,7.08027342673561,13.071686588262,7.95591220335238,4.03178618077789,3.01663269538317,7.03830370530978,17.9662390383958,7.43722509102455
42,"cerana",127.6260086,35.433975,25.0666666666667,202.8,46.8133333333333,103.5,0.76553234982903,0.195117469231961,0.00926974625300714,40.6733004714777,6.19707600337427,28.3397429386738,40.5676858480201,53.568522893775,27.0336400943982,13.4489819348734,10.9083237325305,23.746805442264,59.8080286183902,40.6733004714777
3,"cerana",128.3250403,37.9993658,23.2666666666667,214.4,48.8966666666667,96.6666666666667,0.930131097921056,0.0568464536542893,0.0060162766872025,3.69943301766312,1.60113861174712,1.63286255462927,3.33357630845288,7.88642600482573,5.77213885015711,3.70786095062667,2.01669656620441,4.64748349855466,15.2330449184197,3.69943301766312
1,"cerana",127.5896257,35.354195,25.8,231.266666666667,53.5433333333333,110.2,0.76553234982903,0.195117469231961,0.00926974625300714,2.26381238631834,0.912984392395936,1.24182880902217,2.02198232213902,4.59438967938577,4.02672268014272,2.20479966322904,1.68425105836173,3.47944597478938,9.01871647694741,2.26381238631834
13,"cerana",127.4702373,38.0815097,24.4666666666667,234,53.4033333333333,167.6,0.916091632993139,0.0469174522399622,0.0230338033534307,11.9755317203329,3.34170777330197,6.41578182837924,11.5855900750235,19.6321039989641,10.5662867443041,4.81310578726894,4.34126420937526,9.56084959329428,21.9612064770468,11.9755317203329
30,"cerana",127.1893559,35.7169648,26.5,229.4,52.94,94.0666666666667,0.79191636792701,0.161131528119105,0.0266332980106569,29.1473663535402,5.40662922782337,19.6057852320483,28.7630809164198,40.8984670763683,26.9214050446989,14.9575867468675,9.83449581477353,23.3690162469733,65.948355775399,29.1473663535402
2,"cerana",128.5161745,35.1378377,25.4333333333333,181.866666666667,46.9633333333333,69.1,0.784810262581116,0.125270388356469,0.0354656409815635,2.43565061658732,1.20183271444646,1.20149244683161,2.06864770794231,5.70867656954443,3.91917264465593,3.41838052629656,1.33662168525816,2.94747516213577,11.4732317054003,2.43565061658732
12,"cerana",128.2199006,37.8624543,23.2666666666667,214.4,48.8966666666667,96.6666666666667,0.930131097921056,0.0568464536542893,0.0060162766872025,11.1513841480359,3.37664295188776,5.57520560104811,10.7396902116213,18.7632733003903,8.73062419094025,5.2287769774686,3.24138948960559,7.34807322948335,21.6824742623348,11.1513841480359
2,"cerana",127.4806675,37.9429407,25.7,243.233333333333,55.51,112.366666666667,0.891529171045338,0.0757725901970562,0.0154913992556081,3.02108681669609,1.11398321598175,1.54876558123315,2.79423684586408,5.83969707617366,4.75527922388295,1.94003749976725,2.33776698963094,4.34129924702499,9.64017813579478,3.02108681669609
1,"cerana",127.5050639,37.497971,26,213.066666666667,48.7033333333333,96.1666666666667,0.804742799828056,0.165599860806911,0.0171248439195136,2.4309957520569,0.922471145485757,1.31902056721157,2.20829877775566,4.93568607743401,4.23062119995595,1.87634872697612,1.96370581118882,3.7769239073483,8.99165741783424,2.4309957520569
6,"cerana",128.4610259,38.0834935,23.9666666666667,201.133333333333,45.8,99.3333333333333,0.887557825683459,0.0860502844350617,0.00529623043844797,6.16618378025425,2.41149181380007,2.7477124905904,5.76144878626032,12.2075215173475,8.65655524198189,5.59660984530464,2.77264123776175,7.21477507795632,22.8426852902689,6.16618378025425
16,"cerana",127.7475564,35.0735153,26.1333333333333,211.833333333333,50.31,91.3333333333333,0.791832723554292,0.171385316166559,0.0155656336943314,15.8832956666356,3.84607879748993,8.91083154879469,15.6516075859052,24.1167930648742,20.7098839573022,16.914789557737,5.36989593123036,15.516433365936,63.7728895897063,15.8832956666356
8,"cerana",128.4052788,37.3728454,23.7,167.7,38.2933333333333,76.1666666666667,0.902316789864021,0.0823118402718714,0.00135284758142417,7.44706311608297,2.36195327987851,3.72310809535871,7.08710300649424,12.5592961536999,7.74931343456509,2.89006976171196,3.66057394342381,7.27291438644991,15.0917972461553,7.44706311608297
4,"cerana",127.4770543,35.5507352,23.8333333333333,198.533333333333,45.8733333333333,109.333333333333,0.758564909701308,0.219643819002869,0.0057048582762791,4.1454714379117,1.80856644859701,1.76860871929132,3.74840937398493,8.49457019994572,7.09677510000791,7.91590405433261,1.75052131828491,4.80506591280064,26.2233174178761,4.1454714379117
27,"cerana",129.4294626,36.4518737,24.6666666666667,222.133333333333,51.0033333333333,39.3333333333333,0.882035010967247,0.084791321496166,0.00643115059239981,26.3954630879917,4.91299501591328,17.9171975250941,25.8952052992759,36.598210214027,30.0405716504852,20.2050062345357,9.5007271221584,25.0035349774804,74.8958904104355,26.3954630879917
1,"cerana",127.3890182,36.2063308,25.4,210.6,48.51,109.5,0.820486535750173,0.14861696409793,0.00538102619628127,1.77522935168068,0.822559087117228,1.03985998145519,1.52158099361283,3.95040039890025,3.14817509611541,4.12727967423567,1.12494391118384,2.10924542905559,10.5337846077468,1.77522935168068
40,"cerana",129.4294626,36.4518737,24.6666666666667,222.133333333333,51.0033333333333,39.3333333333333,0.882035010967247,0.084791321496166,0.00643115059239981,39.1265724338252,6.13469854927716,28.1113298839531,38.9642446998011,52.109518188498,37.7577854649674,22.4331048179084,13.4150220978263,32.2346624204622,96.0377660058023,39.1265724338252
2,"cerana",127.772086,37.615778,25.4666666666667,247.533333333333,56.5466666666667,71.1666666666667,0.901575005943419,0.0874544337903162,0.00208762580236152,3.14216991462374,1.27194946361144,1.54746384259426,2.86691033177148,6.42224947535517,5.68542091342872,2.95292473805205,2.19677581646279,5.05469292715904,13.9032715990282,3.14216991462374
3,"cerana",128.2193256,37.412114,25.8333333333333,226.433333333333,51.78,93,0.843847865408681,0.136740342739874,0.00575395442983913,3.24651690953367,1.36086063419618,1.49955494831286,2.90628707867399,6.69177337755596,4.83341419172299,2.79422624997107,1.82069213338525,4.00602032621792,12.3038881378245,3.24651690953367
20,"cerana",127.1984944,35.8167838,26.5,229.4,52.94,94.0666666666667,0.265741590276143,0.454843659924814,0.0222067050446164,20.0198662199428,4.60209799451211,11.7571326874284,19.579924733218,29.9708971157958,26.530084792968,21.4269348965206,7.40880295222194,20.2807994170607,79.1826778624282,20.0198662199428
7,"cerana",127.6114145,35.0878407,26.1333333333333,211.833333333333,50.31,91.3333333333333,0.697398276331517,0.15628300913973,0.0444415263908977,6.63093011057648,2.41558825878224,2.98435919560603,6.38049467588283,11.8542403439795,7.70005773904487,4.75502633086008,2.64256933780953,6.35494093412806,20.639926212451,6.63093011057648
12,"cerana",128.4610259,38.0834935,23.9666666666667,201.133333333333,45.8,99.3333333333333,0.887557825683459,0.0860502844350617,0.00529623043844797,11.3025724785278,3.11503004314019,6.1282469790356,10.9750078976568,18.6197626545963,11.5745855944967,6.87479994106512,4.28133171114196,9.82125032486118,29.133620135933,11.3025724785278
19,"cerana",128.3913906,37.3852166,23.7,167.7,38.2933333333333,76.1666666666667,0.902316789864021,0.0823118402718714,0.00135284758142417,15.8273383200204,3.79071091142165,9.26184574509266,15.4226666658105,23.7622517181607,9.64002553395973,3.25691211249536,5.06200050721044,8.98212438302721,17.5623795808299,15.8273383200204
2,"cerana",128.3903643,37.3340143,24.5,204.566666666667,46.82,81.5666666666667,0.902316789864021,0.0823118402718714,0.00135284758142417,3.53397017593531,1.29392430102441,1.83101414570142,3.27821096072882,6.71818951387545,5.97443544974168,2.4333153134922,2.73228271006955,5.47631731001601,12.1300795225772,3.53397017593531
1,"cerana",128.3127372,37.5631941,23.7,167.7,38.2933333333333,76.1666666666667,0.902316789864021,0.0823118402718714,0.00135284758142417,2.32865483009085,0.826569907608156,1.32402653856021,2.12806503833499,4.39028303410307,3.9349654551365,1.86306808496474,1.7937741826083,3.48039952674318,8.50377988234235,2.32865483009085
7,"cerana",128.3101926,38.1219556,23.2666666666667,214.4,48.8966666666667,96.6666666666667,0.930131097921056,0.0568464536542893,0.0060162766872025,6.73843841398466,2.40855061674443,2.9934336474581,6.44481307428434,12.0509712171409,7.36066835066702,4.78013368130619,2.52205596704477,6.09313429029109,19.0762162348652,6.73843841398466
1,"cerana",128.4182448,37.3628576,23.7,167.7,38.2933333333333,76.1666666666667,0.902316789864021,0.0823118402718714,0.00135284758142417,3.15189899471858,1.16202364243525,1.61066978855337,2.92200217177521,6.06082731894802,5.85224207978038,2.42963795407772,2.76990461917125,5.34185573957156,12.3295506548572,3.15189899471858
1,"cerana",128.4015336,37.6644484,19.8666666666667,229.933333333333,55.74,61.0666666666667,0.902316789864021,0.0823118402718714,0.00135284758142417,2.18472383555449,0.691421834809978,1.32354062646366,2.03892941346078,3.92723773568191,3.26691766664372,1.1914107118255,1.77172613910473,2.99335296863968,6.39975121409876,2.18472383555449
8,"cerana",128.1823372,37.4498916,25.8333333333333,226.433333333333,51.78,93,0.843847865408681,0.136740342739874,0.00575395442983913,5.83750137117026,1.80981940513258,2.87537656167442,5.60622695309449,9.92879976813604,5.35636674254901,1.50225011953356,3.0816615933979,5.11133430972923,9.00885029359965,5.83750137117026
2,"cerana",128.203636,37.6634847,25.4666666666667,247.533333333333,56.5466666666667,71.1666666666667,0.901575005943419,0.0874544337903162,0.00208762580236152,2.90735282752685,1.14724669034571,1.47140762388705,2.66999086492212,5.81046645513066,4.35518820807316,2.02295530342141,2.00412929222193,3.86880801472769,9.63780543847985,2.90735282752685
2,"cerana",128.1453026,37.4048732,25.8333333333333,226.433333333333,51.78,93,0.843847865408681,0.136740342739874,0.00575395442983913,2.90415576891237,0.989480896833588,1.6446196269456,2.66177660408515,5.55143956599501,4.28112667357956,1.39018989001853,2.32538412167446,4.05400418918391,7.48968145468165,2.90415576891237
1,"cerana",128.1453026,37.4048732,25.8333333333333,226.433333333333,51.78,93,0.843847865408681,0.136740342739874,0.00575395442983913,2.52429725900977,0.767267455678974,1.48739365660378,2.38846166068322,4.45638697821871,4.07960349907493,1.30560855138811,2.2919485762831,3.86657683169675,7.12126851655164,2.52429725900977
1,"cerana",128.116951,37.9894237,23.2666666666667,214.4,48.8966666666667,96.6666666666667,0.930131097921056,0.0568464536542893,0.0060162766872025,2.51271188050234,0.902620534321745,1.36362340494616,2.29995613542567,5.01727955695942,4.38722100432444,1.84745007907957,2.04450909287593,4.0160284622598,9.11452452376919,2.51271188050234
12,"cerana",128.3416211,37.866666,23.2666666666667,214.4,48.8966666666667,96.6666666666667,0.930131097921056,0.0568464536542893,0.0060162766872025,12.02208765003,3.51549019305448,6.08724277104373,11.6431427768565,19.7912581230289,17.8972841737305,15.3501308300311,4.49081816720882,13.1343668105425,62.4730646591232,12.02208765003
1,"cerana",128.4015336,37.6644484,19.8666666666667,229.933333333333,55.74,61.0666666666667,0.902316789864021,0.0823118402718714,0.00135284758142417,2.1818217596723,0.760295549046234,1.32205156820543,1.98417693029572,4.15099814857485,3.24481498032877,1.19022049669552,1.75257738619376,2.99247601380045,6.04807877768466,2.1818217596723
2,"cerana",128.9653695,37.0060873,23.3333333333333,191.633333333333,43.85,89.8333333333333,0.902905603792729,0.0848410567682191,0.0014695626928614,3.24889009407891,1.23399634895181,1.66715215754923,2.98185913426827,6.26581144224977,5.80867045151183,2.52944069510411,2.61891778924831,5.25201075876084,12.2782519631766,3.24889009407891
62,"cerana",127.3792702,36.0665695,25.4,210.6,48.51,109.5,0.820486535750173,0.14861696409793,0.00538102619628127,61.5653912897661,7.71803036742171,48.2617161851956,61.2018371441418,76.7588444102391,75.8067512819946,67.5811684138286,22.7138082385005,57.9395935110993,227.926796137207,61.5653912897661
1,"cerana",128.2199006,37.8624543,23.2666666666667,214.4,48.8966666666667,96.6666666666667,0.930131097921056,0.0568464536542893,0.0060162766872025,1.85957036202145,0.752753865180804,1.08870112699283,1.65113355955431,3.86208081177521,2.90176017045645,2.02288161467995,1.21666350691597,2.36614605836253,7.65489319386152,1.85957036202145
3,"cerana",128.1786506,38.1681838,23.2666666666667,214.4,48.8966666666667,96.6666666666667,0.930131097921056,0.0568464536542893,0.0060162766872025,3.73997807025879,1.32255402586174,1.9338139678059,3.50499022068749,6.97876339679504,5.07006976993037,1.68022176801821,2.64953802476218,4.76102817621795,8.93829910648845,3.73997807025879
3,"cerana",128.3101926,38.1219556,23.2666666666667,214.4,48.8966666666667,96.6666666666667,0.930131097921056,0.0568464536542893,0.0060162766872025,3.37208361421299,1.43355966580687,1.53989773140542,3.04315446724674,7.01236666987943,5.06741944787168,3.41159866977251,1.77835094687392,4.18031416420757,13.9010037925321,3.37208361421299
1,"cerana",128.2199006,37.8624543,23.2666666666667,214.4,48.8966666666667,96.6666666666667,0.930131097921056,0.0568464536542893,0.0060162766872025,1.87710921563367,0.816129397463406,1.09023563328244,1.61096473967578,4.20551923086751,2.87408464484446,1.84994191963496,1.25773346733392,2.26555179430672,7.97564014661682,1.87710921563367
2,"cerana",128.5377634,37.6386536,19.8666666666667,229.933333333333,55.74,61.0666666666667,0.902316789864021,0.0823118402718714,0.00135284758142417,2.60416329416942,1.22694072913807,1.20697295243031,2.2942548868918,5.6596889295817,4.60093155327235,3.70894318544445,1.42175313345503,3.47429781050667,14.0874542296429,2.60416329416942
2,"cerana",128.9502692,37.1225804,21.9666666666667,170.8,39.06,58.3,0.92339652654946,0.0402337397167583,0.000154322819596624,2.62082863913025,1.28031903692045,1.21063307966488,2.24953497010087,5.9479844564942,5.19970416499178,5.36687117329381,1.36042481153836,3.57905923030247,18.2787014460387,2.62082863913025
2,"cerana",127.722363,37.7216909,25.4666666666667,247.533333333333,56.5466666666667,71.1666666666667,0.901575005943419,0.0874544337903162,0.00208762580236152,3.05549714406048,1.2363130292411,1.51782372708325,2.78019753889452,6.00611277217147,5.19836499755762,2.50889030041662,2.09606239455585,4.57853549173625,12.0795327695943,3.05549714406048
5,"cerana",128.726245,37.2534286,23.7,167.7,38.2933333333333,76.1666666666667,0.931653207194632,0.0525949640526858,0.00186180131677578,5.18102810990881,1.98396274783235,2.32255913801298,4.83639261221538,9.85943480857841,6.90691537235766,3.28657714980141,2.79269917791331,6.18715676482417,15.032850565476,5.18102810990881
13,"cerana",128.4038892,37.9220961,23.2666666666667,214.4,48.8966666666667,96.6666666666667,0.930131097921056,0.0568464536542893,0.0060162766872025,12.9742863959971,3.71381144935531,6.4476618066023,12.7002019353735,20.9186828823839,18.3538649506382,15.8988608550707,4.59658451864719,13.286953840895,64.5481882957888,12.9742863959971
1,"cerana",128.4015336,37.6644484,19.8666666666667,229.933333333333,55.74,61.0666666666667,0.902316789864021,0.0823118402718714,0.00135284758142417,2.19690532474988,0.736472184289842,1.32487998268417,2.03980346290781,4.11610973958517,3.20457674834752,1.15966678831902,1.72534937753556,2.93635398803584,6.33989238068458,2.19690532474988
3,"cerana",128.4015336,37.6644484,19.8666666666667,229.933333333333,55.74,61.0666666666667,0.902316789864021,0.0823118402718714,0.00135284758142417,2.90235890073336,0.988152717062724,1.5949404109527,2.69863162591007,5.25240007703025,3.58789533277101,1.24441624382956,1.93852480818606,3.28876842020407,6.69793810957963,2.90235890073336
4,"cerana",128.143289,37.4332607,25.8333333333333,226.433333333333,51.78,93,0.843847865408681,0.136740342739874,0.00575395442983913,3.62393367697316,1.17416122943116,1.95124610417765,3.393242698074,6.40983386208589,4.57303481135518,1.36285038683522,2.69807810959148,4.32119723680066,7.678669170846,3.62393367697316
13,"cerana",127.8333974,37.3162611,25.8333333333333,226.433333333333,51.78,93,0.807252941842628,0.146686502012704,0.00467091513697713,12.6329660050124,3.4223654765697,7.03627385081989,12.2293240252652,20.3159993430215,13.9154537340343,8.84671178523961,4.91720947448249,11.5490637228178,38.0421475444632,12.6329660050124
18,"cerana",127.9217038,35.3363846,25.2666666666667,212.533333333333,49.75,120.333333333333,0.879513991113253,0.0966482028151595,0.00862303165605175,17.4376589662927,4.03462632841228,10.4808695730245,17.1205487193363,26.4362628142683,19.2684222391425,11.9849987920219,6.32828911302958,16.0620129686465,49.9069270950699,17.4376589662927
9,"cerana",127.8166414,35.2714721,25.2666666666667,212.533333333333,49.75,120.333333333333,0.879513991113253,0.0966482028151595,0.00862303165605175,8.88792233028658,2.88734920460434,4.25476017907225,8.52917472742511,15.576953138786,10.8788758147263,7.18040583605884,3.70624576926019,8.94883915532179,29.348410707974,8.88792233028658
5,"cerana",127.8166414,35.2714721,25.2666666666667,212.533333333333,49.75,120.333333333333,0.879513991113253,0.0966482028151595,0.00862303165605175,5.42874062606074,2.04458208545325,2.30857135746767,5.09780574393215,10.0517286637381,8.36828038599782,5.63683759756172,2.7614208066701,6.92823660143875,24.118705559019,5.42874062606074
1,"cerana",127.3677518,35.121549,24.5333333333333,199.1,46.1833333333333,106.6,0.820600845673605,0.14675378671474,0.0119406615185642,2.17346349646661,0.91610604391517,1.17609155807207,1.90685925178646,4.65582729965893,4.39149978625385,3.40967364973813,1.55132648635363,3.27060145782181,13.7806907183148,2.17346349646661
2,"cerana",127.9559957,37.3382632,25.8333333333333,226.433333333333,51.78,93,0.807252941842628,0.146686502012704,0.00467091513697713,2.80115618558415,1.2833246544698,1.27805833585241,2.49133401905937,6.36186673917006,6.62545823053217,6.14066489580612,1.67997280765981,4.45794770408807,26.3132059996874,2.80115618558415
3,"cerana",127.7440552,37.7120915,25.4666666666667,247.533333333333,56.5466666666667,71.1666666666667,0.901575005943419,0.0874544337903162,0.00208762580236152,3.65925997161492,1.50825015977626,1.71028780340231,3.3678742280303,7.28375000707238,5.7279684316132,3.2205830021805,2.28341341947414,4.92913872909565,14.0347513329684,3.65925997161492
14,"cerana",127.9320017,36.9635809,25.8333333333333,222.4,50.9333333333333,91.4,0.734773509211059,0.192849047033986,0.0346030391641658,12.8115506865046,3.290966504049,7.103976285489,12.5555105903851,20.1286966041864,11.3225981977042,5.44906731712858,4.61082495895728,10.1195003908267,24.036943872082,12.8115506865046
6,"cerana",128.4364592,37.0572925,24.5,204.566666666667,46.82,81.5666666666667,0.904689567418295,0.0673871751487965,0.00926318652694473,5.27994492370519,2.05668061531535,2.22819318693255,4.96467905781956,10.0231919765443,5.00798395093855,2.57349078496882,2.09702548228019,4.32824383530948,11.8322572784904,5.27994492370519
59,"cerana",127.3985765,35.6398854,25.0333333333333,212.233333333333,49.0766666666667,104.666666666667,0.79191636792701,0.161131528119105,0.0266332980106569,56.6074573683124,7.42874020993927,42.6536168837984,56.2996435917845,71.3533986855277,29.0758139266784,11.5330098861592,13.7149053926775,26.9675636902033,56.1290346299213,56.6074573683124
1,"cerana",127.3985765,35.6398854,25.0333333333333,212.233333333333,49.0766666666667,104.666666666667,0.79191636792701,0.161131528119105,0.0266332980106569,3.30116846367619,1.30632357820755,1.57876237693164,3.03682864805297,6.65560640763304,8.6678382846022,4.82001327012047,3.04082275551557,7.61702405573964,20.363741081497,3.30116846367619
3,"cerana",128.1159262,37.3675393,25.8333333333333,226.433333333333,51.78,93,0.843847865408681,0.136740342739874,0.00575395442983913,3.13211361229055,1.02917820002938,1.71418288653876,2.94273520333007,5.53179893084157,4.1943736130854,1.42706140702342,2.28254785482899,3.9123576402929,7.97914002218658,3.13211361229055
1,"cerana",128.3127372,37.5631941,23.7,167.7,38.2933333333333,76.1666666666667,0.902316789864021,0.0823118402718714,0.00135284758142417,2.35457173326587,0.875079551231136,1.30381866122506,2.14204382811263,4.64285054550481,3.81366942515603,1.69463116950024,1.84976557174643,3.37362536902283,8.48791423863105,2.35457173326587
1,"cerana",128.1824685,37.7142062,25.4666666666667,247.533333333333,56.5466666666667,71.1666666666667,0.901575005943419,0.0874544337903162,0.00208762580236152,2.4778080523868,0.841929836920707,1.38528758939718,2.29494407017906,4.49318572230006,4.14395153426681,1.76530058150772,1.87617211988267,3.77854981460417,8.38096507310667,2.4778080523868
1,"cerana",128.1453026,37.4048732,25.8333333333333,226.433333333333,51.78,93,0.843847865408681,0.136740342739874,0.00575395442983913,2.5713254431248,0.81038864591837,1.55497966942662,2.40243117915244,4.60169734641334,4.024020523118,1.29266117492349,2.25352986970523,3.79832601130284,7.2984523828698,2.5713254431248
16,"cerana",128.1786506,38.1681838,23.2666666666667,214.4,48.8966666666667,96.6666666666667,0.930131097921056,0.0568464536542893,0.0060162766872025,11.5117488185979,2.95803825919368,6.43234519181315,11.371474515294,18.1731737143279,7.11372206823972,2.11699564611365,4.00893458560767,6.75397287043057,12.4421474337478,11.5117488185979
2,"cerana",128.4015336,37.6644484,19.8666666666667,229.933333333333,55.74,61.0666666666667,0.902316789864021,0.0823118402718714,0.00135284758142417,2.51562600081716,0.858367126365819,1.41139286902533,2.3533820598899,4.73198890269311,3.46534904463223,1.33703011656666,1.77286886210434,3.2023938201613,6.84414218702531,2.51562600081716
1,"cerana",128.1994956,38.1922602,23.2666666666667,214.4,48.8966666666667,96.6666666666667,0.930131097921056,0.0568464536542893,0.0060162766872025,2.49448565484494,0.955231827022076,1.3407265926679,2.23796674924181,4.93897495082276,4.48177080734114,2.0938700985956,1.9359428393332,4.00780404707929,9.76476119445351,2.49448565484494
10,"cerana",127.8978469,36.0126583,24.6,222.366666666667,51.21,88.4333333333333,0.821561873876389,0.138078964394344,0.00597141274515857,9.44264436216836,2.88758810895774,4.61691790892096,9.17720575012342,15.6152254660038,8.70492397635194,4.72300465463306,3.37830418456027,7.59280836453869,20.4821527551825,9.44264436216836
1,"cerana",128.1453026,37.4048732,25.8333333333333,226.433333333333,51.78,93,0.843847865408681,0.136740342739874,0.00575395442983913,2.5470596052236,0.837421785802238,1.51796785976872,2.33760693231389,4.94966722854263,4.0820361940471,1.3011046370933,2.25325232418087,3.84391443460449,7.24295933951435,2.5470596052236
4,"cerana",128.153439,37.4615935,25.8333333333333,226.433333333333,51.78,93,0.843847865408681,0.136740342739874,0.00575395442983913,3.90535327786246,1.44300084945429,1.897334326963,3.64651581322977,7.28053499648349,4.95889980777984,1.98645135296878,2.39805068085169,4.57853591222562,10.2247569150965,3.90535327786246
27,"cerana",128.0466435,37.7953885,25.4666666666667,247.533333333333,56.5466666666667,71.1666666666667,0.901575005943419,0.0874544337903162,0.00208762580236152,25.1341111009194,5.22052982860263,15.5308317930889,24.7139221495943,35.9352236637986,15.9273811281025,7.30540569148699,6.44221801932317,14.2966002281334,34.4063215037127,25.1341111009194
3,"cerana",128.153439,37.4615935,25.8333333333333,226.433333333333,51.78,93,0.843847865408681,0.136740342739874,0.00575395442983913,3.36160090733083,1.2863591648977,1.70124242735304,3.09486364672629,6.57889688943512,4.57844186648063,1.68375241038196,2.33107597359533,4.23541283046023,8.93837248943959,3.36160090733083
2,"cerana",128.1453026,37.4048732,25.8333333333333,226.433333333333,51.78,93,0.843847865408681,0.136740342739874,0.00575395442983913,2.859240994329,0.912965492704295,1.62686841426438,2.70763582705774,4.97718599511142,4.23294877731765,1.35466222453615,2.33205505782643,3.98765995127323,7.357422872103,2.859240994329
2,"cerana",128.5584835,36.6679285,25.8333333333333,246.966666666667,56.7666666666667,68.5,0.655519395655666,0.307953688242074,0.0135755369474273,2.56267963277714,1.09645580423667,1.33370146059786,2.262707083633,5.37048308390003,4.0758763294895,2.9106075228244,1.53218752936631,3.3706959227256,9.83758169364193,2.56267963277714
2,"cerana",128.3758853,37.6118996,19.8666666666667,229.933333333333,55.74,61.0666666666667,0.902316789864021,0.0823118402718714,0.00135284758142417,2.50952323853097,0.988127052457261,1.34293137115347,2.24656361855393,5.05484731227825,3.47239820781197,1.65239473874991,1.59509600421522,3.08116062271144,7.90339210438483,2.50952323853097
3,"cerana",128.3700029,37.6361022,19.8666666666667,229.933333333333,55.74,61.0666666666667,0.902316789864021,0.0823118402718714,0.00135284758142417,2.87216424331539,1.00529464922604,1.60681609236518,2.62759761414961,5.38563886355039,3.5460882287501,1.12366576105375,1.97862855180838,3.32912084269202,6.41683305942876,2.87216424331539
5,"cerana",128.3851271,38.0466608,23.2666666666667,214.4,48.8966666666667,96.6666666666667,0.930131097921056,0.0568464536542893,0.0060162766872025,4.76411535180167,1.79845614964152,2.16282791644073,4.46510662214573,9.01540472714497,5.33655538677257,2.3070849398344,2.34587114685863,4.83424320060581,11.4172587075471,4.76411535180167
2,"cerana",128.3700029,37.6361022,19.8666666666667,229.933333333333,55.74,61.0666666666667,0.902316789864021,0.0823118402718714,0.00135284758142417,2.55393108430387,0.864873714070789,1.45062064001903,2.35983782655381,4.64764209007217,3.40372307500447,1.09376276544081,1.89823505743239,3.20262607379143,6.00485841420247,2.55393108430387
4,"cerana",128.3851271,38.0466608,23.2666666666667,214.4,48.8966666666667,96.6666666666667,0.930131097921056,0.0568464536542893,0.0060162766872025,4.09529936403413,1.58261281024828,1.8706067034915,3.85843459534626,8.36022893046428,5.11278053781625,2.30727622555589,2.31527159007376,4.58626712790361,10.9124986830268,4.09529936403413
4,"cerana",128.0921497,37.8258631,25.4666666666667,247.533333333333,56.5466666666667,71.1666666666667,0.901575005943419,0.0874544337903162,0.00208762580236152,4.41367709062251,1.60575747866883,2.0720998234005,4.12828437240732,8.19576218354296,5.87703791067005,2.44981605876085,2.82231157302429,5.36705439347374,12.4329117392678,4.41367709062251
9,"cerana",127.1984944,35.8167838,26.5,229.4,52.94,94.0666666666667,0.265741590276143,0.454843659924814,0.0222067050446164,9.16541902163117,3.07889761481668,4.19042385338098,8.9173068819838,15.9368724911281,15.7901345428096,14.9337162611283,3.90044536419789,11.6347821259802,46.8691019567399,9.16541902163117
6,"cerana",127.9202627,36.3462323,24.6,222.366666666667,51.21,88.4333333333333,0.753173371218467,0.21342022373031,0.0103891734028533,6.10227887783563,2.4088269979836,2.50799100667607,5.72627976670963,11.9866161800207,9.59290316269543,7.68520634009833,2.69088111450353,7.3210566921769,32.3967255891052,6.10227887783563
2,"cerana",128.3210882,37.6037604,19.8666666666667,229.933333333333,55.74,61.0666666666667,0.902316789864021,0.0823118402718714,0.00135284758142417,2.43894654917141,0.839765919627283,1.38777835067067,2.25414968585224,4.54779689566435,3.15947852810961,1.06330328080647,1.73730334523744,2.92636812848997,5.68383107813314,2.43894654917141
2,"cerana",128.3127372,37.5631941,23.7,167.7,38.2933333333333,76.1666666666667,0.902316789864021,0.0823118402718714,0.00135284758142417,2.80311769664631,1.07056338418023,1.47447396387741,2.58475115002895,5.56183298712675,4.18497051390638,1.97451944970099,1.99520339579081,3.65658591450088,9.64359725257768,2.80311769664631
10,"cerana",127.6318406,37.6814752,25.4666666666667,247.533333333333,56.5466666666667,71.1666666666667,0.901575005943419,0.0874544337903162,0.00208762580236152,10.0032250427853,3.06157675734192,5.06612909575109,9.77285670569529,16.4338513493474,12.9871810119624,8.32518747089263,4.15224916512155,10.8678881215259,34.7001571477819,10.0032250427853
2,"cerana",128.9653695,37.0060873,23.3333333333333,191.633333333333,43.85,89.8333333333333,0.902905603792729,0.0848410567682191,0.0014695626928614,3.25178622350957,1.24008309812937,1.61462804678427,2.99077346793013,6.5901837744485,5.73882022504459,2.71463827981248,2.49898156334522,5.13081113164856,12.247523823852,3.25178622350957
3,"cerana",128.85124,36.9786453,23.3333333333333,191.633333333333,43.85,89.8333333333333,0.902905603792729,0.0848410567682191,0.0014695626928614,4.08292757023553,1.33442356185314,2.2257852220784,3.85685042216029,7.27461872737845,5.79914269924999,1.75955537519554,3.26198204178527,5.55723610309135,10.0614132738894,4.08292757023553
20,"cerana",128.3767215,38.5393784,23.9666666666667,201.133333333333,45.8,99.3333333333333,0.78843160870066,0.157299065517159,0.022631556090426,19.8720718545839,4.42504385890758,11.7653859706072,19.6900222144375,29.6538936675813,25.2375405900698,24.7429936312196,7.03065777217016,18.8794892553057,74.5500755304871,19.8720718545839
1,"cerana",126.6091503,35.1223615,25.8333333333333,256.766666666667,59.4933333333333,83.3333333333333,0.525523757391482,0.411945049460545,0.0141792263409316,1.79502817628476,0.734118723135265,1.08142762657441,1.5599278642587,3.83575562928399,2.68728427396411,1.82495800349671,1.1813110923293,2.14513257886802,7.42077057416602,1.79502817628476
2,"cerana",128.4015336,37.6644484,19.8666666666667,229.933333333333,55.74,61.0666666666667,0.902316789864021,0.0823118402718714,0.00135284758142417,2.53308941759243,0.898989878387512,1.41302613786864,2.36169921914344,4.9149101026764,3.40098217614758,1.19864124432132,1.85015528716326,3.11657918151044,6.30486256215351,2.53308941759243
1,"cerana",127.0449183,34.7347053,25.5666666666667,180,41.94,120.333333333333,0.71813663538441,0.227932897463312,0.0186801437641166,2.01886656104173,0.778331913910843,1.1930459020211,1.79897514742133,4.31574945450781,3.12924217304186,1.45069215915436,1.51388168234545,2.7650498329011,6.85788960435769,2.01886656104173
20,"cerana",129.4294626,36.4518737,24.6666666666667,222.133333333333,51.0033333333333,39.3333333333333,0.882035010967247,0.084791321496166,0.00643115059239981,20.0013763387392,4.41325044944247,12.4621226273935,19.5547517089288,29.4994012385383,25.9882934949323,16.9959570062962,7.8115972212885,21.5911362260434,69.3110032144462,20.0013763387392
5,"cerana",127.829636,35.3897255,25.2666666666667,212.533333333333,49.75,120.333333333333,0.879513991113253,0.0966482028151595,0.00862303165605175,5.13904540607386,2.02610135212245,2.20605421780655,4.85597184568117,9.91274485447011,7.02739121010512,5.0545794281232,2.34378053309928,5.62698383891915,20.8469194494188,5.13904540607386
1,"cerana",127.4091203,35.4412163,25.8,231.266666666667,53.5433333333333,110.2,0.76553234982903,0.195117469231961,0.00926974625300714,2.29869282209388,0.971700922904639,1.21617491253332,2.04330756331382,4.77474118714588,5.49053569756452,4.5140061877525,1.68513002644414,4.19737186967615,17.2608716792383,2.29869282209388
1,"cerana",128.8162766,37.017043,23.3333333333333,191.633333333333,43.85,89.8333333333333,0.902905603792729,0.0848410567682191,0.0014695626928614,3.179090776673,1.05502209296622,1.73423488444184,2.96988473610956,5.66969321654024,5.42833393277736,1.76532130445822,2.80674438282752,5.088708801385,9.64056542745035,3.179090776673
3,"cerana",128.726245,37.2534286,23.7,167.7,38.2933333333333,76.1666666666667,0.931653207194632,0.0525949640526858,0.00186180131677578,3.81444593870181,1.49370006090123,1.77751909656299,3.49655422870653,7.61696325312751,6.22977417228044,2.91180988670146,2.48965227748129,5.68784847628933,13.3340479480298,3.81444593870181
1,"cerana",128.1823372,37.4498916,25.8333333333333,226.433333333333,51.78,93,0.843847865408681,0.136740342739874,0.00575395442983913,2.77131486024157,0.829219013246896,1.61518003446677,2.61167473247449,4.86535013449438,4.3409835134433,1.24624823193967,2.49844277485788,4.11593394205851,7.29403421374148,2.77131486024157
38,"cerana",127.8166414,35.2714721,25.2666666666667,212.533333333333,49.75,120.333333333333,0.879513991113253,0.0966482028151595,0.00862303165605175,36.2311356153085,6.05918322679124,25.6676236014704,35.8183582382742,49.2500072364662,24.6298494762208,12.8579200175235,9.8104552371264,21.8342331382022,55.4240374641168,36.2311356153085
7,"cerana",127.3677518,35.121549,24.5333333333333,199.1,46.1833333333333,106.6,0.820600845673605,0.14675378671474,0.0119406615185642,6.53663123220077,2.36693446417204,2.91406016279327,6.2119727431285,11.7544174600476,7.91374391215344,4.71479497947385,2.6646022649764,6.75194820251324,20.9297304316081,6.53663123220077
1,"cerana",128.5161745,35.1378377,25.4333333333333,181.866666666667,46.9633333333333,69.1,0.784810262581116,0.125270388356469,0.0354656409815635,1.85115204562662,0.834456467040704,1.0750613754698,1.58963537066297,4.06446157132577,3.14915667707021,3.0543576776379,1.17636336510556,2.38412141061493,8.7079877069949,1.85115204562662
3,"cerana",129.0125484,36.2136951,23.9333333333333,196.766666666667,45.2466666666667,57.5,0.879312028463103,0.10005498167985,0.00232026934654592,3.21457032357332,1.4974737200533,1.41392478022567,2.86938679211164,7.09741526396141,4.12131987576711,2.97308651317732,1.56809603479083,3.27241209631753,11.7547911070305,3.21457032357332
2,"cerana",128.2708307,37.694464,25.4666666666667,247.533333333333,56.5466666666667,71.1666666666667,0.901575005943419,0.0874544337903162,0.00208762580236152,2.72193952047003,1.15534507071173,1.34030006120437,2.46503199498639,5.64618136535406,4.9232547702621,3.65659294979114,1.61384426913119,3.94727752725249,13.7592300724005,2.72193952047003
3,"cerana",128.1823372,37.4498916,25.8333333333333,226.433333333333,51.78,93,0.843847865408681,0.136740342739874,0.00575395442983913,3.49409023314241,1.16258529720127,1.94649909227502,3.28883542404168,6.04380347014701,4.62126188818987,1.41522530445694,2.58016801203424,4.36477175269089,8.05868666754286,3.49409023314241
50,"cerana",129.0362358,37.1890654,21.9666666666667,170.8,39.06,58.3,0.945179559798647,0.029017777740776,0.00477953224916538,49.0579800908921,7.25496989228968,36.3253574902414,48.5044745757837,63.3608407075708,37.1746074818962,20.5049123389594,13.8469544934858,31.9166276021235,84.4497684477644,49.0579800908921
20,"cerana",127.6318406,37.6814752,25.4666666666667,247.533333333333,56.5466666666667,71.1666666666667,0.901575005943419,0.0874544337903162,0.00208762580236152,19.7177866788993,4.42337253851298,12.285507961544,19.3779126892742,28.8932390764114,20.2061778493072,13.0306244765857,6.81899792910581,16.8524702098353,51.9833743982756,19.7177866788993
3,"cerana",128.1552132,36.9002638,25.8333333333333,222.4,50.9333333333333,91.4,0.816816065667497,0.136475476783599,0.03182811287622,3.32493684390784,1.54386141075237,1.46228218153694,2.9553810797101,7.25819974588337,6.91559247769839,7.68714268497051,1.73316923927689,4.55108210204819,27.6923728618078,3.32493684390784
2,"cerana",129.1340697,36.4762887,23.9333333333333,196.766666666667,45.2466666666667,57.5,0.879312028463103,0.10005498167985,0.00232026934654592,4.61391868853009,1.70718781948139,2.12320450332731,4.39176978049962,8.60280462402906,12.7120309703273,6.65378247753979,4.50403092554932,11.2459653556323,28.9776731236181,4.61391868853009
50,"cerana",129.1679121,36.4785066,23.9333333333333,196.766666666667,45.2466666666667,57.5,0.882035010967247,0.084791321496166,0.00643115059239981,48.44251368907,6.75574552661803,36.5965983883474,47.8069835378204,62.1558863598291,36.3530402811664,16.235537394852,15.8746619797166,33.4343381244131,79.2161209668689,48.44251368907
5,"cerana",128.8253618,37.258505,21.9666666666667,170.8,39.06,58.3,0.931653207194632,0.0525949640526858,0.00186180131677578,5.1329081972683,1.99107127277286,2.23981086769437,4.84323761200741,9.95952835257019,6.35363763663073,3.3340283632239,2.45988371686875,5.49972730283241,15.2226606980579,5.1329081972683
5,"cerana",127.7038728,36.7659693,26.9666666666667,248.6,57.0733333333333,85.3333333333333,0.797535303536076,0.176875448547162,0.00775538711157554,4.94196767611023,2.18389864885687,1.99222571670871,4.50096687049181,10.3892466661708,6.6831595576353,7.25922684053763,1.85472752985577,4.95893353982181,22.3794105096292,4.94196767611023
6,"cerana",128.85124,36.9786453,23.3333333333333,191.633333333333,43.85,89.8333333333333,0.902905603792729,0.0848410567682191,0.0014695626928614,5.60746129770599,1.73720418327874,2.94203602379796,5.4037403641383,9.72673316797014,6.3161419143678,1.93823663286265,3.54300542924466,6.02688563437012,10.8710790099041,5.60746129770599
2,"cerana",128.4015336,37.6644484,19.8666666666667,229.933333333333,55.74,61.0666666666667,0.902316789864021,0.0823118402718714,0.00135284758142417,2.52062012426026,0.888180357207905,1.39877139766587,2.34137303237373,4.82024828103541,3.40986660118522,1.21478329757245,1.8908560211617,3.12851336605851,6.52432988346568,2.52062012426026
2,"cerana",128.4015336,37.6644484,19.8666666666667,229.933333333333,55.74,61.0666666666667,0.902316789864021,0.0823118402718714,0.00135284758142417,2.53133874219428,0.884147406013149,1.41208397203474,2.32545061150611,4.7308739332555,3.42187857758077,1.25807873815409,1.83543637042256,3.11522365103215,6.67512870457907,2.53133874219428
2,"cerana",128.1786506,38.1681838,23.2666666666667,214.4,48.8966666666667,96.6666666666667,0.930131097921056,0.0568464536542893,0.0060162766872025,3.30439183567669,1.0585098757993,1.83924858851976,3.08946781651135,5.92798138505044,4.82997224895924,1.43328281969128,2.67867250508532,4.62524708881548,8.23642774290573,3.30439183567669
12,"cerana",127.1893559,35.7169648,26.5,229.4,52.94,94.0666666666667,0.79191636792701,0.161131528119105,0.0266332980106569,12.1568449436343,3.41215142015951,6.3729894299484,11.8460585110396,19.3637134545839,17.9850616194035,10.790190964038,6.29108524254021,15.360975454884,47.3935977922057,12.1568449436343
8,"cerana",128.9144704,36.9781712,23.3333333333333,191.633333333333,43.85,89.8333333333333,0.902905603792729,0.0848410567682191,0.0014695626928614,6.7512731122924,1.94593094183931,3.58368520328877,6.55238220281456,11.1962347710653,6.85349075132935,1.99796091615452,3.82516292005295,6.55590254462647,11.3053773750966,6.7512731122924
2,"cerana",128.6022225,37.3352646,23.7,167.7,38.2933333333333,76.1666666666667,0.931653207194632,0.0525949640526858,0.00186180131677578,2.59811054329343,1.2085373880104,1.18950887421113,2.27938610877128,5.80197726665209,4.9734301554617,4.86599801860733,1.38489107177403,3.34084737588599,19.7731714280727,2.59811054329343
1,"cerana",127.1659258,34.7026119,25.8666666666667,240.5,55.7966666666667,76.8333333333333,0.71813663538441,0.227932897463312,0.0186801437641166,2.5648515069053,0.839265326395638,1.47292313792035,2.37030332598196,4.73279913915724,4.21769364316767,1.37039234604825,2.29359472849884,3.9913125763261,7.47749522633094,2.5648515069053
1,"cerana",127.4104679,35.1998713,24.5333333333333,199.1,46.1833333333333,106.6,0.836245949392742,0.135410546829421,0.0109763012607803,2.176054396308,0.999439355206533,1.17694688858866,1.87804105024938,4.86865447787429,4.15655916391264,2.90839103203526,1.49837022449399,3.29124162432725,12.8805784303237,2.176054396308
1,"cerana",127.4104679,35.1998713,24.5333333333333,199.1,46.1833333333333,106.6,0.836245949392742,0.135410546829421,0.0109763012607803,2.13774475787793,0.97491647545134,1.15332129306495,1.85399731362203,4.61569200445303,4.16688543766042,3.0004803108676,1.50606092272035,3.23166757120876,13.1923706871692,2.13774475787793
1,"cerana",127.4529926,35.1986439,24.5333333333333,199.1,46.1833333333333,106.6,0.836245949392742,0.135410546829421,0.0109763012607803,2.08815623887704,0.880598338093087,1.12648247507736,1.83729559608496,4.41824570387031,4.58227199169546,3.70902961647466,1.40911560771829,3.41606811863651,14.8648266009193,2.08815623887704
1,"cerana",127.0514942,34.7015684,25.5666666666667,180,41.94,120.333333333333,0.71813663538441,0.227932897463312,0.0186801437641166,2.04723879664315,0.859434113177391,1.17611251281735,1.81189051269446,4.06249144441429,3.09497368656069,1.47251893200028,1.50272903317703,2.73672446577351,7.10489593466667,2.04723879664315
4,"cerana",128.9144704,36.9781712,23.3333333333333,191.633333333333,43.85,89.8333333333333,0.902905603792729,0.0848410567682191,0.0014695626928614,4.74982137741087,1.53742880823793,2.42734784516251,4.47429557567559,8.46046846720277,6.21615489106408,1.89320898753459,3.48865125311303,5.94673805733606,10.7934219488079,4.74982137741087
2,"cerana",128.2000497,37.4381764,25.8333333333333,226.433333333333,51.78,93,0.843847865408681,0.136740342739874,0.00575395442983913,3.11276367703931,1.21910561672401,1.64591004337152,2.84669675749953,6.11748628519317,4.65905900142381,1.83269818832884,2.25449876045875,4.30331763446135,9.37279726078281,3.11276367703931
2,"cerana",127.3677518,35.121549,24.5333333333333,199.1,46.1833333333333,106.6,0.820600845673605,0.14675378671474,0.0119406615185642,2.83719953133273,1.34641953981865,1.32884304110188,2.46806312680396,6.34062523403762,4.98974003132111,3.67200552580367,1.64358572049836,3.92932785583275,14.0417563190663,2.83719953133273
4,"cerana",128.85124,36.9786453,23.3333333333333,191.633333333333,43.85,89.8333333333333,0.902905603792729,0.0848410567682191,0.0014695626928614,4.59099849078425,1.44301363100354,2.42173759964681,4.36163108042431,7.9087495975304,5.8247955230502,1.75240769408116,3.18877074990083,5.62157858168751,10.064919618083,4.59099849078425
1,"cerana",128.8915154,36.6583598,25.8333333333333,246.966666666667,56.7666666666667,68.5,0.839185110042055,0.105858920321439,0.0383829843855149,2.75666497915546,1.14788119142393,1.3350533842324,2.50367155224666,5.49579547509004,6.97236339013758,5.01398072939605,2.15072366528686,5.5726527076475,21.5621023088391,2.75666497915546
2,"cerana",128.8162766,37.017043,23.3333333333333,191.633333333333,43.85,89.8333333333333,0.902905603792729,0.0848410567682191,0.0014695626928614,3.63730313844492,1.26158326109116,1.93008303909762,3.34781296741121,6.77682611556465,5.63362051395673,1.81229012253679,2.90029717738045,5.35781114527994,10.1663488222488,3.63730313844492
7,"cerana",129.0698695,37.245738,21.9666666666667,170.8,39.06,58.3,0.945179559798647,0.029017777740776,0.00477953224916538,6.94579338748384,2.49221222688754,3.17881985857168,6.70713929434466,12.3532165304414,10.0241209838851,6.77426394854206,3.20201891498296,8.40221352127105,26.137510631676,6.94579338748384
15,"cerana",126.7898453,36.4838784,25.3666666666667,239.7,55.0633333333333,101.033333333333,0.676144194756554,0.290947565543071,0.00763857677902622,15.002736782682,3.83889036440139,8.5096657080836,14.6810654226296,23.2748275309452,22.1500658026648,20.5023641924528,5.67768971751851,16.2833503776798,71.2469708004139,15.002736782682
2,"cerana",128.1824685,37.7142062,25.4666666666667,247.533333333333,56.5466666666667,71.1666666666667,0.901575005943419,0.0874544337903162,0.00208762580236152,2.91990308285244,1.13844273910161,1.45970114973894,2.64764919418007,5.74972572096095,4.50258010896815,2.00810986166287,2.08936799235129,3.95217673838745,9.95543432974249,2.91990308285244
30,"cerana",127.3677518,35.121549,24.5333333333333,199.1,46.1833333333333,106.6,0.820600845673605,0.14675378671474,0.0119406615185642,28.4603694814229,5.25532852136699,19.4487950097837,28.1267732798712,40.1552902683502,20.0808913738042,10.4488114339707,7.56242155981846,17.6354312699786,48.4106585180715,28.4603694814229
1,"cerana",128.4015336,37.6644484,19.8666666666667,229.933333333333,55.74,61.0666666666667,0.902316789864021,0.0823118402718714,0.00135284758142417,2.17864851235246,0.753248587913513,1.30533268042998,1.99319823994317,4.16826652825958,3.14659995058718,1.09246161614641,1.72113470717402,2.88990347929836,6.11717148577228,2.17864851235246
2,"cerana",128.3851271,38.0466608,23.2666666666667,214.4,48.8966666666667,96.6666666666667,0.930131097921056,0.0568464536542893,0.0060162766872025,2.95920839696175,1.13540958112055,1.48836304489687,2.69201319526837,5.72701463539274,4.52350833903175,2.24872473430799,2.01978943765631,3.99155663710144,10.314197030944,2.95920839696175
1,"cerana",127.3842655,35.2513297,25.8,231.266666666667,53.5433333333333,110.2,0.820600845673605,0.14675378671474,0.0119406615185642,1.6956343254849,0.747638509001933,1.03439485701789,1.4487602366263,3.72205511224231,2.59861364580345,2.10466321062547,1.06988451303783,1.94845825691548,7.92735477985883,1.6956343254849
1,"cerana",127.5650821,34.9624053,26.1333333333333,211.833333333333,50.31,91.3333333333333,0.697398276331517,0.15628300913973,0.0444415263908977,1.82145922696104,0.751463472230057,1.05982608320348,1.59320844814499,3.80569198146991,3.64587885204162,4.27230861694528,1.15097723725951,2.45098681978372,13.9330451978278,1.82145922696104
3,"cerana",128.1824685,37.7142062,25.4666666666667,247.533333333333,56.5466666666667,71.1666666666667,0.901575005943419,0.0874544337903162,0.00208762580236152,3.47226528768708,1.37557591351192,1.64673406186995,3.14334921797067,6.91334899893193,4.63751943523567,2.09448129958642,2.19693340281884,4.11878374717665,9.79117540502425,3.47226528768708
1,"cerana",128.3851271,38.0466608,23.2666666666667,214.4,48.8966666666667,96.6666666666667,0.930131097921056,0.0568464536542893,0.0060162766872025,2.43898876809646,0.896020118532539,1.34061054206852,2.22642118559561,4.6840405042463,4.1725055822751,1.92178233759438,1.83746033150857,3.70834169692197,8.972943070379,2.43898876809646
4,"cerana",128.8286576,36.7047911,25.8333333333333,246.966666666667,56.7666666666667,68.5,0.839185110042055,0.105858920321439,0.0383829843855149,4.5044064435045,1.831685411384,1.98225552084104,4.12939277443437,8.83755272719938,7.24583146011673,4.46945222888293,2.45589463965441,6.13182059845715,18.5032927430461,4.5044064435045
1,"cerana",128.85124,36.9786453,23.3333333333333,191.633333333333,43.85,89.8333333333333,0.902905603792729,0.0848410567682191,0.0014695626928614,3.33154489937831,1.08008851510399,1.84348012355696,3.11937852018329,6.05017119790349,5.51946933528059,1.79644295076896,2.94197723312015,5.19330295879028,9.80960857206744,3.33154489937831
4,"cerana",128.3851271,38.0466608,23.2666666666667,214.4,48.8966666666667,96.6666666666667,0.930131097921056,0.0568464536542893,0.0060162766872025,4.06942950740585,1.68216841409359,1.86678983931083,3.7535503795532,8.20032252960393,5.10576981735404,2.24970752479382,2.29333954885479,4.61912840613301,11.0614229600626,4.06942950740585
2,"cerana",128.3851271,38.0466608,23.2666666666667,214.4,48.8966666666667,96.6666666666667,0.930131097921056,0.0568464536542893,0.0060162766872025,2.94576365560039,1.12448113081858,1.51043844805342,2.70078756383965,5.69213254678624,4.56837911809793,2.08712249058947,2.02122106421752,4.12652689181422,9.93868253557852,2.94576365560039
50,"cerana",129.1679121,36.4785066,23.9333333333333,196.766666666667,45.2466666666667,57.5,0.882035010967247,0.084791321496166,0.00643115059239981,48.7324851074277,6.86446227112176,36.4416321885952,48.6188561815339,62.8844641362903,37.1519767342302,17.690553911771,16.0937009112247,33.548257624203,80.3000757484665,48.7324851074277
19,"cerana",128.1364956,36.9225014,25.8333333333333,222.4,50.9333333333333,91.4,0.816816065667497,0.136475476783599,0.03182811287622,18.6524235631404,4.32447337462908,11.6789579277061,18.2769010671693,28.2281844115148,22.163826649667,17.0830968498289,5.87129638553682,17.1191890807713,68.0604141956619,18.6524235631404
1,"cerana",128.8162766,37.017043,23.3333333333333,191.633333333333,43.85,89.8333333333333,0.902905603792729,0.0848410567682191,0.0014695626928614,3.22623147295525,1.05235285856461,1.81194302098631,2.99929421830923,5.75086072567196,5.4520106924573,1.8926177539288,2.92179132223903,5.08117556662145,10.0189008145335,3.22623147295525
1,"cerana",129.0125484,36.2136951,23.9333333333333,196.766666666667,45.2466666666667,57.5,0.879312028463103,0.10005498167985,0.00232026934654592,1.88578482156572,0.762802037511063,1.08882314311866,1.65710525777221,3.88392432881986,2.94710621042896,1.79053022844732,1.26031550924501,2.40769840270482,7.2876271913436,1.88578482156572
5,"cerana",128.969731,36.6966455,25.8333333333333,246.966666666667,56.7666666666667,68.5,0.839185110042055,0.105858920321439,0.0383829843855149,5.09559342855643,2.03601184997411,2.21215903713177,4.67708432334482,9.91435935942213,7.26941768500499,4.29531892926145,2.5772992924759,6.12872098948977,17.8344167649965,5.09559342855643
1,"cerana",129.0125484,36.2136951,23.9333333333333,196.766666666667,45.2466666666667,57.5,0.879312028463103,0.10005498167985,0.00232026934654592,1.89162972766475,0.784786357105086,1.10108961758522,1.65944631072788,3.8142293334586,2.97382166451746,2.21872580211264,1.2288129624435,2.35354739003863,8.59295780953792,1.89162972766475
2,"cerana",128.3851271,38.0466608,23.2666666666667,214.4,48.8966666666667,96.6666666666667,0.930131097921056,0.0568464536542893,0.0060162766872025,2.87562109912692,1.15444423725161,1.49390275879356,2.61501680988795,5.95095530440322,4.57315902392898,2.1262451513958,2.00096063911427,4.09369775614455,9.58776524353261,2.87562109912692
1,"cerana",128.1335981,38.1453645,23.2666666666667,214.4,48.8966666666667,96.6666666666667,0.930131097921056,0.0568464536542893,0.0060162766872025,2.9243790847443,0.970696544067481,1.59383443610977,2.75164142506566,5.50610330965601,4.6917290874955,1.5962235797629,2.40829912105864,4.43136801039317,8.45844518105978,2.9243790847443
1,"cerana",128.3851271,38.0466608,23.2666666666667,214.4,48.8966666666667,96.6666666666667,0.930131097921056,0.0568464536542893,0.0060162766872025,2.502969596473,1.01703187808465,1.34854767635632,2.25963446093058,5.02347808722456,4.1516130018282,1.82095364763284,1.95082738805454,3.74139974519848,8.66064827416749,2.502969596473
6,"cerana",127.7440552,37.7120915,25.4666666666667,247.533333333333,56.5466666666667,71.1666666666667,0.901575005943419,0.0874544337903162,0.00208762580236152,5.8158950583447,2.10762650259562,2.68827389572486,5.50710953667082,10.7491215637978,6.60922762971355,2.90443047732899,2.7856547684285,6.00375965938111,13.2133518559577,5.8158950583447
7,"cerana",127.5730566,35.0317078,26.1333333333333,211.833333333333,50.31,91.3333333333333,0.697398276331517,0.15628300913973,0.0444415263908977,6.88698329836131,2.45323618311596,3.00047315826136,6.53790917158292,12.2856885234022,9.20627785147799,7.72741278549499,2.59982526045393,6.8539015801543,29.9881228220332,6.88698329836131
5,"cerana",127.698092,35.4797722,25.0666666666667,202.8,46.8133333333333,103.5,0.788179078272862,0.18458110283546,0.00480203902732212,5.22159522810294,2.05941006208754,2.19650991887497,4.91304440287051,9.87850050498981,7.91938138917333,5.14911205348114,2.53255781670927,6.48933468682295,20.2771749723532,5.22159522810294
1,"cerana",127.7290553,37.6078802,25.4666666666667,247.533333333333,56.5466666666667,71.1666666666667,0.901575005943419,0.0874544337903162,0.00208762580236152,2.61155991150601,1.04227109519144,1.32829065178921,2.3709276754722,5.02685905154796,5.08596987489892,2.60674314974139,2.12735664819061,4.38320036777493,11.9478043629709,2.61155991150601
1,"cerana",128.1823372,37.4498916,25.8333333333333,226.433333333333,51.78,93,0.843847865408681,0.136740342739874,0.00575395442983913,2.74305058861737,0.83858605689782,1.64837865551653,2.57070343786841,4.86109050926474,4.31825248711306,1.25672493128121,2.49040824725852,4.1049449589034,7.3441712866587,2.74305058861737
12,"cerana",126.5604999,35.0795439,25.8333333333333,256.766666666667,59.4933333333333,83.3333333333333,0.525523757391482,0.411945049460545,0.0141792263409316,11.3958242984939,3.22186700055846,5.94586309822565,11.2035160169994,19.0923968215501,11.1777067723188,8.03459799228819,3.4580940520154,8.86345333502363,33.4413401900993,11.3958242984939
3,"cerana",128.8162766,37.017043,23.3333333333333,191.633333333333,43.85,89.8333333333333,0.902905603792729,0.0848410567682191,0.0014695626928614,4.02123628733144,1.37129588521328,2.13892083978612,3.74143610254803,7.32926748569151,5.82452114009412,1.95615916850525,3.1494349759207,5.51716581847649,10.4523143068347,4.02123628733144
8,"cerana",128.8162766,37.017043,23.3333333333333,191.633333333333,43.85,89.8333333333333,0.902905603792729,0.0848410567682191,0.0014695626928614,6.70903074285261,2.12414817123066,3.50365853280104,6.46514758527094,11.6804003158317,6.72600794017164,2.10676833699929,3.62926349565184,6.41388984617013,11.7032187288395,6.70903074285261
5,"cerana",127.8953907,37.704929,25.4666666666667,247.533333333333,56.5466666666667,71.1666666666667,0.901575005943419,0.0874544337903162,0.00208762580236152,4.87153062445038,1.99818441244111,2.16463846048958,4.47948167923912,9.78178665928766,6.1594624299445,3.43696792735176,2.4723152467768,5.30267396352849,15.2244216250264,4.87153062445038
4,"cerana",128.203636,37.6634847,25.4666666666667,247.533333333333,56.5466666666667,71.1666666666667,0.901575005943419,0.0874544337903162,0.00208762580236152,4.03850250994428,1.59629099561573,1.7724066365162,3.74538701950445,7.98243601375432,5.17980584390066,2.66396133408597,2.15177060686506,4.59390121741557,12.7299211758165,4.03850250994428
21,"cerana",127.7440552,37.7120915,25.4666666666667,247.533333333333,56.5466666666667,71.1666666666667,0.901575005943419,0.0874544337903162,0.00208762580236152,18.9097231675804,4.21407881063283,11.6615831902198,18.5373161431723,28.3894132309676,11.8867042026583,5.26072442751488,5.42198213701071,10.827997167872,24.7831079643963,18.9097231675804
5,"cerana",127.698092,35.4797722,25.0666666666667,202.8,46.8133333333333,103.5,0.788179078272862,0.18458110283546,0.00480203902732212,5.08096295749721,2.05888599847978,2.0880264327616,4.78534095160294,9.69975975112013,7.17426001783886,6.43056490275823,2.25750208281391,5.56700352586089,20.3036573313714,5.08096295749721
5,"cerana",127.855825,36.9405735,25.8333333333333,222.4,50.9333333333333,91.4,0.734773509211059,0.192849047033986,0.0346030391641658,5.28570764781675,2.25090531175607,2.09418385591891,4.89811163823167,10.3252229098456,8.85986001622468,8.41465396207314,2.34113768191998,6.74688725441118,29.8631579246316,5.28570764781675
2,"cerana",127.7290553,37.6078802,25.4666666666667,247.533333333333,56.5466666666667,71.1666666666667,0.901575005943419,0.0874544337903162,0.00208762580236152,3.183565313424,1.25477105137609,1.61536595100458,2.92165363954441,6.52608856662229,5.57792493398546,2.61811619745403,2.23093207959669,5.010334725589,12.4839210915711,3.183565313424
4,"cerana",128.969731,36.6966455,25.8333333333333,246.966666666667,56.7666666666667,68.5,0.839185110042055,0.105858920321439,0.0383829843855149,4.28281791529562,1.70404486130885,1.89769147127341,4.02190361323139,8.62185676160634,6.66305550019103,4.43128416951385,2.37240654157065,5.46710541952765,17.3308330757054,4.28281791529562
7,"cerana",127.7290553,37.6078802,25.4666666666667,247.533333333333,56.5466666666667,71.1666666666667,0.901575005943419,0.0874544337903162,0.00208762580236152,6.55452148120162,2.25820319321494,3.03917849268369,6.29477470156876,11.6825740221472,7.23026014732227,3.26414636909795,3.18480823194775,6.53362067646122,15.3505962391707,6.55452148120162
9,"cerana",128.1824685,37.7142062,25.4666666666667,247.533333333333,56.5466666666667,71.1666666666667,0.901575005943419,0.0874544337903162,0.00208762580236152,7.59307462793945,2.43123146725439,3.58547485667268,7.37202856786418,12.7889300894314,6.34462413350592,2.59283053376595,3.05711263218569,5.81544720690465,12.8635205579451,7.59307462793945
2,"cerana",128.1824685,37.7142062,25.4666666666667,247.533333333333,56.5466666666667,71.1666666666667,0.901575005943419,0.0874544337903162,0.00208762580236152,2.95760872710553,1.12167894659349,1.4993927953753,2.7115244322891,5.75095998849877,4.46154351699527,1.9450774650175,2.06907703301552,3.99441451538573,9.27417794687984,2.95760872710553
8,"cerana",126.9116461,37.7267059,26.5666666666667,232.533333333333,53.78,83.8333333333333,0.571906243426079,0.212923083736534,0.0347601279907882,7.53717420190811,2.68174481616526,3.42870355508545,7.28584522977114,13.7295595268985,8.09196056127565,5.27565160372572,2.82543840796368,6.92744062518927,20.8564856920224,7.53717420190811
1,"cerana",126.6187141,34.9992997,26.3333333333333,242,56.1833333333333,103.833333333333,0.450590334066162,0.465747300008143,0.0305137942010319,1.68365084632316,0.72023369535575,1.02572068058407,1.4498767455855,3.63708037798238,2.52141024594705,2.61170971674676,1.06462280659836,1.73380916128074,8.95113981234028,1.68365084632316
1,"cerana",126.6579998,35.0988227,26.7666666666667,222.733333333333,51.6733333333333,77.7666666666667,0.450590334066162,0.465747300008143,0.0305137942010319,1.82324589471212,0.836077179348196,1.05707155327044,1.58281588744287,4.02000611994074,2.77345815767684,2.22021887545308,1.20833440198489,2.15505678537447,7.97809485380427,1.82324589471212
5,"cerana",127.722363,37.7216909,25.4666666666667,247.533333333333,56.5466666666667,71.1666666666667,0.901575005943419,0.0874544337903162,0.00208762580236152,5.01987799983863,1.89330338771554,2.34633628287931,4.60178166694999,9.70839366313906,6.35844467738458,3.07295861892531,2.61328137616386,5.59860437371251,14.5008863203893,5.01987799983863
4,"cerana",128.1824685,37.7142062,25.4666666666667,247.533333333333,56.5466666666667,71.1666666666667,0.901575005943419,0.0874544337903162,0.00208762580236152,3.99068589884812,1.59749881849249,1.79688276325962,3.6437871861103,8.01583666605336,5.00418358017935,2.16986336475763,2.39001598866029,4.48449360426911,10.7904035808066,3.99068589884812
3,"cerana",128.3598571,37.3619937,24.5,204.566666666667,46.82,81.5666666666667,0.902316789864021,0.0823118402718714,0.00135284758142417,3.92873566893131,1.34823225031433,1.92436376165529,3.72837244323258,7.27324271971696,5.86471365784297,2.28770006971492,2.77904343043577,5.44419557411171,11.4665295467929,3.92873566893131
4,"cerana",128.4052788,37.3728454,23.7,167.7,38.2933333333333,76.1666666666667,0.902316789864021,0.0823118402718714,0.00135284758142417,4.80578738981064,1.78306669418443,2.19274233262916,4.48427579169261,9.07035122845188,6.7715055802641,2.87484861087113,3.06262135492797,6.14913292288987,14.3747351860581,4.80578738981064
9,"cerana",128.3598571,37.3619937,24.5,204.566666666667,46.82,81.5666666666667,0.902316789864021,0.0823118402718714,0.00135284758142417,7.97991555000671,2.53287468539126,3.8774493874582,7.68367143712233,13.7404916617588,7.45512831657677,3.01264347999234,3.58326132581511,6.86014539748288,14.8350616856662,7.97991555000671
1,"cerana",128.1453026,37.4048732,25.8333333333333,226.433333333333,51.78,93,0.843847865408681,0.136740342739874,0.00575395442983913,2.53585789851089,0.798482281485452,1.46929063342394,2.40451200510718,4.50862722772053,4.00272359404726,1.26800947557386,2.17935683651079,3.74490954761761,7.01928717286538,2.53585789851089
1,"cerana",128.153439,37.4615935,25.8333333333333,226.433333333333,51.78,93,0.843847865408681,0.136740342739874,0.00575395442983913,2.50817304060222,0.91775769619205,1.40004802906897,2.2578834293734,4.77461452639217,4.01873452336978,1.56699360800615,1.95563464895407,3.66426202156211,7.88003926770587,2.50817304060222
2,"cerana",127.2953255,36.7806849,25.1333333333333,229.266666666667,52.6266666666667,101.033333333333,0.691011270586543,0.232120657947459,0.00435206969886883,2.73200660325486,1.30799633690163,1.21895047056594,2.40011719766009,6.21771092926307,6.11250407504183,6.62194458849267,1.54800600683627,4.22849413252434,23.5741676930966,2.73200660325486
8,"cerana",128.4052788,37.3728454,23.7,167.7,38.2933333333333,76.1666666666667,0.902316789864021,0.0823118402718714,0.00135284758142417,7.42214024615431,2.32173270893701,3.76590096284,7.16442425067279,12.6451834887338,7.78698265348081,3.12243657672578,3.65862268751411,7.14674199016795,15.2219143831573,7.42214024615431
3,"cerana",127.2953255,36.7806849,25.1333333333333,229.266666666667,52.6266666666667,101.033333333333,0.691011270586543,0.232120657947459,0.00435206969886883,3.23956816750429,1.50476172266228,1.41407923640091,2.85425345211296,7.03463554144776,5.12865963340418,8.88601106019083,1.53281514018575,3.51723156898062,16.0080228403335,3.23956816750429
1,"cerana",129.0464878,36.2945638,23.9333333333333,196.766666666667,45.2466666666667,57.5,0.879312028463103,0.10005498167985,0.00232026934654592,2.13160516554904,0.929896124488866,1.14959570294024,1.86431479327837,4.68561735918872,3.91740258770996,2.74071907721391,1.43824621887494,3.01935490658009,10.8811572167327,2.13160516554904
5,"cerana",128.8318904,35.2343442,26.0333333333333,249.033333333333,57.8266666666667,70.3,0.607078687157261,0.251961430080328,0.0221574366749424,4.86715226425381,1.93740296195381,2.09505798310194,4.54420325448807,9.32497283605053,5.96689935988685,4.00707365669176,1.99685626877339,4.8876632970075,15.9342649620593,4.86715226425381
1,"cerana",127.4190182,37.7370004,26,213.066666666667,48.7033333333333,96.1666666666667,0.891529171045338,0.0757725901970562,0.0154913992556081,1.97229772555577,0.846690073044908,1.10549097864779,1.72420454650472,4.18942116679836,3.18015131424737,2.18308583193759,1.31482325095734,2.54821429914908,8.88966208772253,1.97229772555577
1,"cerana",128.4999975,35.1957011,25.4333333333333,181.866666666667,46.9633333333333,69.1,0.83928817767968,0.0275505981120549,0.00336006936917407,2.14903903121904,1.00431517847505,1.11591418110235,1.86229717991186,4.81658219601335,5.52187291421541,6.78680834307894,1.38791902483592,3.64049490096206,20.6186420682246,2.14903903121904
4,"cerana",127.698092,35.4797722,25.0666666666667,202.8,46.8133333333333,103.5,0.788179078272862,0.18458110283546,0.00480203902732212,4.25438494043775,1.84302531435152,1.79308071272865,3.89008302353101,8.91969666899501,6.45670232361262,5.35123161625203,1.97133150284114,4.93568798272458,20.6606408285781,4.25438494043775
8,"cerana",127.2851097,35.61436,25.0333333333333,212.233333333333,49.0766666666667,104.666666666667,0.79191636792701,0.161131528119105,0.0266332980106569,8.90323577232962,2.71846129259969,4.60703617317099,8.59030710056079,15.1141023478789,15.3709145467096,7.15991529311278,6.19157909026135,13.7970827190633,33.4453639238105,8.90323577232962
1,"cerana",126.6420286,34.9128619,26.3333333333333,242,56.1833333333333,103.833333333333,0.450590334066162,0.465747300008143,0.0305137942010319,1.69572859413108,0.797004354505721,1.03041936714644,1.44657369959189,3.76412522632224,2.44671459836654,2.38530187974906,1.06264271619279,1.72149083995747,9.12749994121451,1.69572859413108
1,"cerana",126.569878,35.1268935,25.8333333333333,256.766666666667,59.4933333333333,83.3333333333333,0.525523757391482,0.411945049460545,0.0141792263409316,1.94820743239593,0.754727849108588,1.13931848217315,1.74754441811624,3.85431553597077,3.09100275039909,1.73004925814015,1.38867609567409,2.66471134110359,7.1462424239351,1.94820743239593
3,"cerana",127.1832377,37.0953283,26.1666666666667,239.733333333333,54.9566666666667,108.666666666667,0.67047354081566,0.248529191372281,0.0105175786128478,3.10136800003681,1.43305608389848,1.3380309457301,2.73286181085361,6.7284956652004,4.40603629133877,4.00792757120351,1.43757830937785,3.16385069047031,14.2628267515891,3.10136800003681
2,"cerana",127.1373616,37.7307329,25.2,234.6,53.5533333333333,148.366666666667,0.712410414427232,0.146418247453677,0.020044372738867,2.31402567065077,1.11646274933407,1.14620418779895,2.01226614305224,5.57477506813693,3.36726375035464,3.53812235905187,1.21156315851742,2.47697871159803,9.7722693244287,2.31402567065077
1,"cerana",127.4256431,34.6023284,25.0666666666667,217.966666666667,50.5966666666667,90.4666666666667,0.592110581994932,0.326759366068426,0.0361201214228515,1.87434272602521,0.857688790350831,1.08276533963662,1.6076545755096,4.30782058601729,3.07134196290838,2.53005243709134,1.21510940210899,2.31759569912872,9.62325492599334,1.87434272602521
11,"cerana",127.7337388,36.8320043,25.8333333333333,222.4,50.9333333333333,91.4,0.797535303536076,0.176875448547162,0.00775538711157554,11.1951827138963,3.37568820896027,5.49814729018431,10.8328701157962,18.7703158348989,20.8697807559266,25.9007610035497,4.38799021614554,14.1009535737392,71.4213282838255,11.1951827138963
2,"cerana",128.064647,36.689657,25.2333333333333,196.7,45.1633333333333,68,0.814675916998863,0.162685888783513,0.0059116469972493,2.43666908433445,1.1536633223116,1.16646371356505,2.10220692777753,5.34185248975788,3.94774998381839,3.50212956201962,1.25046663338068,2.86651074865314,13.1237070113527,2.43666908433445
2,"cerana",126.3563016,33.4545419,26.1333333333333,222.133333333333,51.99,117.1,0.497059522823146,0.419527290149897,0.0160496918127749,2.24129264189737,1.06577485219276,1.13971021247976,1.92679016109919,5.29397680215972,3.05845895721536,3.02213700278168,1.15993901655775,2.21774640173901,9.69458985099203,2.24129264189737
31,"cerana",127.8469846,37.8560252,25.7,243.233333333333,55.51,112.366666666667,0.833499675250017,0.0921676758793463,0.0446154032345905,28.8277570914117,5.3461780624087,19.9352990431251,28.4042216249574,39.9555142191909,17.5699482570095,7.73537107898681,7.8809953405887,16.1932051472106,34.9792233567872,28.8277570914117
2,"cerana",126.8874703,37.949804,24.2666666666667,235.2,54.3,57.4,0.528366265886119,0.36071779398309,0.0373647021381423,2.10262229187213,0.977799348781669,1.10486257277172,1.8250098929426,4.57336749213889,2.50984837575123,1.86382917531551,1.1161426564946,1.99123813676724,6.71948739017902,2.10262229187213
1,"cerana",127.1755408,35.6016867,25.0333333333333,212.233333333333,49.0766666666667,104.666666666667,0.79191636792701,0.161131528119105,0.0266332980106569,3.96685424945615,1.42860967455353,1.95544296489353,3.71331090387321,7.33951667165188,17.5990597596031,10.1198016300077,5.209520607592,15.1261870903107,43.9800176414924,3.96685424945615
8,"cerana",127.7807653,35.4151198,25.2666666666667,212.533333333333,49.75,120.333333333333,0.879513991113253,0.0966482028151595,0.00862303165605175,7.56985009768873,2.68606836793466,3.53620034178279,7.14004120826816,13.6427813291675,8.56765479324466,5.39485130120165,3.12368253561372,7.26819292301264,21.0622673462904,7.56985009768873
68,"cerana",127.3247378,35.5749948,25.0333333333333,212.233333333333,49.0766666666667,104.666666666667,0.79191636792701,0.161131528119105,0.0266332980106569,65.6025899128522,8.12819387874166,50.3285525991804,65.7020585703205,82.3361607682065,38.1923206342923,15.7965394015203,17.4400984471739,34.9921662676739,78.057933115649,65.6025899128522
8,"cerana",126.746821,35.2406252,26.7666666666667,222.733333333333,51.6733333333333,77.7666666666667,0.398713643580196,0.359720964604896,0.0299743784437848,7.74678433705608,2.81664417037333,3.44412760026853,7.27932367311821,14.7066551956092,9.77505581557254,10.5753260533727,2.57076792033289,7.25981054826259,28.8117251993497,7.74678433705608
2,"cerana",128.7962705,36.3616331,26.0666666666667,225.266666666667,51.7966666666667,68.6666666666667,0.801978658686764,0.181746742771292,0.00587024653957933,2.85246205923749,1.11842569826077,1.45519949377106,2.61534219489212,5.60403518998933,4.13666842875675,1.64822210938864,2.08274420628898,3.76432662538838,8.30228273149699,2.85246205923749
36,"cerana",129.0996014,37.5319136,23.4333333333333,202.8,46.2566666666667,65.1333333333333,0.829503005714568,0.0635083986839176,0.00768869208124088,35.4942729341976,5.86124129644938,25.1390248651438,35.1972650345759,48.0681342921721,40.5169865888512,30.6607351384981,12.359291541715,31.8634856649237,118.506181133907,35.4942729341976
7,"cerana",127.0893369,35.7555413,26.5,229.4,52.94,94.0666666666667,0.53084760624863,0.239661071874494,0.00875913800169655,6.98772429111087,2.60292695854915,3.10364559300969,6.66243104024661,13.3634455223389,10.8193563200347,8.74746920705741,2.91419858302728,8.39072324981987,33.7183023554111,6.98772429111087
110,"cerana",127.2653376,35.8703189,26.5,229.4,52.94,94.0666666666667,0.791904881813902,0.163174547564567,0.0137444027195393,109.489076981512,10.3780373383382,89.8930359988881,109.416903700435,130.1935714294,105.317137777973,72.3246517817552,34.1446578616446,85.7230061429202,278.927348139373,109.489076981512
1,"cerana",126.9461278,35.302315,26.7666666666667,222.733333333333,51.6733333333333,77.7666666666667,0.700314797890197,0.245649875454725,0.0143978718786525,1.77705159288708,0.792866469024941,1.05992448383954,1.52314886032363,4.02350169903664,2.93890944680185,2.35714683912516,1.17759342195899,2.15485415221704,9.65951181834954,1.77705159288708
3,"cerana",128.8287914,36.4016276,26.0666666666667,225.266666666667,51.7966666666667,68.6666666666667,0.801978658686764,0.181746742771292,0.00587024653957933,3.25304941517991,1.45174075102102,1.49103326235671,2.87899916611029,6.83989190402178,4.45938358636494,2.81445257174093,1.69715257263877,3.65112315692569,11.3292240883885,3.25304941517991
3,"cerana",127.7807653,35.4151198,25.2666666666667,212.533333333333,49.75,120.333333333333,0.879513991113253,0.0966482028151595,0.00862303165605175,3.52357880800795,1.49075139496307,1.61066011773157,3.19041364403283,7.25414671319065,5.51671415517799,3.79145340405603,1.89931229904056,4.49172298371493,15.4895637323438,3.52357880800795
5,"cerana",126.4426404,33.3064679,25.5,176.233333333333,45.2333333333333,59.1666666666667,0.478564507373793,0.451577489511305,0.0166185564918297,4.91978892214905,2.15371980484722,1.92994779205264,4.54391783350118,10.3250620057824,6.33780756481744,6.02604397070203,1.70813705914672,4.72048863906242,21.9666093912578,4.91978892214905
7,"cerana",126.7859757,37.7652984,24.2666666666667,235.2,54.3,57.4,0.528366265886119,0.36071779398309,0.0373647021381423,7.03837357852239,2.68286832574696,2.87722016455396,6.67652295927994,13.775909115272,10.9148625256127,12.6628761349704,2.6163588003728,7.66020707604046,34.771616789444,7.03837357852239
3,"cerana",128.8286576,36.7047911,25.8333333333333,246.966666666667,56.7666666666667,68.5,0.839185110042055,0.105858920321439,0.0383829843855149,3.72830553810426,1.61274937988361,1.5937523611541,3.36028193745058,7.64330052409123,6.87244492651759,4.77147286829655,2.26888266821582,5.59347835072815,19.9021711567712,3.72830553810426
4,"cerana",127.4368324,37.8213525,25.7,243.233333333333,55.51,112.366666666667,0.891529171045338,0.0757725901970562,0.0154913992556081,4.06948469586759,1.76696834763638,1.74482298897779,3.68391586047872,8.3987522755391,6.01170421834783,4.51286062041536,1.82546657705519,4.73982369051141,17.7736022647611,4.06948469586759
1,"cerana",127.2851097,35.61436,25.0333333333333,212.233333333333,49.0766666666667,104.666666666667,0.79191636792701,0.161131528119105,0.0266332980106569,3.77450324315811,1.46510248885266,1.84092007668492,3.46434447562683,7.69301570415515,12.3682218126089,6.96298929677327,4.36778522710911,10.825850686272,31.1980348506448,3.77450324315811
4,"cerana",128.7708492,36.9694817,23.3333333333333,191.633333333333,43.85,89.8333333333333,0.902905603792729,0.0848410567682191,0.0014695626928614,4.42885790644036,1.67228609964428,2.0532191672501,4.12358267335493,8.38996729961857,7.05640176884398,4.1428878613056,2.67355147300943,5.9900446659958,17.685959255827,4.42885790644036
4,"cerana",128.969731,36.6966455,25.8333333333333,246.966666666667,56.7666666666667,68.5,0.839185110042055,0.105858920321439,0.0383829843855149,4.30656930296967,1.86643071570608,1.77472271307967,3.97395851719909,8.86040284295674,6.58801926465313,3.69645181400172,2.41923643656693,5.65898791518046,16.0542887617584,4.30656930296967
7,"cerana",128.9603713,36.9256095,23.3333333333333,191.633333333333,43.85,89.8333333333333,0.902905603792729,0.0848410567682191,0.0014695626928614,7.06885231343889,2.51083605588908,3.24658024084146,6.69149181480817,12.8094659554843,10.7341663282867,8.28855520944285,3.06653692919883,8.5047167568453,29.2832120244364,7.06885231343889
1,"cerana",128.5140897,36.6393275,25.8333333333333,246.966666666667,56.7666666666667,68.5,0.655519395655666,0.307953688242074,0.0135755369474273,2.04740442586553,0.894492607256516,1.12336203678643,1.82755454898159,4.26975907625305,3.58457516449833,2.30925319515627,1.39270179351371,2.82482664512301,10.0220850347601,2.04740442586553
54,"cerana",127.3247378,35.5749948,25.0333333333333,212.233333333333,49.0766666666667,104.666666666667,0.79191636792701,0.161131528119105,0.0266332980106569,52.4851110675047,7.19659211431254,39.7601830486014,52.0616195452476,67.2438961499626,33.1291273420083,14.5324933142621,14.5488747969289,30.1026889100245,68.2716431579391,52.4851110675047
3,"cerana",127.546666,35.4176317,25.8,231.266666666667,53.5433333333333,110.2,0.76553234982903,0.195117469231961,0.00926974625300714,3.35999090198867,1.53852727771767,1.49877011751119,3.00585963703218,7.19095103639151,5.82877220187604,4.38246673290815,1.78491423285276,4.5255046359475,18.2553536088903,3.35999090198867
90,"cerana",127.201126,35.6414668,25.0333333333333,212.233333333333,49.0766666666667,104.666666666667,0.79191636792701,0.161131528119105,0.0266332980106569,88.9706817719814,9.3239736894166,71.6197572189652,88.8532509327092,108.142534332395,68.8684016389366,33.8215535773525,27.1843520181736,61.6784384145339,150.399730564914,88.9706817719814
6,"cerana",128.8067483,36.3321473,26.0666666666667,225.266666666667,51.7966666666667,68.6666666666667,0.801978658686764,0.181746742771292,0.00587024653957933,5.05965658371029,1.79406167659476,2.4524252044816,4.84370770050817,9.19355523880065,5.03221598961087,1.9549092089322,2.49796698559511,4.63878185721576,9.98466658433005,5.05965658371029
40,"cerana",127.5502399,36.3387497,26.8333333333333,235.866666666667,54.2833333333333,103.433333333333,0.747897092986543,0.181640982010216,0.0443479908140103,39.6434909229641,6.17455072164928,28.3800791826407,39.4314591479695,51.7149613945059,45.5455810354693,37.3193527231868,13.2819497571736,35.5491762939646,133.940874881301,39.6434909229641
6,"cerana",128.8067483,36.3321473,26.0666666666667,225.266666666667,51.7966666666667,68.6666666666667,0.801978658686764,0.181746742771292,0.00587024653957933,5.06305994925294,1.75167195203745,2.55679450626567,4.76827767295305,9.37521730396,5.16803297603951,1.96704222352372,2.57820177623086,4.78413394405042,10.1099362822741,5.06305994925294
3,"cerana",127.5958244,35.3999107,25.8,231.266666666667,53.5433333333333,110.2,0.76553234982903,0.195117469231961,0.00926974625300714,3.91957591123376,1.47659751264912,1.87382579225767,3.64972358985144,7.49082005026664,6.03735142814275,2.4935226127501,2.64282069932591,5.47845668107532,11.917823496829,3.91957591123376
3,"cerana",127.6700914,37.4472938,26,213.066666666667,48.7033333333333,96.1666666666667,0.804742799828056,0.165599860806911,0.0171248439195136,3.63937027330738,1.44465535450155,1.73006130324157,3.35404613229337,7.07641000606584,5.82608016922178,3.22214520422638,2.27680402536818,5.03161770636316,13.8073443054921,3.63937027330738
9,"cerana",126.4997293,35.6010073,26,233.133333333333,53.86,95.1666666666667,0.401042129259555,0.486525594339343,0.0442460846137905,8.62961007248471,2.94729981698937,3.89914310777242,8.24992958618337,15.62610995903,9.63902092995837,6.6599601136069,3.00439293495391,8.0168521108377,26.9769219247429,8.62961007248471
3,"cerana",127.5050639,37.497971,26,213.066666666667,48.7033333333333,96.1666666666667,0.804742799828056,0.165599860806911,0.0171248439195136,3.36151262414387,1.32362766566216,1.60462849505283,3.09444482895945,6.35630805042927,4.7912769148917,1.97752980948719,2.32310721168504,4.41425886410852,10.0236775193172,3.36151262414387
10,"cerana",128.0820625,37.9763688,23.2666666666667,214.4,48.8966666666667,96.6666666666667,0.930131097921056,0.0568464536542893,0.0060162766872025,9.14007384182849,2.9293104229467,4.5238886359119,8.83374625492222,15.8322150529802,8.54598958937194,4.37872680659645,3.58950706248037,7.59688313409305,19.6742341580301,9.14007384182849
29,"cerana",127.2168206,37.5914038,26.5666666666667,232.533333333333,53.78,83.8333333333333,0.712410414427232,0.146418247453677,0.020044372738867,28.1978909392181,5.24104661013131,19.0015931464394,27.7921241816416,39.2395021581539,25.2310674475263,16.9917852233525,8.65186657479612,20.9215090293399,70.7088595685376,28.1978909392181
7,"cerana",127.8472485,36.9844958,25.8333333333333,222.4,50.9333333333333,91.4,0.734773509211059,0.192849047033986,0.0346030391641658,7.02271131421965,2.4459208922583,3.19745092079097,6.76699254074488,12.5340813230544,10.9163211432968,9.01615738038116,2.7870325035994,8.36666424881546,33.8893922624847,7.02271131421965
40,"cerana",128.7902001,36.9395486,23.3333333333333,191.633333333333,43.85,89.8333333333333,0.902905603792729,0.0848410567682191,0.0014695626928614,37.4943383011846,6.0271323313614,27.0957042956663,37.089456650405,50.5347863110308,19.5949384377802,8.10744233048497,8.64434585977788,17.8978426391568,39.2254237724075,37.4943383011846
28,"cerana",128.85124,36.9786453,23.3333333333333,191.633333333333,43.85,89.8333333333333,0.902905603792729,0.0848410567682191,0.0014695626928614,21.5010678814437,4.33300973455853,13.8226385714557,21.1848445903772,31.0286350857484,9.36247491511071,2.52834311454158,5.59151497106802,9.04216620250119,14.9787598941951,21.5010678814437
1,"cerana",127.2926447,37.5430033,26,213.066666666667,48.7033333333333,96.1666666666667,0.712410414427232,0.146418247453677,0.020044372738867,1.96168768563799,0.985675440614683,1.06312631018033,1.64467996600016,4.44766701910859,4.62570237407088,7.11846069146661,1.21517433516853,2.80903547881861,17.4374646907007,1.96168768563799
7,"cerana",127.8382474,36.795644,25.8333333333333,222.4,50.9333333333333,91.4,0.797535303536076,0.176875448547162,0.00775538711157554,6.65836484544657,2.4063503053851,2.70696023341016,6.40570888737721,12.0520192280544,7.06188237382051,4.62723609939727,2.56106787383399,5.83356692252124,19.2712583737278,6.65836484544657
4,"cerana",128.6897039,37.357463,23.7,167.7,38.2933333333333,76.1666666666667,0.931653207194632,0.0525949640526858,0.00186180131677578,4.44820085075531,1.9053718986654,1.80037078131806,4.07636564869685,8.80164468093824,7.93248093442398,7.85309538361332,2.10610102827138,5.92745283896669,24.1639235636533,4.44820085075531
3,"cerana",128.5844613,37.5939121,19.8666666666667,229.933333333333,55.74,61.0666666666667,0.902316789864021,0.0823118402718714,0.00135284758142417,3.41347248423698,1.51989032693559,1.53666709210511,3.13092190650371,7.0251476124354,5.65168225274983,3.97129832953703,1.89978326580951,4.57257894760003,15.2220707069134,3.41347248423698
1,"cerana",127.5245592,37.4823024,26,213.066666666667,48.7033333333333,96.1666666666667,0.804742799828056,0.165599860806911,0.0171248439195136,2.60188164405015,0.919736047866053,1.42225122457027,2.4353130629032,4.82210088987317,4.71635253332441,2.10093473335395,2.16327895150498,4.20678586456694,10.2773275647529,2.60188164405015
31,"cerana",126.5660443,34.3835699,25.5666666666667,219.033333333333,50.9133333333333,79.4333333333333,0.459675598171879,0.465463751232189,0.0354538937180751,30.084035750307,5.56359425258453,20.550540854596,29.7702941763728,42.3222283732581,31.3996295134527,24.6736860456645,9.48347854289286,24.6849201674311,91.8406268155722,30.084035750307
5,"cerana",128.4182448,37.3628576,23.7,167.7,38.2933333333333,76.1666666666667,0.902316789864021,0.0823118402718714,0.00135284758142417,5.43439660452754,1.97860371531514,2.50109258072275,5.09256114482612,10.3228629979726,7.03366903875147,2.84365762122006,3.22226461394383,6.44832115245319,14.080147166886,5.43439660452754
1,"cerana",127.2664881,34.8250192,25.8666666666667,240.5,55.7966666666667,76.8333333333333,0.71813663538441,0.227932897463312,0.0186801437641166,1.90947869051127,0.863222672454728,1.07587490031547,1.64346759339884,4.33503544400333,3.32594680363024,3.05745310390814,1.23280900486187,2.51334468297269,10.4852804837876,1.90947869051127
150,"cerana",127.201126,35.6414668,25.0333333333333,212.233333333333,49.0766666666667,104.666666666667,0.79191636792701,0.161131528119105,0.0266332980106569,148.845517757645,12.1408782307838,125.983774492613,148.34696425669,173.823595147184,93.9561559351798,42.7113606037219,38.8836984654755,84.3551990916036,199.644397046504,148.845517757645
1,"cerana",126.9948641,35.3550719,25.7333333333333,255.5,59.12,102.666666666667,0.700314797890197,0.245649875454725,0.0143978718786525,1.92994879943395,0.863425856799778,1.08798077842308,1.63831212286813,4.27015937989407,3.6578078967132,3.05590284312112,1.28376595044531,2.69115816121316,11.3060892143994,1.92994879943395
6,"cerana",127.2168206,37.5914038,26.5666666666667,232.533333333333,53.78,83.8333333333333,0.712410414427232,0.146418247453677,0.020044372738867,6.30060860834469,2.43888792369815,2.62074042723566,5.94727719199773,12.2882424507372,11.5732573574788,17.6744311057847,2.51600218969185,7.84046637285037,41.5040436918792,6.30060860834469
3,"cerana",127.9320017,36.9635809,25.8333333333333,222.4,50.9333333333333,91.4,0.734773509211059,0.192849047033986,0.0346030391641658,4.0202588530135,1.59592737288824,1.8469049331743,3.75862993629045,8.15196088088613,6.83222701586424,3.44741062674172,2.72678553206633,6.01307963155432,15.5393297142537,4.0202588530135
8,"cerana",127.3976681,35.891691,26.5,229.4,52.94,94.0666666666667,0.826179209020244,0.129766236724467,0.0327120526180917,7.62854156593577,2.70624787183996,3.43661498691078,7.26171033034562,13.7913160617267,8.44963877951724,5.27516678432669,2.91543257447493,6.97029706150499,22.3133550224087,7.62854156593577
3,"cerana",128.0831466,37.2775872,25.8333333333333,226.433333333333,51.78,93,0.807252941842628,0.146686502012704,0.00467091513697713,3.37445929251975,1.42301159694209,1.55092111474463,3.08895015131548,7.03011175140782,4.72096596902848,2.60553245912556,1.91241721044966,4.01558041023804,11.4063887371309,3.37445929251975
4,"cerana",127.8549567,36.737561,25.8333333333333,222.4,50.9333333333333,91.4,0.797535303536076,0.176875448547162,0.00775538711157554,4.08632760027294,1.80558821043782,1.6932095855656,3.70419108459921,8.32795584666418,6.40371502100553,6.27154156943409,1.67443207404215,4.44475094978628,23.1018716641743,4.08632760027294
30,"cerana",127.7047799,37.0175465,25.8333333333333,222.4,50.9333333333333,91.4,0.734773509211059,0.192849047033986,0.0346030391641658,30.135242306939,5.36135149023727,20.6409278626049,29.8521732823946,41.2757594024431,48.1741979617249,53.7234303100918,11.6918919847047,34.7402527248679,156.565823018241,30.135242306939
3,"cerana",127.8549567,36.737561,25.8333333333333,222.4,50.9333333333333,91.4,0.797535303536076,0.176875448547162,0.00775538711157554,3.23690593681295,1.54754959497441,1.36129660115237,2.80314079375628,7.07382599023957,5.63233099534485,7.90455223922929,1.50552553942327,3.75454563221386,18.095267557316,3.23690593681295
2,"cerana",127.8382474,36.795644,25.8333333333333,222.4,50.9333333333333,91.4,0.797535303536076,0.176875448547162,0.00775538711157554,2.70755934755278,1.22986587013319,1.26241503444568,2.37594224315927,5.83964237586482,4.23838357961985,2.98321633422467,1.54237123566553,3.37346832390484,11.8282624102705,2.70755934755278
11,"cerana",128.5877391,37.3625666,23.7,167.7,38.2933333333333,76.1666666666667,0.931653207194632,0.0525949640526858,0.00186180131677578,10.7007410431456,3.12778323174175,5.38380660716965,10.3580402055919,17.5463050045173,11.576093754309,8.36309774081955,3.39470729121734,9.23929579430311,32.6745175420124,10.7007410431456
9,"cerana",128.4016703,36.4628137,26.0333333333333,220.433333333333,50.7166666666667,63.3,0.801978658686764,0.181746742771292,0.00587024653957933,9.05025874643091,2.90019620929296,4.18901606541697,8.70489667141104,15.8708085847414,15.1859796924035,13.38794617892,3.65427926987161,11.2412220420021,49.6318960930744,9.05025874643091
1,"cerana",126.393996,36.8109986,25.1666666666667,257.4,59.1333333333333,100.766666666667,0.421445223167609,0.471130388306591,0.0473736257917053,1.87111370448161,0.863856763250993,1.04932338378963,1.61743269044476,4.34653714426487,3.67165418892037,3.8469417007971,1.18923570077749,2.46797122219194,14.1763805967536,1.87111370448161
6,"cerana",128.0984423,37.8764886,23.2666666666667,214.4,48.8966666666667,96.6666666666667,0.901575005943419,0.0874544337903162,0.00208762580236152,6.13077658595554,2.28690531970685,2.53296513431497,5.72820439006694,11.2243382195021,7.92319904339828,4.80680935320657,2.89278362307849,6.63935330541223,20.1810912240765,6.13077658595554
1,"cerana",128.0369352,36.3683863,26.0333333333333,220.433333333333,50.7166666666667,63.3,0.753173371218467,0.21342022373031,0.0103891734028533,1.90964599099527,0.815504922683835,1.06652762601576,1.65670405822169,4.01790860909329,4.21355091085451,4.91955037498377,1.1772781302738,2.69137402791441,17.7630340810103,1.90964599099527
7,"cerana",127.4806675,37.9429407,25.7,243.233333333333,55.51,112.366666666667,0.891529171045338,0.0757725901970562,0.0154913992556081,6.06616027282633,2.10379835880624,2.89484635883766,5.6497948126371,11.205879915408,5.96832160318839,2.29857456038315,2.8963945484741,5.5148577548291,11.3131537531579,6.06616027282633
5,"cerana",127.4073324,35.6028238,25.0333333333333,212.233333333333,49.0766666666667,104.666666666667,0.758564909701308,0.219643819002869,0.0057048582762791,5.54017603752098,2.03182231518765,2.5212294850121,5.21297469843439,10.6008748773721,8.23273867875958,4.08782901422046,3.35539251188332,7.47108051413244,18.9313952965375,5.54017603752098
5,"cerana",128.0198556,37.2816624,25.8333333333333,226.433333333333,51.78,93,0.807252941842628,0.146686502012704,0.00467091513697713,4.80206906453482,1.98625346644768,2.06235816947475,4.45380523402604,9.38131942215497,5.27410568655704,2.6323093026007,2.22283615509375,4.67671757542867,11.8792205413985,4.80206906453482
5,"cerana",128.4671105,37.5048669,23.7,167.7,38.2933333333333,76.1666666666667,0.902316789864021,0.0823118402718714,0.00135284758142417,5.20555823179308,2.1950160954081,2.19816275016218,4.7413986454233,10.4959144366201,7.24450814038936,5.01065882831564,2.24312998877073,5.73981225461351,19.7200757690936,5.20555823179308
2,"cerana",127.5050639,37.497971,26,213.066666666667,48.7033333333333,96.1666666666667,0.804742799828056,0.165599860806911,0.0171248439195136,2.85049713070626,1.0864172226065,1.5021269620167,2.61791877937688,5.48619767449495,4.38331825393373,1.7838710006811,2.11213636764954,3.97567191001804,8.81202650832147,2.85049713070626
6,"cerana",128.8734902,37.0186463,23.3333333333333,191.633333333333,43.85,89.8333333333333,0.902905603792729,0.0848410567682191,0.0014695626928614,5.53517714889236,1.68834526484323,2.93250520931085,5.22783889383119,9.47173887367662,6.30241334078427,1.87634619317857,3.56920374497728,5.9522869232671,10.6846959759965,5.53517714889236
13,"cerana",128.7944095,36.8004842,23.3333333333333,191.633333333333,43.85,89.8333333333333,0.839185110042055,0.105858920321439,0.0383829843855149,12.4489702702044,3.40513327488321,7.02201703309608,12.1405633150122,19.9892627264408,13.433788960956,9.26374260916204,4.3570897706617,11.2748480839109,34.1512403910027,12.4489702702044
12,"cerana",128.7218619,37.3905072,23.7,167.7,38.2933333333333,76.1666666666667,0.931653207194632,0.0525949640526858,0.00186180131677578,11.774231783401,3.46453835485398,6.25779896561299,11.3646240401309,19.5771355381264,15.1645949489616,11.1943206969779,4.50585220587832,11.9182883735932,46.6024742740642,11.774231783401
2,"cerana",127.4368324,37.8213525,25.7,243.233333333333,55.51,112.366666666667,0.891529171045338,0.0757725901970562,0.0154913992556081,2.59831675228271,1.2833413607957,1.2335855743932,2.26349002815187,6.36612510796128,4.42822720070806,3.68278113932222,1.47686380746453,3.3266025834124,13.0252293279334,2.59831675228271
3,"cerana",127.8382474,36.795644,25.8333333333333,222.4,50.9333333333333,91.4,0.797535303536076,0.176875448547162,0.00775538711157554,3.29128959456068,1.47073607379305,1.48394153530201,2.96982697841083,6.99272051733615,4.59934883851418,2.7620814701359,1.72505486071523,3.87266525402869,12.248324260251,3.29128959456068
5,"cerana",128.3675653,36.9796571,24.4,226.533333333333,51.9066666666667,90,0.904689567418295,0.0673871751487965,0.00926318652694473,4.96019915247866,2.02903421300779,2.04447459197304,4.61246675266073,9.68716721924663,6.21544858038312,4.56100253821286,1.91667478033683,4.97532070362963,17.8231281635899,4.96019915247866
8,"cerana",128.9174135,36.3351104,23.9333333333333,196.766666666667,45.2466666666667,57.5,0.839185110042055,0.105858920321439,0.0383829843855149,7.53386885876729,2.52761011333725,3.60681108999746,7.28289734399074,12.9175951033503,8.42061813579139,4.53307495115649,3.3615950496239,7.35290763024297,20.8339521771853,7.53386885876729
22,"cerana",128.9007835,36.3735292,23.9333333333333,196.766666666667,45.2466666666667,57.5,0.839185110042055,0.105858920321439,0.0383829843855149,20.6065670349531,4.59064587344387,12.5392864340717,20.3512171571589,30.5934996829382,14.6279919457702,7.29503463807795,6.04930380379922,13.1211187929509,32.8851754213893,20.6065670349531
140,"cerana",127.1893559,35.7169648,26.5,229.4,52.94,94.0666666666667,0.79191636792701,0.161131528119105,0.0266332980106569,137.781113759283,11.8009889701799,116.824914040428,137.634692721029,163.557806184131,71.9067844046131,31.3932952620942,31.0059511024603,65.2398039144113,146.812286815789,137.781113759283
360,"cerana",127.997495,36.9395457,25.8333333333333,222.4,50.9333333333333,91.4,0.734773509211059,0.192849047033986,0.0346030391641658,358.590691897519,19.7707231870231,320.061146223799,357.784989269716,399.258063079488,253.915959213456,144.598022623733,92.9502191219878,218.631815369046,618.192998463939,358.590691897519
178,"cerana",127.1158277,35.6094674,25.0333333333333,212.233333333333,49.0766666666667,104.666666666667,0.79191636792701,0.161131528119105,0.0266332980106569,175.691001022239,13.3165372813794,151.306495143162,175.389292948936,203.190447778037,98.4533121959078,47.8743784191678,40.7729316677196,86.5783946932588,224.977958238467,175.691001022239
2,"cerana",127.5245592,37.4823024,26,213.066666666667,48.7033333333333,96.1666666666667,0.804742799828056,0.165599860806911,0.0171248439195136,3.07623511830839,1.1387978023424,1.55349164053939,2.86656092073548,5.99825391396625,4.95063282290024,2.15121850849897,2.27143172353422,4.49839045091994,10.4287759709455,3.07623511830839
1,"cerana",127.5896257,35.354195,25.8,231.266666666667,53.5433333333333,110.2,0.76553234982903,0.195117469231961,0.00926974625300714,2.27779131076244,0.908200627751284,1.21845002571016,2.0551285242832,4.67441606287312,4.1493589038016,2.30432855030796,1.67687287695536,3.47212586054705,10.9452310206804,2.27779131076244
1,"cerana",128.3249929,35.4920078,25.9333333333333,219.066666666667,50.6233333333333,76.8333333333333,0.825151652466439,0.121928023585618,0.0383564658122288,2.14610003471779,0.974959052932935,1.14144555033216,1.86381528281713,4.88371469118901,5.16706758049408,4.96787125856525,1.43523621114367,3.77697553450672,18.1889778996798,2.14610003471779
36,"cerana",128.9569401,37.2333707,21.9666666666667,170.8,39.06,58.3,0.92339652654946,0.0402337397167583,0.000154322819596624,34.3558144945082,5.67767015294959,24.31874873336,34.1896751199562,46.0975698192476,22.98475904772,12.2303569779903,8.99443051802914,19.7451298581185,52.9160476557148,34.3558144945082
1,"cerana",128.3249929,35.4920078,25.9333333333333,219.066666666667,50.6233333333333,76.8333333333333,0.825151652466439,0.121928023585618,0.0383564658122288,2.12044600434428,0.897950206509256,1.1296381481281,1.86383738275944,4.55271838645212,4.97934120318592,4.6660892671123,1.41959940244063,3.58744905649496,16.4999375023392,2.12044600434428
1,"cerana",128.3249929,35.4920078,25.9333333333333,219.066666666667,50.6233333333333,76.8333333333333,0.825151652466439,0.121928023585618,0.0383564658122288,2.16892990090801,0.935662517649128,1.13109847539017,1.89888993818699,4.68920534000258,5.04594906032468,4.48289670552989,1.47599130157461,3.81095652353566,15.8063257658346,2.16892990090801
8,"cerana",127.3394142,34.7252595,25.8666666666667,240.5,55.7966666666667,76.8333333333333,0.592110581994932,0.326759366068426,0.0361201214228515,7.49083874855882,2.65941841936723,3.38178187497646,7.13506720343036,13.3902096476765,7.94773922394883,5.95735028847793,2.59077888994791,6.33077378002218,23.7514673401957,7.49083874855882
70,"cerana",127.1659258,34.7026119,25.8666666666667,240.5,55.7966666666667,76.8333333333333,0.71813663538441,0.227932897463312,0.0186801437641166,59.2138327026456,7.51963047902495,45.310113851554,58.9150573448627,74.002533988119,14.1776064638598,3.908319135207,8.46422492131224,13.5352233889642,23.3170880552888,59.2138327026456
2,"cerana",128.5710184,37.7594062,19.8666666666667,229.933333333333,55.74,61.0666666666667,0.902316789864021,0.0823118402718714,0.00135284758142417,2.39724168444465,1.16698409395241,1.15473109219305,2.09497061616646,5.37624746229389,3.30955864500676,2.8601457887236,1.22298334312148,2.40478426221858,11.5038480277766,2.39724168444465
6,"cerana",128.0480344,37.6760295,25.4666666666667,247.533333333333,56.5466666666667,71.1666666666667,0.901575005943419,0.0874544337903162,0.00208762580236152,5.94920917350177,2.34058210135387,2.38689893391484,5.60911064177145,11.3501948518674,9.05945566785747,7.53325982590666,2.36317006921165,7.04351849124151,27.7726588832431,5.94920917350177
6,"cerana",128.5377634,37.6386536,19.8666666666667,229.933333333333,55.74,61.0666666666667,0.902316789864021,0.0823118402718714,0.00135284758142417,5.84118428814766,2.34395306055566,2.31455680606572,5.45235776637512,11.7857946970964,8.293576287139,7.15438074632993,2.20786855768212,6.25670633289249,27.1315117783733,5.84118428814766
1,"cerana",127.3173939,37.743516,25.2,234.6,53.5533333333333,148.366666666667,0.712410414427232,0.146418247453677,0.020044372738867,1.75572701606931,0.75197834531798,1.056175872992,1.52201829270575,3.81759042183144,2.64003346325332,2.10258301424479,1.14516194802659,1.99927895329734,7.57264883108911,1.75572701606931
4,"cerana",127.4806675,37.9429407,25.7,243.233333333333,55.51,112.366666666667,0.891529171045338,0.0757725901970562,0.0154913992556081,4.13164522565344,1.59572583950492,1.99877891938005,3.86147497304422,8.19188020307404,5.19512925740799,2.08172127791088,2.5246204076551,4.72473503576376,10.1669752734767,4.13164522565344
3,"cerana",128.5140897,36.6393275,25.8333333333333,246.966666666667,56.7666666666667,68.5,0.655519395655666,0.307953688242074,0.0135755369474273,3.30729783432474,1.50526024022502,1.45572356435885,2.93507947708088,7.33354649297174,4.67175711450054,3.34564831473655,1.69487425973251,3.71008521761975,13.3497616420332,3.30729783432474
1,"cerana",127.8960781,36.3371588,24.6,222.366666666667,51.21,88.4333333333333,0.753173371218467,0.21342022373031,0.0103891734028533,2.29477708080293,1.05819284188083,1.21450644003573,1.99567451287261,5.22488381409923,6.63577316118188,7.53360809817192,1.7067938200405,4.71475253981045,23.392471269075,2.29477708080293
5,"cerana",128.5344673,37.5779448,19.8666666666667,229.933333333333,55.74,61.0666666666667,0.902316789864021,0.0823118402718714,0.00135284758142417,5.03131760559517,2.03949096261308,2.15695558581389,4.66952867252841,9.98205878480195,6.92160307752919,5.06189323659071,2.24611134772736,5.32163481970963,19.3523031045432,5.03131760559517
4,"cerana",128.368184,37.346617,24.5,204.566666666667,46.82,81.5666666666667,0.902316789864021,0.0823118402718714,0.00135284758142417,4.53206663088763,1.62517334460054,2.18836457571287,4.2500990773026,8.43913041484756,6.34914464106193,2.46126475948387,3.12621952758288,5.82298774841439,12.381879721431,4.53206663088763
5,"cerana",128.0250168,36.9454457,25.8333333333333,222.4,50.9333333333333,91.4,0.734773509211059,0.192849047033986,0.0346030391641658,5.56093744322453,2.25329414705767,2.31986977259137,5.1407316705375,11.0895476065675,15.0124691676288,17.0107525770538,3.08802544261062,10.2909529889044,53.8953656715386,5.56093744322453
1,"cerana",129.4453564,35.8877503,26.1,233.233333333333,53.7766666666667,55.7666666666667,0.730075253045197,0.129198819274255,0.0120327432741452,1.94927476420744,0.898005332208305,1.07042610848935,1.68373755082343,4.35092734110298,3.82452507164961,3.53552899226091,1.29699495113678,2.77331170268127,12.3647071441593,1.94927476420744
20,"cerana",128.7568297,37.5819651,19.8666666666667,229.933333333333,55.74,61.0666666666667,0.866171658022997,0.0913344440255143,0.00559257383500268,19.7815784418529,4.26024279946856,12.1780738844197,19.7685927400589,28.7525818772297,29.4166825559897,26.4387359008977,6.84349014321049,20.9534986355835,97.6636686899382,19.7815784418529
2,"cerana",128.9144704,36.9781712,23.3333333333333,191.633333333333,43.85,89.8333333333333,0.902905603792729,0.0848410567682191,0.0014695626928614,3.75370334725023,1.19153945640665,2.03755506932146,3.567367898927,6.50961292561566,5.92756761689118,1.81522142514312,3.21211105196419,5.62385157197868,10.1928714770972,3.75370334725023
16,"cerana",127.3953874,35.6232241,25.0333333333333,212.233333333333,49.0766666666667,104.666666666667,0.79191636792701,0.161131528119105,0.0266332980106569,15.0012338852784,3.66955437499067,8.78774267314376,14.6083262324427,23.0356789068185,14.9368133419192,6.49334614768513,6.30324975690542,13.5713918269532,30.0901300689527,15.0012338852784
1,"cerana",126.9007776,35.2979526,26.7666666666667,222.733333333333,51.6733333333333,77.7666666666667,0.700314797890197,0.245649875454725,0.0143978718786525,1.8394929385469,0.783862126975053,1.07555201900615,1.58023506999598,4.02336511284619,3.31089976135085,2.85681257957961,1.23844838104263,2.47517050348776,10.5998524982579,1.8394929385469
12,"cerana",128.726245,37.2534286,23.7,167.7,38.2933333333333,76.1666666666667,0.931653207194632,0.0525949640526858,0.00186180131677578,11.0576998938181,3.19202872856408,5.86344521986154,10.7194140523069,18.1510206595101,9.19580177032923,4.00940536693951,4.17704893578474,8.37100987948137,18.9295277575555,11.0576998938181
1,"cerana",129.2166885,35.8684845,25.2666666666667,205.733333333333,47.5166666666667,62.1666666666667,0.76282220630032,0.18629780673904,0.00763685384712031,1.76659678194293,0.768372019658606,1.05549182938407,1.51786374340208,3.85908113463329,2.80186371624598,2.50530024163809,1.09180655765593,1.99508033533955,9.46407173859513,1.76659678194293
15,"cerana",127.6700914,37.4472938,26,213.066666666667,48.7033333333333,96.1666666666667,0.804742799828056,0.165599860806911,0.0171248439195136,13.6806200110918,3.47684025441448,7.68566494820015,13.2668335731212,21.7239279822469,10.5390978098623,4.99666531026259,4.44555897303602,9.48844177416783,23.4648256209685,13.6806200110918
126,"cerana",127.2112125,35.5887415,25.0333333333333,212.233333333333,49.0766666666667,104.666666666667,0.79191636792701,0.161131528119105,0.0266332980106569,122.853381320905,11.1928590497028,103.136166468004,122.003491656863,145.044092576666,70.0994135775308,32.6046845266265,30.9324532947129,62.4301364470546,154.770134876326,122.853381320905
2,"cerana",127.5245592,37.4823024,26,213.066666666667,48.7033333333333,96.1666666666667,0.804742799828056,0.165599860806911,0.0171248439195136,3.11909196402452,1.17669950422485,1.63596192222034,2.86793476965005,6.17626345540698,4.92686967636616,2.05542403831607,2.23385354083077,4.53200539996803,10.2009082443241,3.11909196402452
1,"cerana",127.9865342,36.8484432,25.8333333333333,222.4,50.9333333333333,91.4,0.734773509211059,0.192849047033986,0.0346030391641658,1.95679800430977,0.809108254034352,1.1177731735175,1.7116002733925,4.12571467459411,3.02425110299595,1.84554356257234,1.30236933676781,2.49427807580957,7.92689757952462,1.95679800430977
5,"cerana",128.3127372,37.5631941,23.7,167.7,38.2933333333333,76.1666666666667,0.902316789864021,0.0823118402718714,0.00135284758142417,4.44209692259209,1.68450260167062,2.12465146391802,4.13947999245791,8.38843525151469,5.04174522683681,2.14694189611601,2.3357700095092,4.61919047176642,10.4321926856325,4.44209692259209
10,"cerana",128.7944095,36.8004842,23.3333333333333,191.633333333333,43.85,89.8333333333333,0.839185110042055,0.105858920321439,0.0383829843855149,9.72982140905385,3.06779928291638,5.00022972858859,9.35441925898705,17.2983791822251,12.1623288193438,8.38551935358393,3.67362394342702,9.65108685331552,34.5896204089426,9.72982140905385
3,"cerana",127.8382474,36.795644,25.8333333333333,222.4,50.9333333333333,91.4,0.797535303536076,0.176875448547162,0.00775538711157554,3.32524592804406,1.44183398829426,1.50604019836318,3.04063356699757,6.69033015377108,4.69471413765259,2.95275838827058,1.82984349663538,3.83565541731812,13.3232443847023,3.32524592804406
4,"cerana",128.2378592,37.7356068,25.4666666666667,247.533333333333,56.5466666666667,71.1666666666667,0.901575005943419,0.0874544337903162,0.00208762580236152,4.11440274462215,1.57239395078454,1.91395493589156,3.83475832304477,8.17443216914243,5.12449228308114,2.18382892598246,2.3389693994821,4.67768371231918,10.9303878381973,4.11440274462215
13,"cerana",127.8659411,37.5794647,25.4666666666667,247.533333333333,56.5466666666667,71.1666666666667,0.901575005943419,0.0874544337903162,0.00208762580236152,12.4805836412795,3.3179318474509,6.51112715824955,12.2196438834039,19.5777073142592,12.4800524294438,8.2492414112717,4.00439198291357,10.5509264361794,33.2865997030231,12.4805836412795
10,"cerana",128.4671105,37.5048669,23.7,167.7,38.2933333333333,76.1666666666667,0.902316789864021,0.0823118402718714,0.00135284758142417,9.66980292693773,2.93919343780995,4.62689396577194,9.33854270662998,15.8698280167927,10.4591726537358,6.91202732653127,3.33055264636104,8.42343891461658,30.6297525039986,9.66980292693773
5,"cerana",128.1335981,38.1453645,23.2666666666667,214.4,48.8966666666667,96.6666666666667,0.930131097921056,0.0568464536542893,0.0060162766872025,4.74429669679164,1.64605052671601,2.47571508523607,4.42324568871287,8.363757958418,5.41601326290316,1.73610397422723,2.92300596484507,5.06908341892273,9.7027254730392,4.74429669679164
10,"cerana",127.0893369,35.7555413,26.5,229.4,52.94,94.0666666666667,0.53084760624863,0.239661071874494,0.00875913800169655,9.90665389330031,3.14474067362087,4.56376560243495,9.52884559553192,16.740937347946,13.6960232265215,11.1466742001536,3.79505606630874,10.4032260704847,43.122134182621,9.90665389330031
1,"cerana",128.2654241,36.6166367,25.2333333333333,196.7,45.1633333333333,68,0.814675916998863,0.162685888783513,0.0059116469972493,2.09202573619266,0.861382755228965,1.17933141700708,1.8490504932108,4.55114527039505,3.77594179266066,2.15965695724645,1.57139240051809,3.16210591348538,9.50089730438592,2.09202573619266
1,"cerana",128.2654241,36.6166367,25.2333333333333,196.7,45.1633333333333,68,0.814675916998863,0.162685888783513,0.0059116469972493,1.92479325281027,0.766045699540738,1.15707374978262,1.71279425085982,4.10707750922761,3.10347194024888,1.60613348323143,1.36380518937786,2.68551134544538,7.1048848269934,1.92479325281027
9,"cerana",128.0432435,38.0402742,23.2666666666667,214.4,48.8966666666667,96.6666666666667,0.878611646626991,0.10265407429532,0.0120361479389701,9.07414291972866,3.00179465881508,4.24123451394753,8.79367190849299,15.6929942658586,13.14311579582,12.0370525270157,3.20467550652341,9.7647521079704,47.0213022201194,9.07414291972866
3,"cerana",128.4677279,37.5531992,23.7,167.7,38.2933333333333,76.1666666666667,0.902316789864021,0.0823118402718714,0.00135284758142417,3.49320033736886,1.66923203778189,1.4799325118526,3.06354575207405,7.45368116600514,5.83536571223356,4.36988040257414,1.86475454646702,4.54032233973881,16.9705667576569,3.49320033736886
5,"cerana",128.5584835,36.6679285,25.8333333333333,246.966666666667,56.7666666666667,68.5,0.655519395655666,0.307953688242074,0.0135755369474273,4.87332975814673,2.02122700908635,2.01716828954655,4.42857466826935,9.68981249469082,5.51036369534175,3.385822387002,2.04030114752362,4.60977283609683,14.7004234866667,4.87332975814673
14,"cerana",127.3953874,35.6232241,25.0333333333333,212.233333333333,49.0766666666667,104.666666666667,0.79191636792701,0.161131528119105,0.0266332980106569,13.4281691399682,3.3866916334209,7.45336305374993,13.2260624666724,20.8635485360463,14.2141388358002,6.32101019426675,6.1486087900147,12.6503246088263,29.5486525338545,13.4281691399682
6,"cerana",127.8890489,37.4856113,25.8333333333333,226.433333333333,51.78,93,0.843847865408681,0.136740342739874,0.00575395442983913,6.00327180414539,2.29520284010002,2.64284490195455,5.6733677602489,11.3762874113276,8.75956512115478,7.11334334935297,2.60640810151602,6.88840960604325,26.1223845192495,6.00327180414539
9,"cerana",127.7807653,35.4151198,25.2666666666667,212.533333333333,49.75,120.333333333333,0.879513991113253,0.0966482028151595,0.00862303165605175,8.36934021068489,2.79327961448955,3.74896389894322,8.13572043224844,14.6710138004018,8.9006626012382,5.00548280120691,3.43768394210665,7.67611575110595,20.6001453205009,8.36934021068489
13,"cerana",128.2724166,37.8107051,23.2666666666667,214.4,48.8966666666667,96.6666666666667,0.901575005943419,0.0874544337903162,0.00208762580236152,12.5544122346514,3.50271065362906,6.90647986930565,12.1840277901454,20.1988420013235,14.0817386889887,10.0200646037432,4.11660211250118,11.2212139697742,38.253884364918,12.5544122346514
10,"cerana",128.9927715,37.3910274,23.4333333333333,202.8,46.2566666666667,65.1333333333333,0.945179559798647,0.029017777740776,0.00477953224916538,10.0475359612465,3.21135450010182,4.92266552586453,9.65978844794101,17.7922480271811,14.4831455438236,12.5191246579771,3.75084111739566,10.4101720866417,52.1013666045372,10.0475359612465
5,"cerana",127.7787099,37.7965324,25.7,243.233333333333,55.51,112.366666666667,0.833499675250017,0.0921676758793463,0.0446154032345905,4.9822824302423,2.1412594252721,2.04141407342217,4.60451791610267,10.0526709460182,8.53819445548421,8.44235964196814,1.97870002859511,6.0011361621016,31.7765925878888,4.9822824302423
2,"cerana",129.2030091,36.7877626,23.4666666666667,203.833333333333,46.6466666666667,54.6333333333333,0.907656226722635,0.0762665077598521,0.00125862084074558,3.21071244576915,1.38868345718587,1.47043004487062,2.87866292471509,6.43659238342566,6.21246182157841,3.70157649490204,2.15270436417747,5.27243480986742,16.0390560923707,3.21071244576915
22,"cerana",127.3648432,35.4259901,25.8,231.266666666667,53.5433333333333,110.2,0.76553234982903,0.195117469231961,0.00926974625300714,20.9260710137277,4.46855066535355,13.5120965127627,20.4390513234517,31.1660462084985,17.6921634284912,10.1845480387742,6.75394206327488,14.840740617264,45.3673936274977,20.9260710137277
2,"cerana",128.0820625,37.9763688,23.2666666666667,214.4,48.8966666666667,96.6666666666667,0.930131097921056,0.0568464536542893,0.0060162766872025,3.03111375003311,1.3287916004273,1.42056562539814,2.69437369347444,6.76680273592069,5.12058514891223,2.74190551528876,2.01297964221126,4.41488163724784,12.3088016314244,3.03111375003311
2,"cerana",127.5757485,37.7183936,25.7,243.233333333333,55.51,112.366666666667,0.901575005943419,0.0874544337903162,0.00208762580236152,2.42219516715754,1.2059444699167,1.19713217130768,2.04811048844529,5.66309081248858,3.83521619339965,4.06578505156228,1.27873353519527,2.65963936478828,13.971903354769,2.42219516715754
15,"cerana",128.1335981,38.1453645,23.2666666666667,214.4,48.8966666666667,96.6666666666667,0.930131097921056,0.0568464536542893,0.0060162766872025,11.5868286090019,2.94712484243637,6.53739362871966,11.2841725831972,17.9236674396906,7.21220072848897,2.29366305482453,3.84281841442028,6.7609634955698,12.32054457626,11.5868286090019
2,"cerana",127.5426539,35.485308,25.8,231.266666666667,53.5433333333333,110.2,0.758564909701308,0.219643819002869,0.0057048582762791,2.48011317227749,1.18694169918511,1.21201064689037,2.16141196505067,6.0970401303469,4.25420198002043,5.44751695129433,1.34454281255116,2.94355812546049,13.5057116674514,2.48011317227749
2,"cerana",127.9284691,36.0302856,24.6,222.366666666667,51.21,88.4333333333333,0.821561873876389,0.138078964394344,0.00597141274515857,2.94749819924132,1.27395572281689,1.41267774587601,2.63892308039998,6.43651858181377,5.15269333866661,3.16425223648548,1.92836182769646,4.34745997705634,13.0504239794457,2.94749819924132
8,"cerana",128.5344673,37.5779448,19.8666666666667,229.933333333333,55.74,61.0666666666667,0.902316789864021,0.0823118402718714,0.00135284758142417,7.78426139370918,2.54722220558233,3.71970814680641,7.40920878346453,13.5084387295374,9.54721515411927,6.85065178689324,2.80226686525342,7.6697582630958,28.3003476060524,7.78426139370918
10,"cerana",127.7440552,37.7120915,25.4666666666667,247.533333333333,56.5466666666667,71.1666666666667,0.901575005943419,0.0874544337903162,0.00208762580236152,9.0456502013412,2.73559513102751,4.57885031354945,8.76338736887286,15.1985737803732,8.41678313280785,4.21571198218984,3.38055130665105,7.30778415509659,20.7045973411772,9.0456502013412
1,"cerana",126.9660455,36.7516478,25.1333333333333,229.266666666667,52.6266666666667,101.033333333333,0.466869263601061,0.410764731545238,0.0368539527137428,1.86463995940871,0.915009169516899,1.05171493616213,1.58561102665054,4.33857891962141,3.13768716708325,2.77524054109684,1.15135552615023,2.19068305175691,11.1956298271324,1.86463995940871
2,"cerana",126.3988995,37.6343265,24.2333333333333,212.533333333333,48.6433333333333,85.8333333333333,0.430573250912294,0.399826585503964,0.123208836667925,2.74638355275221,1.27849349264924,1.25405093132333,2.45553954752062,6.12058867343942,5.86540323448707,6.2846071885848,1.47832025881036,3.81803210506099,22.9750901311249,2.74638355275221
200,"cerana",127.201126,35.6414668,25.0333333333333,212.233333333333,49.0766666666667,104.666666666667,0.79191636792701,0.161131528119105,0.0266332980106569,197.565925001131,14.0204479968259,171.673998899247,196.707004102124,226.831153268444,112.170232636677,47.1573184161767,50.381447804339,100.554678296497,230.820409283079,197.565925001131
3,"cerana",128.9653695,37.0060873,23.3333333333333,191.633333333333,43.85,89.8333333333333,0.902905603792729,0.0848410567682191,0.0014695626928614,3.81596280020247,1.45045413603265,1.88295763236154,3.5327761995179,7.57455366209787,6.00746006320516,2.72204709398503,2.7257184460492,5.46597062439059,12.6186729908355,3.81596280020247
20,"cerana",127.3208264,35.9454491,26.5,229.4,52.94,94.0666666666667,0.791904881813902,0.163174547564567,0.0137444027195393,19.7695806152129,4.52068360459852,11.7314517411063,19.5799847569218,29.5519189839125,24.5796087495984,18.2972095433443,7.07183291176594,19.6888529149899,71.2036522454088,19.7695806152129
20,"cerana",127.3115218,35.8975893,26.5,229.4,52.94,94.0666666666667,0.791904881813902,0.163174547564567,0.0137444027195393,19.9306285372183,4.35665386586697,12.7511342741158,19.4925376050846,29.5333663407498,29.9346161424445,27.9432341458872,8.34697036639025,22.7524895415031,96.9468593529466,19.9306285372183
25,"cerana",127.3487711,35.4142743,25.8,231.266666666667,53.5433333333333,110.2,0.76553234982903,0.195117469231961,0.00926974625300714,24.2471498058503,4.81303146051458,15.5997592059767,24.0940752010535,34.3507478473198,23.6261938581794,15.5845773369866,7.84814520189043,19.6026349425159,61.6416936361702,24.2471498058503
3,"cerana",128.3210882,37.6037604,19.8666666666667,229.933333333333,55.74,61.0666666666667,0.902316789864021,0.0823118402718714,0.00135284758142417,2.74787721887644,0.994017072800725,1.50420036533694,2.50581720357447,5.19512112217488,3.35369100118354,1.1619214051513,1.8259697956723,3.09808652122649,6.3493636384593,2.74787721887644
13,"cerana",127.6998828,37.6644632,25.4666666666667,247.533333333333,56.5466666666667,71.1666666666667,0.901575005943419,0.0874544337903162,0.00208762580236152,12.2894667027171,3.49769630817783,6.630559780091,12.0017822399698,19.743322499284,10.8563675873591,5.24770422949698,4.57520632560818,9.5629607005894,23.0732655591958,12.2894667027171
10,"cerana",127.596053,35.6030592,23.8333333333333,198.533333333333,45.8733333333333,109.333333333333,0.758564909701308,0.219643819002869,0.0057048582762791,9.95320798484317,3.16510465823346,5.03145685262855,9.54664345416252,17.1406953415486,16.2240798784725,16.7578374722796,3.39274787299834,11.5154913543833,55.9197318973415,9.95320798484317
33,"cerana",127.344502,35.822442,26.5,229.4,52.94,94.0666666666667,0.826179209020244,0.129766236724467,0.0327120526180917,32.4903944322599,5.64384825170478,22.322991627243,32.191489549546,44.6547313702175,41.3346425719928,28.3909453770264,11.6004225038335,33.7654007400173,121.697657346059,32.4903944322599
4,"cerana",128.7080385,37.5019304,23.7,167.7,38.2933333333333,76.1666666666667,0.931653207194632,0.0525949640526858,0.00186180131677578,4.76547371665468,1.93162095128033,2.00327187683333,4.46041256710362,9.25738831502366,10.6108904532568,7.53229404556795,2.90848371405184,8.68569449569187,30.9273598424368,4.76547371665468
3,"cerana",128.3700029,37.6361022,19.8666666666667,229.933333333333,55.74,61.0666666666667,0.902316789864021,0.0823118402718714,0.00135284758142417,2.94812439115863,1.03837820749065,1.56214657470888,2.77310266293598,5.58378020822928,3.55772618380438,1.26187774986118,2.01893317776485,3.32888226379528,6.55938344248972,2.94812439115863
4,"cerana",128.8162766,37.017043,23.3333333333333,191.633333333333,43.85,89.8333333333333,0.902905603792729,0.0848410567682191,0.0014695626928614,4.46489681078373,1.46003801962478,2.31366519732645,4.20305176102804,7.91361081144374,5.90861085773901,1.86923336399088,3.1753078650332,5.60557799053637,10.4006134631813,4.46489681078373
1,"cerana",127.2127404,36.9576622,25.1333333333333,229.266666666667,52.6266666666667,101.033333333333,0.5565071327718,0.369584692536151,0.0113751075190288,1.67540719866311,0.669949216448427,1.05411875519668,1.45722410048636,3.61153739779338,2.48166095456611,1.86826855632785,1.11809690336293,1.97570436293239,6.51096598250644,1.67540719866311
2,"cerana",127.5896257,35.354195,25.8,231.266666666667,53.5433333333333,110.2,0.76553234982903,0.195117469231961,0.00926974625300714,2.76652056878023,1.13698502602469,1.36390336301219,2.49468371589995,5.68923683363238,4.50413125059198,2.3733835721324,1.79176038252417,3.89391387837113,11.2092297045834,2.76652056878023
2,"cerana",127.5286119,37.763285,25.7,243.233333333333,55.51,112.366666666667,0.891529171045338,0.0757725901970562,0.0154913992556081,2.65514131010544,1.14345397841853,1.27622445083109,2.40632546451758,5.31097545252541,4.39740648107971,3.00417339561075,1.62118511706843,3.60300219981256,11.9096702602416,2.65514131010544
2,"cerana",127.9865342,36.8484432,25.8333333333333,222.4,50.9333333333333,91.4,0.734773509211059,0.192849047033986,0.0346030391641658,2.50393636638952,1.10770496147213,1.23633862174196,2.2285719926107,5.54089300602089,3.55177131591086,2.10729381615304,1.46836995615848,2.97164132542377,9.06688840040261,2.50393636638952
17,"cerana",126.6614699,34.3748605,25.5666666666667,219.033333333333,50.9133333333333,79.4333333333333,0.6096592795196,0.20975548669101,0.12932708649303,15.9748165020729,3.91904761956769,9.15892763745578,15.6038514849831,24.3877720112584,15.7572368724576,6.21691615287229,6.91793076907476,14.4118966968205,31.4132095698545,15.9748165020729
50,"cerana",129.4294626,36.4518737,24.6666666666667,222.133333333333,51.0033333333333,39.3333333333333,0.882035010967247,0.084791321496166,0.00643115059239981,49.4708823379881,6.90666785590947,36.9614152549743,49.1188993058556,64.3920011464925,43.7229398600954,26.0616439655736,15.3485658607583,36.4886795070061,113.055039328985,49.4708823379881
3,"cerana",128.7549387,37.1778476,21.9666666666667,170.8,39.06,58.3,0.92267839499044,0.0603811384429816,0.00259203654514891,3.22289225538233,1.5355794675475,1.32161395591503,2.92091001072032,7.233821831263,5.30096611904651,5.57223332712829,1.4758842441676,3.81143757689197,18.2252529956577,3.22289225538233
6,"cerana",127.5896257,35.354195,25.8,231.266666666667,53.5433333333333,110.2,0.76553234982903,0.195117469231961,0.00926974625300714,5.55595987320765,2.14984463602435,2.5975659125811,5.23080467687612,10.5405458198399,6.36605330915455,3.45842963642963,2.54489862497081,5.51652098502768,15.2265736541789,5.55595987320765
45,"cerana",127.2866581,35.8134957,26.5,229.4,52.94,94.0666666666667,0.791904881813902,0.163174547564567,0.0137444027195393,44.6771968034826,6.60134320938831,32.4586729474829,44.492046743547,57.977951068393,46.5655186941311,31.0517782582933,14.1349051052849,38.2257652225402,122.74976402576,44.6771968034826
6,"cerana",128.0984423,37.8764886,23.2666666666667,214.4,48.8966666666667,96.6666666666667,0.901575005943419,0.0874544337903162,0.00208762580236152,5.83065432613066,2.11495481568611,2.6507300252073,5.43327965868555,10.7012180883497,7.56568376507841,4.26335024510177,2.61122603769434,6.60309306170795,18.4483044999438,5.83065432613066
6,"cerana",127.4806675,37.9429407,25.7,243.233333333333,55.51,112.366666666667,0.891529171045338,0.0757725901970562,0.0154913992556081,5.29154853935291,1.8748037194181,2.43837909847637,4.9803942844158,9.34460704590813,5.70721701253368,2.22849744417106,2.71739499797875,5.22465952679485,11.1746774430991,5.29154853935291
2,"cerana",127.4860673,37.6685086,26,213.066666666667,48.7033333333333,96.1666666666667,0.891529171045338,0.0757725901970562,0.0154913992556081,2.88663616424855,1.28076779773278,1.36997924301643,2.54218785724,6.19003943771023,4.97595163112322,3.11936249924461,1.88732969806857,4.13744345106664,12.4172990074418,2.88663616424855
5,"cerana",127.5291954,37.6617845,26,213.066666666667,48.7033333333333,96.1666666666667,0.891529171045338,0.0757725901970562,0.0154913992556081,5.01273970748493,1.92244864358128,2.28114059805847,4.68728195128381,9.4109467650224,6.59629891562688,3.85303417703947,2.4592319550215,5.61568130783239,16.9915310020327,5.01273970748493
1,"cerana",129.2847549,35.6269529,25.1333333333333,234.933333333333,54.3533333333333,98.0666666666667,0.779251935029036,0.134603548808269,0.0134820561410416,1.68992231395998,0.669583054206368,1.05686003226088,1.48151420300272,3.55795179495636,2.64754555969907,2.35031741968294,1.13514953410081,2.0443430411224,7.14824744252695,1.68992231395998
2,"cerana",128.4537971,36.8992222,24.4,226.533333333333,51.9066666666667,90,0.781233731388709,0.180969695998889,0.0029166700038177,2.75697683077841,1.24944736278584,1.27500889511469,2.44898904902808,5.85757255227031,4.95293385262065,4.29000263930102,1.58562862461821,3.6927013038012,16.9115619305808,2.75697683077841
20,"cerana",127.3953874,35.6232241,25.0333333333333,212.233333333333,49.0766666666667,104.666666666667,0.79191636792701,0.161131528119105,0.0266332980106569,18.6740824050348,4.11087220749969,11.306002202492,18.5085689020235,27.2204959605823,15.8033574832825,6.77150321993693,6.87375094562527,14.3519944455898,33.1083671687374,18.6740824050348
42,"cerana",127.2029507,34.4722055,25.0666666666667,217.966666666667,50.5966666666667,90.4666666666667,0.592110581994932,0.326759366068426,0.0361201214228515,41.6316455167673,6.56394067849278,30.22001836987,41.1720699659239,54.7966921239379,54.690983973834,50.598141637319,14.9453654752372,39.9058037132256,184.47311579548,41.6316455167673
2,"cerana",127.5896257,35.354195,25.8,231.266666666667,53.5433333333333,110.2,0.76553234982903,0.195117469231961,0.00926974625300714,2.81915666858494,1.20102968658113,1.37295844245046,2.52109767765683,6.12782965570387,4.54363453542647,2.70735841127191,1.79569099856407,3.83559509832425,10.6697742380594,2.81915666858494
1,"cerana",126.6942481,36.3125036,25.2333333333333,198.966666666667,45.7633333333333,97.4,0.516512444964514,0.409440987709761,0.0244610156610951,1.72644205864708,0.767808363234196,1.04023142348945,1.4681008914162,3.7825476699416,2.61387195638181,2.36290299050201,1.08477073843565,1.96166662959146,8.23066337976456,1.72644205864708
30,"cerana",127.8561939,36.1607314,24.6,222.366666666667,51.21,88.4333333333333,0.850353410748623,0.123557165414795,0.00906284182113334,30.0259483856578,5.577842283865,20.0414206301449,29.4123996545537,41.8593243592356,40.4010980831607,30.3933544695858,10.9289149696337,31.6839214416594,126.031415343344,30.0259483856578
6,"cerana",127.9135629,37.7803639,25.4666666666667,247.533333333333,56.5466666666667,71.1666666666667,0.901575005943419,0.0874544337903162,0.00208762580236152,5.90247191336917,2.12943717216427,2.77288914004117,5.56980522201156,10.8419366541718,6.80958614543986,2.93952243576957,3.09947857647279,6.23926243463896,14.4249394438399,5.90247191336917
140,"cerana",127.1434343,35.6019213,25.0333333333333,212.233333333333,49.0766666666667,104.666666666667,0.79191636792701,0.161131528119105,0.0266332980106569,137.802600971023,11.558048365684,117.240476110119,137.364107229823,161.198327444661,68.9776783456484,29.219429548648,30.437649589194,62.1808772220887,142.166897120181,137.802600971023
5,"cerana",127.637333,37.7952538,25.7,243.233333333333,55.51,112.366666666667,0.833499675250017,0.0921676758793463,0.0446154032345905,5.13346565827996,2.09981140752609,2.15284153310687,4.76440800653492,10.2983736099788,8.03645236269436,7.23077455840412,2.16945628718387,5.89395050126726,25.328769471815,5.13346565827996
2,"cerana",127.4947634,37.5893415,26,213.066666666667,48.7033333333333,96.1666666666667,0.891529171045338,0.0757725901970562,0.0154913992556081,2.62147042041091,1.03753230582667,1.33009456514003,2.40348094839628,5.43600793457806,3.87447852956482,1.9635239523179,1.69310942268518,3.3844327994076,9.00211340305217,2.62147042041091
10,"cerana",126.673364,34.3886384,25.5666666666667,219.033333333333,50.9133333333333,79.4333333333333,0.6096592795196,0.20975548669101,0.12932708649303,10.0624297026516,3.03824879555957,4.94413173992041,9.85935953971771,16.5279893908197,13.3854316146909,8.01295046458314,4.65467274412723,11.3024622570097,33.0012709375333,10.0624297026516
12,"cerana",128.3416211,37.866666,23.2666666666667,214.4,48.8966666666667,96.6666666666667,0.930131097921056,0.0568464536542893,0.0060162766872025,12.00265176644,3.39338361799893,6.57636925246197,11.5971204896923,19.8776731103785,18.1804824468788,17.5001292499631,4.37367257493251,13.3713899784661,62.8752283446323,12.00265176644
2,"cerana",127.4569735,37.43714,26,213.066666666667,48.7033333333333,96.1666666666667,0.804742799828056,0.165599860806911,0.0171248439195136,2.55327307067211,1.2350938200821,1.14825957610876,2.20838247685071,5.79676838445506,4.27203530515762,4.3248070236759,1.34032534156637,3.00432976504649,14.5893445926837,2.55327307067211
1,"cerana",127.9284691,36.0302856,24.6,222.366666666667,51.21,88.4333333333333,0.821561873876389,0.138078964394344,0.00597141274515857,2.38850986757323,0.956854711312182,1.2447655536177,2.15891041913069,5.02362408422665,4.76463049898058,2.9888614010605,1.76849577026677,3.95699443809152,12.2453275921633,2.38850986757323
10,"cerana",128.1016145,36.6211096,25.2333333333333,196.7,45.1633333333333,68,0.814675916998863,0.162685888783513,0.0059116469972493,9.7383188809642,3.11237348171109,4.91126666955584,9.40939498618748,16.3663590733686,10.9937588935212,8.0568311956987,3.29815685807721,8.86514754700716,31.9260871650424,9.7383188809642
22,"cerana",127.3976681,35.891691,26.5,229.4,52.94,94.0666666666667,0.826179209020244,0.129766236724467,0.0327120526180917,21.2830703144854,4.656552246445,13.0803034889759,21.0244315247695,31.7603435094493,18.2028843994898,10.9863008079906,6.27067970297944,15.2853531705871,46.4088599435986,21.2830703144854
3,"cerana",128.7708492,36.9694817,23.3333333333333,191.633333333333,43.85,89.8333333333333,0.902905603792729,0.0848410567682191,0.0014695626928614,3.80853923946038,1.58098394220403,1.69298531253699,3.48401180684615,7.59177115817779,6.35738134838256,3.7038430956959,2.22190378269799,5.53675253255577,15.3570182507762,3.80853923946038
1,"cerana",127.4414868,35.9718139,25.4,210.6,48.51,109.5,0.826179209020244,0.129766236724467,0.0327120526180917,1.89120991314244,0.887579573721635,1.04801246381066,1.61126668056202,4.30092647475196,3.33478429668885,3.4936881662346,1.16499242436944,2.32408840977924,12.1566831716662,1.89120991314244
61,"cerana",127.0284393,34.810344,25.5666666666667,180,41.94,120.333333333333,0.71813663538441,0.227932897463312,0.0186801437641166,60.566557777999,7.65301715323255,45.7650904806212,60.4559842605875,75.7501651844425,62.856457749556,72.5311488005337,18.2324953656408,48.546044502952,179.139098332705,60.566557777999
3,"cerana",127.4947634,37.5893415,26,213.066666666667,48.7033333333333,96.1666666666667,0.891529171045338,0.0757725901970562,0.0154913992556081,3.18723525401229,1.3076021796573,1.5824517743549,2.88237276992298,6.31716734829924,4.27345652805114,2.05724202256752,1.88253935076018,3.80776642444687,8.98224923831513,3.18723525401229
30,"cerana",127.8461587,37.3264572,25.8333333333333,226.433333333333,51.78,93,0.807252941842628,0.146686502012704,0.00467091513697713,28.7440721299436,5.11642676914773,19.6257187855647,28.5393568181088,39.7223220615435,23.7037853783842,13.2656231530246,8.77543744681748,20.3340520025864,58.3198130601117,28.7440721299436
3,"cerana",128.1016145,36.6211096,25.2333333333333,196.7,45.1633333333333,68,0.814675916998863,0.162685888783513,0.0059116469972493,3.40719441013036,1.52669749640676,1.44221704518271,3.04305285894085,7.2688643943087,5.63109704733695,4.94898904407743,1.59626208633101,4.16118670408708,18.4246521664841,3.40719441013036
1,"cerana",127.4044142,35.4402894,25.8,231.266666666667,53.5433333333333,110.2,0.76553234982903,0.195117469231961,0.00926974625300714,2.50357630159566,1.11633592092431,1.26038155745309,2.21417768763195,5.53532212449255,5.98849404452579,4.58766317604521,1.77185713287814,4.61949530267366,18.6694693668362,2.50357630159566
2,"cerana",127.3366783,37.1981957,25.4333333333333,242.2,55.4766666666667,111.866666666667,0.67047354081566,0.248529191372281,0.0105175786128478,2.25944374239162,1.05921533999722,1.12270310119656,1.95412494431406,5.11885793309547,3.16292424163433,3.09791804870773,1.14413510065172,2.23997825125514,10.1675725211662,2.25944374239162
14,"cerana",127.9135629,37.7803639,25.4666666666667,247.533333333333,56.5466666666667,71.1666666666667,0.901575005943419,0.0874544337903162,0.00208762580236152,12.3063915125107,3.37066503588354,7.07383346705425,11.9376484730283,19.7821282646063,9.37311610269089,4.13483976411791,4.23936775340293,8.57006442221465,19.2496310716661,12.3063915125107
4,"cerana",128.7708492,36.9694817,23.3333333333333,191.633333333333,43.85,89.8333333333333,0.902905603792729,0.0848410567682191,0.0014695626928614,4.5226685994544,1.89284531359125,1.95690169992813,4.15995633611088,8.99758779249738,6.8979515542112,4.04602738621318,2.60198551159208,5.87568667121935,16.9936524543993,4.5226685994544
2,"cerana",128.7962705,36.3616331,26.0666666666667,225.266666666667,51.7966666666667,68.6666666666667,0.801978658686764,0.181746742771292,0.00587024653957933,2.78846510332887,1.03925324519792,1.4570880501992,2.56336117345581,5.44199485886183,4.08531688223568,1.54031755576531,2.05486132378657,3.75163884837379,7.99264164842147,2.78846510332887
1,"cerana",127.2127404,36.9576622,25.1333333333333,229.266666666667,52.6266666666667,101.033333333333,0.5565071327718,0.369584692536151,0.0113751075190288,1.74851732767336,0.807424763518463,1.04909587860706,1.50134479209182,3.98899604300773,2.35221722499565,1.51615783495005,1.11577310783512,1.84698761813793,6.66021336839587,1.74851732767336
1,"cerana",128.2095856,37.0529246,24.3666666666667,210.633333333333,48.1633333333333,96.6666666666667,0.816816065667497,0.136475476783599,0.03182811287622,1.7013681480486,0.749362436440175,1.02673501677029,1.45295272319573,3.81674661512256,2.24353678211741,1.75105341019273,1.0596821454599,1.6406102932087,6.72447467059121,1.7013681480486
2,"cerana",127.8382474,36.795644,25.8333333333333,222.4,50.9333333333333,91.4,0.797535303536076,0.176875448547162,0.00775538711157554,2.70569049270346,1.17576838445844,1.28329694696411,2.41922240282968,5.7378016855659,4.23774114881708,2.68710207399276,1.59135013971994,3.48554924717166,10.6375895340763,2.70569049270346
40,"cerana",126.9087248,35.0380394,26.7666666666667,222.733333333333,51.6733333333333,77.7666666666667,0.845966823799443,0.121671978089808,0.0142539698506248,39.2241730025007,6.11846655011936,28.4166450776897,38.5245132060494,52.2001869521222,38.8102523373796,24.8864028237238,13.0254682166845,33.141992706236,102.23978167383,39.2241730025007
7,"cerana",128.4537971,36.8992222,24.4,226.533333333333,51.9066666666667,90,0.781233731388709,0.180969695998889,0.0029166700038177,6.82616333208843,2.47521340468593,3.11587270287623,6.51314237642521,12.2942564144366,8.42648111186688,6.21391850094998,2.58513461097508,6.67981127472772,24.1325876427491,6.82616333208843
27,"cerana",127.1434343,35.6019213,25.0333333333333,212.233333333333,49.0766666666667,104.666666666667,0.79191636792701,0.161131528119105,0.0266332980106569,26.4552869799053,5.29096193460233,17.0204656377891,26.0799302717568,37.5623444644349,25.9709092298105,13.5138762768423,9.84412359064839,22.758869741639,62.2822578494444,26.4552869799053
5,"cerana",127.5417197,38.1759283,24.4666666666667,234,53.4033333333333,167.6,0.916091632993139,0.0469174522399622,0.0230338033534307,5.35643479359032,1.97123168291386,2.38647060917392,4.99548766932118,9.85996966272255,7.87013464511637,4.07133104424973,3.12533931860888,6.87898811819782,17.9488844620104,5.35643479359032
15,"cerana",127.5417197,38.1759283,24.4666666666667,234,53.4033333333333,167.6,0.916091632993139,0.0469174522399622,0.0230338033534307,13.548883502509,3.45482964172652,7.67050110334704,13.3165829254831,20.6591310451159,11.4518211474643,5.15491887401545,5.05051707061423,10.4512244006449,23.9508439779214,13.548883502509
1,"cerana",127.519277,38.0777327,24.4666666666667,234,53.4033333333333,167.6,0.916091632993139,0.0469174522399622,0.0230338033534307,2.73461366083932,1.06270190852466,1.41914040382417,2.46759839272338,5.53064014368771,5.85115726484233,3.19105798582564,2.2405779316748,5.14174854855534,14.1132915849078,2.73461366083932
3,"cerana",127.3922504,34.8849014,24.5333333333333,199.1,46.1833333333333,106.6,0.749783320136979,0.189115423563528,0.023634128039804,3.20960140956786,1.55027289863468,1.36351398621122,2.84008507694286,7.29665399418573,4.81962748709289,4.996882151832,1.39583085595445,3.34349047749105,18.6986619261791,3.20960140956786
3,"cerana",127.2168372,37.8862401,25.2,234.6,53.5533333333333,148.366666666667,0.714024632499007,0.227801089577177,0.00623268622680839,3.15840701187039,1.45659358676226,1.34089846138739,2.78449950041756,7.05055771741841,4.39739021183403,3.60723545062314,1.41652040521097,3.38095789319338,12.754676554166,3.15840701187039
15,"cerana",127.1532238,35.7070291,26.5,229.4,52.94,94.0666666666667,0.79191636792701,0.161131528119105,0.0266332980106569,14.9788676215814,3.7593167913876,8.60403792585851,14.7318079812715,23.2299468875874,21.1743732674088,13.1654093464905,6.43955161792774,17.9006276405936,57.0183822129668,14.9788676215814
15,"cerana",127.3953874,35.6232241,25.0333333333333,212.233333333333,49.0766666666667,104.666666666667,0.79191636792701,0.161131528119105,0.0266332980106569,14.4372448777969,3.4311820175447,8.324814040913,14.107127962051,21.7657932692619,14.3384587134954,6.26227200548254,6.3998293320056,12.8963923248962,29.4659346260909,14.4372448777969
1,"cerana",129.1392355,35.6565243,25.2666666666667,205.733333333333,47.5166666666667,62.1666666666667,0.779251935029036,0.134603548808269,0.0134820561410416,1.72048657691427,0.753323157875212,1.02494024441514,1.49612697226394,3.75602391298169,2.57663760267456,2.51201945853531,1.07952512390818,1.87665375769437,7.73887391292672,1.72048657691427
1,"cerana",129.0765389,35.5118111,25.1333333333333,234.933333333333,54.3533333333333,98.0666666666667,0.779251935029036,0.134603548808269,0.0134820561410416,1.91543229043217,0.844919058755728,1.0680408178595,1.65615345254129,4.09537284447615,3.88705691068527,4.15130548278553,1.20340120406831,2.61440946534823,14.2579931320537,1.91543229043217
5,"cerana",128.3851271,38.0466608,23.2666666666667,214.4,48.8966666666667,96.6666666666667,0.930131097921056,0.0568464536542893,0.0060162766872025,4.63232129506759,1.70727341700119,2.17347727275008,4.37836738029493,8.80470573373979,5.4729969684146,2.31976059526088,2.4335281618064,4.93841050058237,11.3736172290518,4.63232129506759
1,"cerana",127.5245739,37.8811169,25.7,243.233333333333,55.51,112.366666666667,0.891529171045338,0.0757725901970562,0.0154913992556081,1.70988743582475,0.82072677701001,1.03283326733044,1.45705262394349,3.94656414328965,2.54776462037941,2.49170963958231,1.0681153302122,1.83687846338842,8.11407347409738,1.70988743582475
1,"cerana",127.590711,35.6990304,23.8333333333333,198.533333333333,45.8733333333333,109.333333333333,0.758564909701308,0.219643819002869,0.0057048582762791,1.90824334728681,0.819841824461701,1.09328374544652,1.65876575747384,4.04257876513822,3.47523361293411,2.34008717550237,1.32831768446853,2.71195692297176,10.370208848258,1.90824334728681
7,"cerana",127.8432939,37.7228102,25.4666666666667,247.533333333333,56.5466666666667,71.1666666666667,0.901575005943419,0.0874544337903162,0.00208762580236152,6.67691448523008,2.50880033746404,2.71969329597953,6.37671904047454,12.2650932283834,7.95038967538998,5.5714240582127,2.566001804552,6.55511989375548,21.9564246152835,6.67691448523008
5,"cerana",127.5054068,37.6654255,26,213.066666666667,48.7033333333333,96.1666666666667,0.891529171045338,0.0757725901970562,0.0154913992556081,4.93333088834237,1.98980567068792,2.12766308093682,4.62796967446602,9.91557625907637,6.14378158105463,3.34690330293784,2.48300720091876,5.242608528169,15.3636200493146,4.93333088834237
72,"cerana",128.2208537,37.4684441,25.8333333333333,226.433333333333,51.78,93,0.843847865408681,0.136740342739874,0.00575395442983913,69.1467243678938,8.63745698221629,53.7109086630436,68.6655914678149,88.954723851824,29.0262458025552,12.1123658657868,13.100777141252,26.595390663639,58.9422070725809,69.1467243678938
11,"cerana",128.3651816,38.1886627,23.9666666666667,201.133333333333,45.8,99.3333333333333,0.930131097921056,0.0568464536542893,0.0060162766872025,10.9889890775774,3.17443374759953,5.63340617431853,10.6526079707129,17.8772413465854,14.7284898203665,11.4028593538615,4.25757465988262,11.7850634725716,44.6119196547806,10.9889890775774
6,"cerana",128.8070598,36.5763417,25.8333333333333,246.966666666667,56.7666666666667,68.5,0.839185110042055,0.105858920321439,0.0383829843855149,6.10452366577807,2.36899618056778,2.32653858475095,5.79634560862526,11.6697730115425,9.98049829249495,10.6152534045486,2.24548082673211,7.00662469743446,34.3503917885056,6.10452366577807
73,"cerana",128.5452575,36.5475881,25.8333333333333,246.966666666667,56.7666666666667,68.5,0.839185110042055,0.105858920321439,0.0383829843855149,71.9761256186887,8.53112310653015,56.0871242897639,71.8130596534608,88.3941040680355,49.6974261613545,28.3088355250748,17.4210140518022,42.6375498381034,126.610210594911,71.9761256186887
2,"cerana",128.7315613,37.0161648,23.3333333333333,191.633333333333,43.85,89.8333333333333,0.902905603792729,0.0848410567682191,0.0014695626928614,2.52893149003122,1.2084591472014,1.20410986956681,2.18578465537592,5.62261086260561,4.50247419739155,4.31585065720496,1.33666924389892,3.15765891541003,13.9788205191549,2.52893149003122
9,"cerana",127.553534,38.0599182,25.2666666666667,239.9,54.7233333333333,107.833333333333,0.916091632993139,0.0469174522399622,0.0230338033534307,8.82553261860396,2.83349193906058,4.23626138608456,8.5666287969097,15.4869480011343,9.45676341883072,5.72637223853954,3.35110073038017,8.0910540082835,24.6115559364926,8.82553261860396
6,"cerana",127.7837564,37.8594804,25.7,243.233333333333,55.51,112.366666666667,0.833499675250017,0.0921676758793463,0.0446154032345905,6.14856771683685,2.29963039487319,2.63558660828574,5.82740289429357,11.7209701033489,9.34144406413031,6.44576403094928,2.87261597407316,7.59935268796729,26.9387172082621,6.14856771683685
13,"cerana",128.4556496,35.0611343,25.4333333333333,181.866666666667,46.9633333333333,69.1,0.78843160870066,0.157299065517159,0.022631556090426,13.0539081330326,3.61733751050083,6.68806082073426,12.8579174451319,21.1644049824588,20.8090517645785,15.3196632018149,5.5039842042979,16.8790762181232,63.5689921537634,13.0539081330326
3,"cerana",127.3799627,37.3116906,25.4333333333333,242.2,55.4766666666667,111.866666666667,0.389982445874781,0.525272088940901,0.00220986931929003,2.76567567781914,1.19540216912749,1.27968728232668,2.50056399645822,5.71863909787819,3.08771113792778,1.91120250383629,1.34475416986722,2.54571936646943,8.32817261445007,2.76567567781914
1,"cerana",128.0824143,35.0237325,25.1666666666667,219.466666666667,50.86,81.4333333333333,0.695819944248182,0.217689337742029,0.0259798149146092,1.96473823268499,0.899528867069524,1.08572432482537,1.68968328928102,4.4882978984252,4.09291159527565,4.49583658858976,1.32399899524299,2.89912620938348,12.6591426447474,1.96473823268499
4,"cerana",127.5896257,35.354195,25.8,231.266666666667,53.5433333333333,110.2,0.76553234982903,0.195117469231961,0.00926974625300714,4.06813239829518,1.72309810323966,1.81887809796629,3.7054008521996,8.35220930347408,5.38820216291601,2.86583965689284,2.21734184093004,4.61934202238657,13.5570540462057,4.06813239829518
1,"cerana",127.2304655,36.9833588,25.1333333333333,229.266666666667,52.6266666666667,101.033333333333,0.5565071327718,0.369584692536151,0.0113751075190288,1.77555161895704,0.695948684716559,1.07554537389408,1.57135096914985,3.64709931426032,2.59734907448176,1.86687260901155,1.18788766667596,2.0380545842712,6.88531748642295,1.77555161895704
50,"cerana",127.6318406,37.6814752,25.4666666666667,247.533333333333,56.5466666666667,71.1666666666667,0.901575005943419,0.0874544337903162,0.00208762580236152,49.1772871610109,7.08144490162275,36.321362715172,49.1549159690842,63.6985055875947,36.9495294760935,21.4713276633664,13.3877139186275,31.4608387878319,93.7392656168341,49.1772871610109
6,"cerana",127.9549594,37.8228476,25.4666666666667,247.533333333333,56.5466666666667,71.1666666666667,0.901575005943419,0.0874544337903162,0.00208762580236152,5.85563160874976,2.06894728137649,2.7761087934121,5.56069041597447,10.7575260206044,6.77388064654923,3.03136105265158,2.98063036350442,6.10597347881284,14.8723967537132,5.85563160874976
1,"cerana",128.8286576,36.7047911,25.8333333333333,246.966666666667,56.7666666666667,68.5,0.839185110042055,0.105858920321439,0.0383829843855149,2.4671654687983,1.07966437645109,1.26312752950665,2.16406358776629,5.2743190889586,5.76546365867986,4.1013902800836,1.82685354575106,4.57287092661841,17.0956607603928,2.4671654687983
1,"cerana",129.0243083,36.4034175,23.9333333333333,196.766666666667,45.2466666666667,57.5,0.879312028463103,0.10005498167985,0.00232026934654592,1.87294757469999,0.880449107366463,1.05506639026974,1.61485642925187,4.25746457091041,3.71955595752877,4.0676477866243,1.15889103543035,2.45353476687108,14.5893338837033,1.87294757469999
4,"cerana",127.6416006,37.5710458,26,213.066666666667,48.7033333333333,96.1666666666667,0.804742799828056,0.165599860806911,0.0171248439195136,4.26864092238679,1.61212472816027,1.98067662750508,3.97014528362876,8.18576558330167,5.92391604758665,2.79841900762829,2.58708924827575,5.27791787867992,13.4720450409188,4.26864092238679
12,"cerana",128.0984423,37.8764886,23.2666666666667,214.4,48.8966666666667,96.6666666666667,0.901575005943419,0.0874544337903162,0.00208762580236152,11.2921179016151,3.18998687846888,6.10788451796729,10.9174209414457,18.3906752177968,10.4556655925737,5.87856073622291,3.92233180812373,8.93966108292038,25.6934135267187,11.2921179016151
1,"cerana",128.726245,37.2534286,23.7,167.7,38.2933333333333,76.1666666666667,0.931653207194632,0.0525949640526858,0.00186180131677578,2.70900973893934,1.04346770511271,1.4723503845895,2.43547731661144,5.5424825049841,5.40583198598223,2.71243281989906,2.23808689634214,4.66133758969251,12.3012477538683,2.70900973893934
2,"cerana",128.0820625,37.9763688,23.2666666666667,214.4,48.8966666666667,96.6666666666667,0.930131097921056,0.0568464536542893,0.0060162766872025,2.92211952086335,1.19961629399112,1.38952038013143,2.66410849574267,6.09389725181901,5.22707977421241,2.8793127884002,2.00088429482214,4.4757821896928,12.9221435778835,2.92211952086335
8,"cerana",128.4993854,36.0840588,26.2,216.366666666667,49.88,97.7666666666667,0.80837312285704,0.108931039014308,0.0247438404224393,8.005883466812,2.6837706879825,3.48952506796825,7.74251692745888,14.1908491422765,11.7919839694402,12.974774577593,2.69307268581724,8.65444487871152,38.2346778742604,8.005883466812
10,"cerana",127.3953874,35.6232241,25.0333333333333,212.233333333333,49.0766666666667,104.666666666667,0.79191636792701,0.161131528119105,0.0266332980106569,10.2575859245406,2.86184056608342,5.60818861645518,9.95950765737387,16.287236671358,12.6740701957271,5.63612251097832,5.33140302407509,11.4218188405847,25.9310104232437,10.2575859245406
2,"cerana",127.8650768,37.6426333,25.4666666666667,247.533333333333,56.5466666666667,71.1666666666667,0.901575005943419,0.0874544337903162,0.00208762580236152,2.610724628261,1.17541187995364,1.30292820322797,2.31177790054998,5.7660956237693,4.50924351490706,3.39399990542174,1.61521325071286,3.48176695669476,13.114504622875,2.610724628261
3,"cerana",126.4997293,35.6010073,26,233.133333333333,53.86,95.1666666666667,0.401042129259555,0.486525594339343,0.0442460846137905,3.41800829282769,1.63362827079568,1.40263325208377,3.07173573591271,7.29310135612685,6.08650618357781,10.9265469235008,1.58564994188336,4.21009010068915,21.2923717076483,3.41800829282769
1,"cerana",126.6617565,34.3617495,25.5666666666667,219.033333333333,50.9133333333333,79.4333333333333,0.6096592795196,0.20975548669101,0.12932708649303,3.46561093178741,1.36497529651472,1.63445560175432,3.1933925580722,6.76049363044495,9.94081270770045,5.35883448175989,3.61461299396248,8.62226451576728,23.8057509810886,3.46561093178741
1,"cerana",127.8796149,37.2882089,25.8333333333333,226.433333333333,51.78,93,0.807252941842628,0.146686502012704,0.00467091513697713,2.23182346728789,0.971979105702981,1.14373342926118,1.96065115871367,4.94246937483051,5.52431181364618,7.85189963990955,1.5489904193661,3.96690847007354,19.1339800149982,2.23182346728789
2,"cerana",127.8543931,37.4933412,25.8333333333333,226.433333333333,51.78,93,0.843847865408681,0.136740342739874,0.00575395442983913,3.32600301897744,1.40165533838628,1.51132861852133,3.04076989272537,6.88409113123606,7.72681100022713,5.11237014298675,2.34733694406756,6.41759470146651,19.9215241872276,3.32600301897744
55,"cerana",128.1165386,35.2053772,25.1666666666667,219.466666666667,50.86,81.4333333333333,0.728403647723328,0.18252626928781,0.0362879050834622,54.8664557996663,7.69134869725197,41.2965313924258,54.7635405715829,69.7096132845103,83.72865909017,76.6073680735609,21.14848035814,60.0059012230651,258.790582046294,54.8664557996663
2,"cerana",127.7911938,35.4613511,25.0666666666667,202.8,46.8133333333333,103.5,0.879513991113253,0.0966482028151595,0.00862303165605175,2.82179398509931,1.26417736311262,1.32495708510448,2.48102738437025,6.0254144742125,5.22206268677249,4.156958751016,1.70998075354868,3.9819016174714,16.8482992632528,2.82179398509931
1,"cerana",126.674112,35.6835943,26,233.133333333333,53.86,95.1666666666667,0.401042129259555,0.486525594339343,0.0442460846137905,1.98169789368534,0.943378725257695,1.08769750391859,1.72822245581478,4.39046165862006,4.46495406456107,5.44616536642044,1.30270388894326,3.01204424899636,15.84219861548,1.98169789368534
5,"cerana",128.0831466,37.2775872,25.8333333333333,226.433333333333,51.78,93,0.807252941842628,0.146686502012704,0.00467091513697713,4.72319841989154,1.91241180508946,2.1115093023613,4.42514639276327,9.09982116180476,5.2717169309432,2.64432541736036,2.12480468038682,4.60038374603359,12.1784314652112,4.72319841989154
18,"cerana",128.2708307,37.694464,25.4666666666667,247.533333333333,56.5466666666667,71.1666666666667,0.901575005943419,0.0874544337903162,0.00208762580236152,16.8053796458149,3.94546597444113,9.91555467996973,16.570434974291,25.0731824149889,13.2006451384762,7.26651552076309,5.00567258928359,11.6188909181851,31.9733277473201,16.8053796458149
2,"cerana",127.3799627,37.3116906,25.4333333333333,242.2,55.4766666666667,111.866666666667,0.389982445874781,0.525272088940901,0.00220986931929003,2.38674960868317,1.10411200324202,1.18338970003217,2.10952948833295,5.27457485202437,3.15678005443456,2.25836374020751,1.25829930156257,2.51702786728651,8.60568844142495,2.38674960868317
3,"cerana",126.9116461,37.7267059,26.5666666666667,232.533333333333,53.78,83.8333333333333,0.571906243426079,0.212923083736534,0.0347601279907882,3.38434763008694,1.49993369693641,1.49735502645399,3.01764992707643,7.30048694772747,5.32404784185344,3.58368354511117,1.84372809029021,4.41102131201459,13.4583326434818,3.38434763008694
96,"cerana",127.9227657,35.2938097,25.2666666666667,212.533333333333,49.75,120.333333333333,0.879513991113253,0.0966482028151595,0.00862303165605175,94.4410291950999,9.70804013234205,76.1264776764434,94.4085581050979,114.554088872677,59.0011688703806,28.658155548208,25.3039187459166,52.153795724395,135.954027008328,94.4410291950999
1,"cerana",127.9105637,36.929005,25.8333333333333,222.4,50.9333333333333,91.4,0.734773509211059,0.192849047033986,0.0346030391641658,2.86514223617655,1.21707618614979,1.42185903997302,2.56865614340076,5.9891926919008,6.05244140550826,3.1837153964647,2.33919686549589,5.16290155708464,14.6595563704916,2.86514223617655
20,"cerana",127.5417197,38.1759283,24.4666666666667,234,53.4033333333333,167.6,0.916091632993139,0.0469174522399622,0.0230338033534307,18.0906079485705,4.11451435554085,11.1545634875861,17.8089239812105,27.448360865696,13.1773024114808,5.59160615265441,5.9711723471438,11.9692320135266,27.4449005657134,18.0906079485705
4,"cerana",127.5417197,38.1759283,24.4666666666667,234,53.4033333333333,167.6,0.916091632993139,0.0469174522399622,0.0230338033534307,4.72655801342931,1.84942954459957,2.09407099519368,4.39855325772806,9.2046991171796,7.56094916265694,4.09271274744232,2.81345641612848,6.64118508521061,18.2114781738626,4.72655801342931
35,"cerana",127.519277,38.0777327,24.4666666666667,234,53.4033333333333,167.6,0.916091632993139,0.0469174522399622,0.0230338033534307,32.0606605155142,5.48428453991362,22.0158583701411,31.6495841553934,43.3028648713151,17.4786929408973,7.1769580124663,8.15994630074331,16.009033884895,35.2970024211825,32.0606605155142
2,"cerana",127.5417197,38.1759283,24.4666666666667,234,53.4033333333333,167.6,0.916091632993139,0.0469174522399622,0.0230338033534307,3.37430992948561,1.28083935267176,1.62356555294794,3.14676303434257,6.43394829567541,6.70681699065125,3.33382186987962,2.63318768092599,5.87388457919717,14.9193590247375,3.37430992948561
17,"cerana",127.5417197,38.1759283,24.4666666666667,234,53.4033333333333,167.6,0.916091632993139,0.0469174522399622,0.0230338033534307,15.529028785821,3.76575120569305,9.2418224585025,15.2640217763865,23.6834337811431,12.2022599751421,5.25456297420026,5.36878950861321,11.1048258400152,24.9230639191483,15.529028785821
15,"cerana",127.5417197,38.1759283,24.4666666666667,234,53.4033333333333,167.6,0.916091632993139,0.0469174522399622,0.0230338033534307,13.8118326094246,3.3780825338502,8.13871556650965,13.5470227423689,21.3170389183763,11.5110055311608,5.28770569954424,4.73193142869515,10.4017920221855,25.4190163270901,13.8118326094246
14,"cerana",127.5417197,38.1759283,24.4666666666667,234,53.4033333333333,167.6,0.916091632993139,0.0469174522399622,0.0230338033534307,12.9817291474721,3.29924078754192,7.6353582673423,12.5927198043404,20.1672478705945,10.9407192454574,5.10848416566374,4.39631309690902,9.87191618796957,24.1373709716826,12.9817291474721
7,"cerana",128.0831466,37.2775872,25.8333333333333,226.433333333333,51.78,93,0.807252941842628,0.146686502012704,0.00467091513697713,6.3884764715458,2.19832104978748,2.94431088475153,6.12106811004555,11.4112376260344,6.03151415433969,2.84627215987653,2.5653575613814,5.38249677471163,14.1673437352019,6.3884764715458
2,"cerana",128.1293578,37.8598438,23.2666666666667,214.4,48.8966666666667,96.6666666666667,0.901575005943419,0.0874544337903162,0.00208762580236152,3.20465012378648,1.27279187715099,1.54567798360686,2.89718774210222,6.38064353273881,5.22862576682576,2.41224124936696,2.35908165873707,4.71042527330605,11.2920257271718,3.20465012378648
5,"cerana",127.7807653,35.4151198,25.2666666666667,212.533333333333,49.75,120.333333333333,0.879513991113253,0.0966482028151595,0.00862303165605175,5.02613719452811,1.98314127844178,2.16600733263245,4.69849272329905,9.37464827784716,6.87070387144652,4.32840398494448,2.28659974128569,5.72092173452485,18.4086314259424,5.02613719452811
4,"cerana",128.7817425,37.2520769,23.7,167.7,38.2933333333333,76.1666666666667,0.931653207194632,0.0525949640526858,0.00186180131677578,4.46925950663354,1.62554214408348,2.11193746795855,4.20029635036716,8.42776958884726,6.26219974839463,2.63106150929767,2.79949652247946,5.75551435446293,12.859313445273,4.46925950663354
20,"cerana",127.382667,35.4114491,25.8,231.266666666667,53.5433333333333,110.2,0.76553234982903,0.195117469231961,0.00926974625300714,19.0186812174313,4.31848630993915,11.7644558505414,18.6921570462252,28.2344145382264,16.6770772641829,9.74369733796037,6.1514877146362,14.5161054575845,39.3377591669616,19.0186812174313
6,"cerana",127.9232858,36.9691539,25.8333333333333,222.4,50.9333333333333,91.4,0.734773509211059,0.192849047033986,0.0346030391641658,6.05424690464911,2.05748682111148,2.76768136920436,5.81801717288267,10.3250836806996,8.07254252552818,3.8116271871784,3.3662183688798,7.27774774930163,17.9507801495858,6.05424690464911
12,"cerana",127.6844058,35.0146387,26.1333333333333,211.833333333333,50.31,91.3333333333333,0.697398276331517,0.15628300913973,0.0444415263908977,11.9638792740243,3.50343714634665,6.39385680956661,11.6629179828341,19.6929619590798,14.4152452412583,8.40711385415647,4.79977220929117,12.2662475768694,38.8319233562236,11.9638792740243
2,"cerana",127.4806675,37.9429407,25.7,243.233333333333,55.51,112.366666666667,0.891529171045338,0.0757725901970562,0.0154913992556081,3.03957112849675,1.14923605723444,1.58264032068003,2.8143723165667,5.94593977182986,4.84873072538224,1.99966251745276,2.26094334760612,4.42315715277604,10.4238911367063,3.03957112849675
6,"cerana",127.4806675,37.9429407,25.7,243.233333333333,55.51,112.366666666667,0.891529171045338,0.0757725901970562,0.0154913992556081,5.34159456326357,1.84754531252729,2.56168739026388,5.07793915894392,9.57854913570389,5.73969158860687,2.29989687656477,2.87759074647724,5.22260656986002,12.1418127139355,5.34159456326357
1,"cerana",127.9865342,36.8484432,25.8333333333333,222.4,50.9333333333333,91.4,0.734773509211059,0.192849047033986,0.0346030391641658,1.99179211424127,0.834452386394933,1.1359877486192,1.74684703815252,4.12057861319843,3.13945777299338,2.16938022109425,1.31859979075586,2.51068548536636,8.67086391160947,1.99179211424127
30,"cerana",126.9213478,34.9908486,26.7666666666667,222.733333333333,51.6733333333333,77.7666666666667,0.845966823799443,0.121671978089808,0.0142539698506248,29.6377908857339,5.20425264081651,20.0781398169334,29.3963885227683,40.6114085704441,31.9752011669368,21.5829790562568,10.0659997233985,26.5790558032027,86.2013329746221,29.6377908857339
2,"cerana",128.0831466,37.2775872,25.8333333333333,226.433333333333,51.78,93,0.807252941842628,0.146686502012704,0.00467091513697713,2.79674810126686,1.21319080444224,1.35815471519143,2.47281202487722,5.78180790786258,4.06271720845033,2.16189973103048,1.74929985209966,3.51620192954779,9.54713501166976,2.79674810126686
2,"cerana",128.0831466,37.2775872,25.8333333333333,226.433333333333,51.78,93,0.807252941842628,0.146686502012704,0.00467091513697713,2.72989544920498,1.11904345985972,1.36854514263364,2.43869243057466,5.64037395608902,4.09997016194713,2.15735454713208,1.78024874592789,3.57775271576173,9.85191503993921,2.72989544920498
8,"cerana",128.9381286,36.9448146,23.3333333333333,191.633333333333,43.85,89.8333333333333,0.902905603792729,0.0848410567682191,0.0014695626928614,7.63432365513488,2.53336184144501,3.77855145566071,7.28078743856541,13.596926198101,9.21016501910307,4.95075334485865,3.30193647020686,8.09961396254351,20.1396724120241,7.63432365513488
3,"cerana",128.8541177,35.6490244,26.1666666666667,215.566666666667,49.8133333333333,100.633333333333,0.826171976711487,0.142924656036162,0.0192421859539854,3.24957764905283,1.60710037167531,1.35548584067832,2.8730926347369,7.4670701644878,5.03148531468918,4.40888275559234,1.5244998710035,3.6544652377466,17.3570792552142,3.24957764905283
30,"cerana",127.2653376,35.8703189,26.5,229.4,52.94,94.0666666666667,0.791904881813902,0.163174547564567,0.0137444027195393,29.7322418381185,5.37763684371204,19.6722175369819,29.6779103376876,41.23097608314,42.1438471543025,31.5145786672046,11.5494674710049,32.6366798537305,127.848620034735,29.7322418381185
7,"cerana",127.6530618,37.6418514,25.4666666666667,247.533333333333,56.5466666666667,71.1666666666667,0.901575005943419,0.0874544337903162,0.00208762580236152,7.29263781612605,2.55109838406464,3.25332912916682,6.98214734799079,13.5053120999714,10.0314636668605,5.21346593894023,3.56252475660064,8.85888599924994,23.3036664644162,7.29263781612605
13,"cerana",128.6295139,37.9872585,23.8666666666667,207.333333333333,47.1933333333333,95.2666666666667,0.887557825683459,0.0860502844350617,0.00529623043844797,12.6872114855103,3.58692577788467,6.64640858068955,12.3032406197159,20.5996043612398,14.282814020452,12.3812370782226,4.1625423957665,11.238024587739,44.6611054538478,12.6872114855103
8,"cerana",128.4537971,36.8992222,24.4,226.533333333333,51.9066666666667,90,0.781233731388709,0.180969695998889,0.0029166700038177,7.70671867065755,2.58704236383383,3.56772281646977,7.4610532273831,13.4818887666689,8.87948404030631,6.3084841672219,2.87568328748271,7.19031579428448,25.6705726705445,7.70671867065755
1,"cerana",127.437941,37.7524819,26,213.066666666667,48.7033333333333,96.1666666666667,0.891529171045338,0.0757725901970562,0.0154913992556081,1.93446636982905,0.874445439362851,1.08223075124803,1.6723115431005,4.47054738010883,3.38033556744081,3.00027446976993,1.2194682894489,2.51710077624047,9.73870279562308,1.93446636982905
13,"cerana",127.9232858,36.9691539,25.8333333333333,222.4,50.9333333333333,91.4,0.734773509211059,0.192849047033986,0.0346030391641658,11.8679695380188,3.28521542270912,6.40026723718809,11.4353027474817,19.5540427308207,10.6488281199851,4.73914513031196,4.65552305858613,9.76431940700914,21.6001171454723,11.8679695380188
17,"cerana",127.0473841,38.117962,24.4666666666667,234,53.4033333333333,167.6,0.648728603751825,0.309313544219435,0.0134995100773639,16.7887436226812,3.88383146243835,9.99432152487243,16.4689333814111,24.9802895036122,19.8576729985592,17.4702188997265,5.09311119165538,15.058406569125,62.158818833403,16.7887436226812
35,"cerana",127.74339,37.6518777,25.4666666666667,247.533333333333,56.5466666666667,71.1666666666667,0.901575005943419,0.0874544337903162,0.00208762580236152,30.8218630870223,5.31152430996259,21.1407788118994,30.5605907512199,41.7987205429105,14.2526020700774,5.04762801649047,7.32466839115873,13.403237041326,26.7952868303989,30.8218630870223
18,"cerana",128.9410712,36.4616321,23.9333333333333,196.766666666667,45.2466666666667,57.5,0.839185110042055,0.105858920321439,0.0383829843855149,17.6740651221109,4.10510533587009,10.2948342598741,17.4883959356432,26.5545912412771,20.8087323971288,21.0057845233674,5.91327084951032,15.5442875228246,66.3819649900152,17.6740651221109
2,"cerana",127.3319806,37.6535569,26,213.066666666667,48.7033333333333,96.1666666666667,0.712410414427232,0.146418247453677,0.020044372738867,2.37905831650147,1.14205105302341,1.14719979600529,2.06719811483595,5.36086937488459,3.54735744428734,2.95158274940645,1.22475893772023,2.62795772782069,11.0318748362653,2.37905831650147
4,"cerana",127.5426539,35.485308,25.8,231.266666666667,53.5433333333333,110.2,0.758564909701308,0.219643819002869,0.0057048582762791,4.04135080431499,1.79545482452059,1.62218209099968,3.60057511574561,8.12407459802165,5.95378882860717,9.37504612610989,1.79149474945792,4.10005135753587,19.1419643658202,4.04135080431499
1,"cerana",127.4806675,37.9429407,25.7,243.233333333333,55.51,112.366666666667,0.891529171045338,0.0757725901970562,0.0154913992556081,2.58455658250114,0.922912996275737,1.4395573697082,2.36770643705751,4.92431794048509,4.4513511049092,1.8203128709483,2.14686250099534,4.03639211741628,9.13432670298999,2.58455658250114
1,"cerana",127.4806675,37.9429407,25.7,243.233333333333,55.51,112.366666666667,0.891529171045338,0.0757725901970562,0.0154913992556081,2.60588494376342,0.968888018465712,1.39006001241366,2.37719063548985,4.99150580918349,4.4519008246848,1.81635147627432,2.06625167139356,4.10734432189187,8.98637073497033,2.60588494376342
18,"cerana",127.5896257,35.354195,25.8,231.266666666667,53.5433333333333,110.2,0.76553234982903,0.195117469231961,0.00926974625300714,16.1735165591312,3.86312446726009,9.80124233704549,15.8878101150393,24.2809894460986,10.5406092009154,4.73992733558592,4.5547132120499,9.38797286159906,23.2899411305632,16.1735165591312
10,"cerana",127.909936,37.8740024,25.7,243.233333333333,55.51,112.366666666667,0.833499675250017,0.0921676758793463,0.0446154032345905,9.96244051176947,3.02960379278466,5.14178754858601,9.69262958024863,17.0483007824681,12.6112556592391,9.14740670356849,4.0167520339991,10.3773009292379,33.1316857140485,9.96244051176947
21,"cerana",127.9813129,37.7610572,25.4666666666667,247.533333333333,56.5466666666667,71.1666666666667,0.901575005943419,0.0874544337903162,0.00208762580236152,20.1273643647799,4.30482093532573,12.7205086676476,19.7483789702308,29.0459236962922,18.1248543456322,10.8896490723059,5.97014627063424,15.0070064707739,46.3563483605151,20.1273643647799
7,"cerana",128.4052788,37.3728454,23.7,167.7,38.2933333333333,76.1666666666667,0.902316789864021,0.0823118402718714,0.00135284758142417,6.80242110245105,2.03786875948191,3.71740614379516,6.55252112875003,11.202621828343,7.58663049363631,3.10909312464708,3.60446704236609,6.88387195615749,15.268175994025,6.80242110245105
2,"cerana",128.1016145,36.6211096,25.2333333333333,196.7,45.1633333333333,68,0.814675916998863,0.162685888783513,0.0059116469972493,2.61458003648705,1.18402667282927,1.22513456670484,2.29861299706931,5.62488215723851,4.63745031404033,3.80833561866692,1.4503830425993,3.44186493995533,15.6834398907261,2.61458003648705
5,"cerana",128.121852,37.8229473,25.4666666666667,247.533333333333,56.5466666666667,71.1666666666667,0.901575005943419,0.0874544337903162,0.00208762580236152,4.7004195336345,1.84165466316461,2.11786737058272,4.37528876149315,9.21061141572238,5.4086598819345,2.53951187115569,2.22467504426135,4.81295085379248,11.8602681255879,4.7004195336345
2,"cerana",128.0156889,37.7770615,25.4666666666667,247.533333333333,56.5466666666667,71.1666666666667,0.901575005943419,0.0874544337903162,0.00208762580236152,2.93032665700353,1.22254141614572,1.45655022051491,2.6267500753961,5.93026098106881,5.32169127614839,2.86020072825338,1.94811966210878,4.57888203900472,13.5761864878159,2.93032665700353
32,"cerana",128.0984423,37.8764886,23.2666666666667,214.4,48.8966666666667,96.6666666666667,0.901575005943419,0.0874544337903162,0.00208762580236152,30.1979744780681,5.70673995690306,20.1981590500556,29.6347294817977,42.6553271082228,18.7110017086175,9.00482971800362,7.6746087338606,16.9278119465483,40.6938733172025,30.1979744780681
4,"cerana",127.9549594,37.8228476,25.4666666666667,247.533333333333,56.5466666666667,71.1666666666667,0.901575005943419,0.0874544337903162,0.00208762580236152,4.40393631833148,1.68139622456148,2.02194787413713,4.09624150459855,8.31439679394563,6.18513166723016,2.7600119890959,2.68524902330693,5.55567605754758,12.8265724592973,4.40393631833148
9,"cerana",127.8863288,37.6147161,25.4666666666667,247.533333333333,56.5466666666667,71.1666666666667,0.901575005943419,0.0874544337903162,0.00208762580236152,8.49990544288463,2.75279323386995,3.88480247157611,8.14975228362381,14.6946979827685,8.91878876263212,5.46837702147499,2.94779074657004,7.46392021305213,23.406948359514,8.49990544288463
1,"cerana",128.116951,37.9894237,23.2666666666667,214.4,48.8966666666667,96.6666666666667,0.930131097921056,0.0568464536542893,0.0060162766872025,2.46217266529374,0.894795984705548,1.36952389015742,2.23094696159661,4.64872193955983,4.36561367703677,1.83415689711769,2.01950428459972,3.96575285538966,8.85847144463821,2.46217266529374
4,"cerana",128.1436063,38.0771327,23.2666666666667,214.4,48.8966666666667,96.6666666666667,0.930131097921056,0.0568464536542893,0.0060162766872025,4.19909812717775,1.8452526336801,1.73622952503633,3.81056258700984,8.77605562422362,6.31365839045892,5.86391863021075,1.75774118584076,4.71050852967701,20.4818384243775,4.19909812717775
60,"cerana",127.2866581,35.8134957,26.5,229.4,52.94,94.0666666666667,0.791904881813902,0.163174547564567,0.0137444027195393,59.3621764579429,7.93334099837207,45.2238575251165,59.0508122797458,76.3998877733757,54.1281726582843,33.5318058127562,19.0324684149274,45.5123894712043,134.336211353594,59.3621764579429
3,"cerana",128.7902001,36.9395486,23.3333333333333,191.633333333333,43.85,89.8333333333333,0.902905603792729,0.0848410567682191,0.0014695626928614,3.72299932849162,1.4961742293874,1.72519873976214,3.45689362779342,7.42198825688437,6.28646071260142,3.48785317757719,2.479383259316,5.43719724725281,15.1405317561735,3.72299932849162
7,"cerana",128.2724166,37.8107051,23.2666666666667,214.4,48.8966666666667,96.6666666666667,0.901575005943419,0.0874544337903162,0.00208762580236152,6.95800497837125,2.62356286428723,3.01115981937403,6.60354028240509,12.9290901679401,8.86509582401894,6.52002993778642,2.5394194395144,6.99728272461473,25.4551425333881,6.95800497837125
12,"cerana",127.4091203,35.4412163,25.8,231.266666666667,53.5433333333333,110.2,0.76553234982903,0.195117469231961,0.00926974625300714,11.4480994096531,3.27143287134781,6.08886664770263,11.1326451216082,19.1692918541873,12.05882442546,7.01563308440321,4.18636595949248,10.3035180218017,29.3587488897542,11.4480994096531
50,"cerana",126.8818047,35.0117982,26.7666666666667,222.733333333333,51.6733333333333,77.7666666666667,0.845966823799443,0.121671978089808,0.0142539698506248,48.7889456716855,7.48423789647442,35.3951227680224,48.2973997952314,64.4956922913554,44.4068591754317,25.6800774093648,15.3237747410341,38.6175286484956,105.350313776169,48.7889456716855
50,"cerana",127.2863785,35.6745167,25.0333333333333,212.233333333333,49.0766666666667,104.666666666667,0.79191636792701,0.161131528119105,0.0266332980106569,49.0930471013138,6.97748578718047,36.8572287762695,48.8142628219916,63.515506684124,41.3854028925969,26.1820232155231,14.3891642726541,34.7467527330284,108.160687993703,49.0930471013138
3,"cerana",127.5417197,38.1759283,24.4666666666667,234,53.4033333333333,167.6,0.916091632993139,0.0469174522399622,0.0230338033534307,4.09601555027985,1.64429965312628,1.94622003942298,3.74088756774455,8.0103084097945,7.08769533954936,3.52713517259204,2.71972047579568,6.21451204368546,16.3507378761216,4.09601555027985
1,"cerana",127.5417197,38.1759283,24.4666666666667,234,53.4033333333333,167.6,0.916091632993139,0.0469174522399622,0.0230338033534307,2.79629442422261,1.06908920005158,1.45072317840117,2.54431808350693,5.49115129505797,6.38763370794129,3.31617508150496,2.33857259282012,5.55252403514392,15.32883324439,2.79629442422261
11,"cerana",127.519277,38.0777327,24.4666666666667,234,53.4033333333333,167.6,0.916091632993139,0.0469174522399622,0.0230338033534307,10.0353221795135,3.01595160311071,5.2188188846243,9.6484140289224,17.1295473194784,9.76081849867315,4.26952960366205,3.92775397665779,8.93828035184656,20.4971723425259,10.0353221795135
30,"cerana",127.893469,37.4573003,25.8333333333333,226.433333333333,51.78,93,0.807252941842628,0.146686502012704,0.00467091513697713,28.8280623743332,5.32425079128231,19.3712262410178,28.6874399492586,40.2654445174291,21.5565035171595,10.3314104733217,8.30878403780907,19.2768136901415,47.6042655750781,28.8280623743332
6,"cerana",127.9215469,37.7492272,25.4666666666667,247.533333333333,56.5466666666667,71.1666666666667,0.901575005943419,0.0874544337903162,0.00208762580236152,6.05720816409171,2.16054002393154,2.7607772220489,5.77863639191969,11.0954714744205,7.52748394106163,4.09275784310072,2.86026941351502,6.55129816484911,18.8491428167002,6.05720816409171
3,"cerana",127.6844058,35.0146387,26.1333333333333,211.833333333333,50.31,91.3333333333333,0.697398276331517,0.15628300913973,0.0444415263908977,3.84982977016024,1.61003824300863,1.68196418250506,3.47667500555375,7.7099633007068,8.49599967878199,7.02209547120724,2.26859083096824,6.65419630533257,24.9188972949959,3.84982977016024
1,"cerana",127.590711,35.6990304,23.8333333333333,198.533333333333,45.8733333333333,109.333333333333,0.758564909701308,0.219643819002869,0.0057048582762791,1.94504073945455,0.821981842013404,1.10717964134612,1.66398734068014,3.96098468785959,3.39771826667822,2.65363798743756,1.28255648856307,2.64987062628891,11.2264790371941,1.94504073945455
1,"cerana",127.4294129,35.7401886,23.8333333333333,198.533333333333,45.8733333333333,109.333333333333,0.826179209020244,0.129766236724467,0.0327120526180917,1.82632865115213,0.883605847653616,1.05212339018802,1.5382846260658,4.20674737373292,3.61952398785579,4.19732718218145,1.154058143815,2.35663038446897,13.1490655948731,1.82632865115213
8,"cerana",127.9232858,36.9691539,25.8333333333333,222.4,50.9333333333333,91.4,0.734773509211059,0.192849047033986,0.0346030391641658,7.82130704176921,2.59423383311811,3.6909895308076,7.46619213121397,13.4059648198721,9.02249910782413,4.60695837732892,3.6833135510565,7.98182371360491,19.6928080160125,7.82130704176921
2,"cerana",128.2296884,37.5365529,25.8333333333333,226.433333333333,51.78,93,0.843847865408681,0.136740342739874,0.00575395442983913,2.5918072215194,1.29333413503572,1.20217023356427,2.19809760434058,6.04921786783172,4.66567929915849,4.77326021409346,1.26991725296378,3.13260348388878,17.432241850521,2.5918072215194
7,"cerana",128.5140897,36.6393275,25.8333333333333,246.966666666667,56.7666666666667,68.5,0.655519395655666,0.307953688242074,0.0135755369474273,6.26370737108519,2.34321254585086,2.81732957462896,5.93799541949186,11.7249287271518,6.87886158106508,4.2771441266431,2.33634838920648,5.84559014757614,17.1999300476439,6.26370737108519
6,"cerana",128.4537971,36.8992222,24.4,226.533333333333,51.9066666666667,90,0.781233731388709,0.180969695998889,0.0029166700038177,6.01898058317831,2.45210726179698,2.54919887958419,5.60500788030648,11.5448657932319,7.54243067033269,5.37678393136125,2.32186514234083,6.02960050274322,21.0936057545557,6.01898058317831
5,"cerana",127.9527749,37.6437711,25.4666666666667,247.533333333333,56.5466666666667,71.1666666666667,0.901575005943419,0.0874544337903162,0.00208762580236152,4.96660218564079,1.99028216903693,2.11263228758947,4.64048551615964,9.75033844590232,6.27909391546808,3.80712910440628,2.22227781360315,5.33757387363125,15.5363856822425,4.96660218564079
20,"cerana",127.7520913,37.6324523,25.4666666666667,247.533333333333,56.5466666666667,71.1666666666667,0.901575005943419,0.0874544337903162,0.00208762580236152,17.2477801264727,3.87971230753238,10.4664001755725,16.9623130042656,26.1702985465764,10.7082677501352,4.30172667294843,5.08761439462146,9.80664467320269,21.8780556775351,17.2477801264727
5,"cerana",128.1824685,37.7142062,25.4666666666667,247.533333333333,56.5466666666667,71.1666666666667,0.901575005943419,0.0874544337903162,0.00208762580236152,4.65613711591362,1.81421785210155,2.13489452082276,4.30558097602211,9.22192395347231,5.33282124597906,2.1854006359561,2.59943391107397,4.95312064793356,10.2518969635043,4.65613711591362
6,"cerana",128.2265769,37.6011843,25.4666666666667,247.533333333333,56.5466666666667,71.1666666666667,0.843847865408681,0.136740342739874,0.00575395442983913,5.48423981415808,2.13083307168788,2.47498700579206,5.07675532386405,10.577365875627,6.05612969220625,3.58013597728342,2.31811789444754,5.04067350362145,15.854336539642,5.48423981415808
7,"cerana",128.7315613,37.0161648,23.3333333333333,191.633333333333,43.85,89.8333333333333,0.902905603792729,0.0848410567682191,0.0014695626928614,6.91567154896114,2.63164386675486,3.07583944427323,6.51352230715142,13.3669833563375,8.88761401565346,7.46530417503026,2.45121586397398,6.84997451264598,28.1190676454931,6.91567154896114
5,"cerana",129.4499391,35.9128626,26.1,233.233333333333,53.7766666666667,55.7666666666667,0.730075253045197,0.129198819274255,0.0120327432741452,5.15340431932078,2.13923756308623,2.2187734623119,4.77211743730816,10.0871092905256,7.24401975485509,5.5573548424309,2.26172492398673,5.82683095753825,22.7320413108649,5.15340431932078
30,"cerana",128.4765665,35.0182672,25.8666666666667,223.933333333333,51.8666666666667,145,0.78843160870066,0.157299065517159,0.022631556090426,29.5199596578702,5.57675287362006,19.8266255128992,29.0095873878069,41.3729125885526,29.4075984810483,18.1658013227123,9.67618064147301,24.9579217550182,78.5653214108836,29.5199596578702
1,"cerana",128.5710184,37.7594062,19.8666666666667,229.933333333333,55.74,61.0666666666667,0.902316789864021,0.0823118402718714,0.00135284758142417,1.73588797926269,0.781158247392922,1.03807346032835,1.47025410847631,4.01359194276126,2.59351624051725,2.51134794633446,1.08014647889744,1.87582345543851,8.41499007330282,1.73588797926269
11,"cerana",127.6114145,35.0878407,26.1333333333333,211.833333333333,50.31,91.3333333333333,0.697398276331517,0.15628300913973,0.0444415263908977,10.333038606564,3.05393318384026,5.36503427634437,10.1227588620846,16.8957487615908,10.1233950828212,6.38011063589322,3.5105269423201,8.42952438827187,27.1983422775511,10.333038606564
64,"cerana",126.9988465,35.0389006,26.7666666666667,222.733333333333,51.6733333333333,77.7666666666667,0.845966823799443,0.121671978089808,0.0142539698506248,59.9894071661511,7.68912920636573,45.6257578450872,59.8295497613564,75.9186043556999,22.8213644266697,8.80235088316738,11.2147709321939,21.2767654555631,43.2535196734523,59.9894071661511
4,"cerana",128.0820625,37.9763688,23.2666666666667,214.4,48.8966666666667,96.6666666666667,0.930131097921056,0.0568464536542893,0.0060162766872025,4.19838216671848,1.70422161624106,1.91715042549297,3.83716927696129,8.32617955037114,6.03605075885787,3.25036975773427,2.36980831995492,5.27872838440737,14.4676796276267,4.19838216671848
4,"cerana",128.3101926,38.1219556,23.2666666666667,214.4,48.8966666666667,96.6666666666667,0.930131097921056,0.0568464536542893,0.0060162766872025,4.12290277726021,1.6679137986467,1.85578067216171,3.79259850278947,7.92518783632102,5.63298660071221,3.64567088144232,1.92180223993426,4.65432497074312,15.0777165323536,4.12290277726021
1,"cerana",128.3101926,38.1219556,23.2666666666667,214.4,48.8966666666667,96.6666666666667,0.930131097921056,0.0568464536542893,0.0060162766872025,2.19144504069464,0.900310084182659,1.16199615059381,1.92273299857434,4.46398159114102,3.91794204626365,2.61083813593827,1.4422591659666,3.18578031627489,10.814333285701,2.19144504069464
9,"cerana",127.5291954,37.6617845,26,213.066666666667,48.7033333333333,96.1666666666667,0.891529171045338,0.0757725901970562,0.0154913992556081,8.23588108776122,2.68583098508305,3.82136953582772,8.03712851744256,14.4235321236029,8.07795971380311,4.49360558439982,3.05805731336062,6.90970501256817,18.6959051596174,8.23588108776122
1,"cerana",127.4947634,37.5893415,26,213.066666666667,48.7033333333333,96.1666666666667,0.891529171045338,0.0757725901970562,0.0154913992556081,2.11981723738561,0.788075603253632,1.19825739625803,1.9470643844236,4.19061393976517,3.52515665332271,1.69408609070381,1.65990533429547,3.10028480536955,7.73575729223466,2.11981723738561
8,"cerana",127.6122255,37.656916,26,213.066666666667,48.7033333333333,96.1666666666667,0.901575005943419,0.0874544337903162,0.00208762580236152,8.12835609254678,2.75262767808827,3.79027932917909,7.89487499640648,14.372631928592,13.3991888363324,9.47850501651921,3.92673440745441,10.806004199156,39.3427800401781,8.12835609254678
2,"cerana",128.2265769,37.6011843,25.4666666666667,247.533333333333,56.5466666666667,71.1666666666667,0.843847865408681,0.136740342739874,0.00575395442983913,2.71068044550051,1.1607954226151,1.33410840456585,2.42302970342307,5.49926027693567,4.11885048019088,2.32234938846981,1.70873250287824,3.46736268028917,10.690089582148,2.71068044550051
85,"cerana",128.6044862,36.8203575,24.4,226.533333333333,51.9066666666667,90,0.781233731388709,0.180969695998889,0.0029166700038177,84.2077907542455,9.01477264275071,67.3293553543017,83.8295273300695,102.324051074742,73.3453386006605,51.2138947605049,23.7106529195235,59.6856386613754,195.084889784742,84.2077907542455
15,"cerana",127.4258645,37.5416012,26,213.066666666667,48.7033333333333,96.1666666666667,0.804742799828056,0.165599860806911,0.0171248439195136,14.490025387499,3.7711603197143,8.33285170523587,14.0141490343179,23.0463341857288,15.1574951005983,10.0807578215059,4.63406798953789,12.4311760762806,43.9052072460048,14.490025387499
1,"cerana",128.2967109,37.4250014,24.5,204.566666666667,46.82,81.5666666666667,0.902316789864021,0.0823118402718714,0.00135284758142417,2.07609791446282,0.765430844720302,1.19900825372207,1.89530459808511,4.13714840241653,3.32254822456662,1.9617151553554,1.50754359217792,2.75166592623844,8.85575143865699,2.07609791446282
3,"cerana",128.7060644,35.6501248,26.1666666666667,215.566666666667,49.8133333333333,100.633333333333,0.826171976711487,0.142924656036162,0.0192421859539854,3.13795911587723,1.42801419545285,1.37450272393367,2.80310762735419,6.81482238782202,4.44383960784642,3.32476448973426,1.4776865360321,3.39967003928814,13.6334999429891,3.13795911587723
2,"cerana",128.2292072,38.1323492,23.2666666666667,214.4,48.8966666666667,96.6666666666667,0.930131097921056,0.0568464536542893,0.0060162766872025,2.98922219905265,1.31734058800977,1.46366653667592,2.68350909899989,6.06509910205232,4.85012454002512,2.5992947451586,1.90084333357305,4.18062926192697,11.7909460993115,2.98922219905265
7,"cerana",128.5452484,38.05014,23.9666666666667,201.133333333333,45.8,99.3333333333333,0.887557825683459,0.0860502844350617,0.00529623043844797,7.08557709597237,2.53341185489163,3.26602119971829,6.74064932746073,13.0411137672104,9.60439753127619,5.93221408485198,3.27890202271991,8.02464249626225,24.8699281940195,7.08557709597237
2,"cerana",127.3976681,35.891691,26.5,229.4,52.94,94.0666666666667,0.826179209020244,0.129766236724467,0.0327120526180917,2.74020243725067,1.22918004144338,1.28255853501029,2.42615364678896,5.79609937342218,5.18883547148566,4.41728410393611,1.60608477678616,3.99873339703781,15.9396507047647,2.74020243725067
3,"cerana",127.5950284,38.0497615,25.2666666666667,239.9,54.7233333333333,107.833333333333,0.833499675250017,0.0921676758793463,0.0446154032345905,3.48773033345061,1.61868928713526,1.48465194795361,3.13906164218506,7.4127395610199,5.72916723282476,4.929961139549,1.71389483093389,4.15218232351328,19.0516336060797,3.48773033345061
7,"cerana",127.519277,38.0777327,24.4666666666667,234,53.4033333333333,167.6,0.916091632993139,0.0469174522399622,0.0230338033534307,6.90086105913174,2.31348835217425,3.19156506476912,6.64874452588512,12.0910982938987,8.31205697649007,4.15108378746627,3.33495924419505,7.38420979055681,19.4545461988187,6.90086105913174
2,"cerana",128.8318904,35.2343442,26.0333333333333,249.033333333333,57.8266666666667,70.3,0.607078687157261,0.251961430080328,0.0221574366749424,2.55649151615486,1.2553268199187,1.14878923171937,2.19995825208972,5.86923382775184,4.20979979468356,5.71040135149577,1.30352633118328,2.8596174665475,15.4665769823883,2.55649151615486
1,"cerana",128.1617215,38.0087006,23.2666666666667,214.4,48.8966666666667,96.6666666666667,0.930131097921056,0.0568464536542893,0.0060162766872025,2.14405034822263,0.894455250558597,1.19979855030775,1.90780846075803,4.66012515520708,3.63348232406506,2.03352808775033,1.51644515559286,3.04724584840312,8.7090941587473,2.14405034822263
2,"cerana",128.9007835,36.3735292,23.9333333333333,196.766666666667,45.2466666666667,57.5,0.839185110042055,0.105858920321439,0.0383829843855149,2.95720756550282,1.22077106276845,1.41720157156043,2.67753604332006,6.11488324866482,5.80203816524557,3.77696220945848,2.12062081934796,4.83814178804238,14.3304535562687,2.95720756550282
2,"cerana",127.6998828,37.6644632,25.4666666666667,247.533333333333,56.5466666666667,71.1666666666667,0.901575005943419,0.0874544337903162,0.00208762580236152,3.49434105505218,1.48333331487868,1.61160679263065,3.17792649446613,7.05614668935642,6.38810622369543,3.42998662159804,2.50813078848134,5.5741184317455,14.9218456872682,3.49434105505218
5,"cerana",127.8821936,37.6995714,25.4666666666667,247.533333333333,56.5466666666667,71.1666666666667,0.901575005943419,0.0874544337903162,0.00208762580236152,4.84289979071139,2.01750315950444,2.164701750186,4.5212072735252,9.55304968820204,6.09354136254489,3.50653515717067,2.32641197561745,5.2742086301068,15.4564850286192,4.84289979071139
44,"cerana",128.8915154,36.6583598,25.8333333333333,246.966666666667,56.7666666666667,68.5,0.839185110042055,0.105858920321439,0.0383829843855149,42.272936495351,6.24316027207971,31.131318601796,42.0456845093785,56.1878557924738,27.8935465092727,12.2380984200113,11.8990814108014,25.4437635752194,60.1938505343602,42.272936495351
10,"cerana",126.3953013,37.7979718,24.2333333333333,212.533333333333,48.6433333333333,85.8333333333333,0.430573250912294,0.399826585503964,0.123208836667925,10.0184038777121,3.15593929076676,4.86057021391964,9.69254173169837,17.3673799660874,18.0213299925121,29.3891584597473,4.05244400955008,12.1821450191329,60.187724136038,10.0184038777121
12,"cerana",128.4999975,35.1957011,25.4333333333333,181.866666666667,46.9633333333333,69.1,0.83928817767968,0.0275505981120549,0.00336006936917407,11.8593006426109,3.28829798719644,5.82126620084024,11.6990967253799,19.1011209452322,15.4705318327363,14.1229738253653,4.13286539886199,11.5866974292803,49.4050177690888,11.8593006426109
7,"cerana",127.0393313,38.0412339,25.2,234.6,53.5533333333333,148.366666666667,0.648728603751825,0.309313544219435,0.0134995100773639,6.68912769486075,2.4317272361105,3.00080361693361,6.33060299992757,12.4328224600695,8.38131334225028,6.4451201703915,2.36163124418386,6.37933579548418,26.2650869037123,6.68912769486075
20,"cerana",127.9320017,36.9635809,25.8333333333333,222.4,50.9333333333333,91.4,0.734773509211059,0.192849047033986,0.0346030391641658,18.5167816419725,4.09778820395842,11.5315899092921,18.1563196733318,28.1006825432317,13.2139417229997,5.72544180257891,5.69377641544552,12.0111912847537,27.6239802027692,18.5167816419725
15,"cerana",127.148057,34.5646638,25.0666666666667,217.966666666667,50.5966666666667,90.4666666666667,0.592110581994932,0.326759366068426,0.0361201214228515,14.969275222678,3.89161144510291,8.41042513482468,14.5480433808923,23.6575340187221,24.4868888467941,27.1556360803899,5.49298475627959,17.5829103401062,87.5981904576391,14.969275222678
53,"cerana",126.4357275,35.1917957,25.8333333333333,256.766666666667,59.4933333333333,83.3333333333333,0.450248087582545,0.41245559486535,0.0745933615685819,52.7459883303207,7.00135747815465,40.4233252662514,52.4790489513657,67.5716529630728,63.9614864018016,50.1943492584736,17.322478151421,49.7858614449323,194.300124339514,52.7459883303207
81,"cerana",126.5405597,35.256597,25.8333333333333,256.766666666667,59.4933333333333,83.3333333333333,0.450248087582545,0.41245559486535,0.0745933615685819,79.7133779473144,9.10152748370796,63.6195649745935,79.2958306971011,98.1866631862778,66.0861121255438,43.8123116099717,22.4977092259866,54.2813593024026,181.647807301634,79.7133779473144
42,"cerana",127.1538776,34.7326998,25.8666666666667,240.5,55.7966666666667,76.8333333333333,0.71813663538441,0.227932897463312,0.0186801437641166,33.8043314106675,5.76120129964173,24.0539799184508,33.3134866284526,46.7040910881653,10.5442600443291,2.9657155375588,5.97053339529858,10.1296296572759,17.310105158404,33.8043314106675
60,"cerana",128.3651816,38.1886627,23.9666666666667,201.133333333333,45.8,99.3333333333333,0.930131097921056,0.0568464536542893,0.0060162766872025,59.245698086211,7.57672825834396,45.4585370981286,58.7848778199614,75.2768093932069,44.2312445440829,23.4347680442564,17.4885736463027,38.4457890567941,104.223829671254,59.245698086211
10,"cerana",128.1786506,38.1681838,23.2666666666667,214.4,48.8966666666667,96.6666666666667,0.930131097921056,0.0568464536542893,0.0060162766872025,7.51355972029236,2.23841582820332,3.95093010186371,7.25441068805621,12.1368649893287,6.01538349784398,1.78948100859035,3.32792387525349,5.78783051655178,10.3333819348349,7.51355972029236
3,"cerana",128.8887244,36.8744093,23.3333333333333,191.633333333333,43.85,89.8333333333333,0.902905603792729,0.0848410567682191,0.0014695626928614,3.56040363953827,1.59924176244906,1.55106406208847,3.19970930672233,7.42870060026521,5.5940289703105,3.56933803601789,2.03643381704916,4.65642069780189,16.4440090359286,3.56040363953827
8,"cerana",127.5291954,37.6617845,26,213.066666666667,48.7033333333333,96.1666666666667,0.891529171045338,0.0757725901970562,0.0154913992556081,7.40641087545769,2.49945816161926,3.54247787823882,7.08437122290099,13.5615456605729,7.90786285342835,4.40554549759775,3.01230895978352,6.73999397972608,19.3687412460764,7.40641087545769
26,"cerana",129.2623781,35.5165876,25.1333333333333,234.933333333333,54.3533333333333,98.0666666666667,0.779251935029036,0.134603548808269,0.0134820561410416,25.2877638693762,4.97275312568313,16.9527465767136,24.8074390410464,36.5673865288493,21.7434140746248,15.3075265569113,6.95221320260255,17.4492172792499,62.7208809929944,25.2877638693762
10,"cerana",126.6614699,34.3748605,25.5666666666667,219.033333333333,50.9133333333333,79.4333333333333,0.6096592795196,0.20975548669101,0.12932708649303,9.9853509933148,2.92758519592492,5.23343198091548,9.60001652708539,16.4598339152777,13.6200177014474,6.58903700779679,5.54488688040434,11.9539094563946,31.409685742131,9.9853509933148
2,"cerana",126.6614699,34.3748605,25.5666666666667,219.033333333333,50.9133333333333,79.4333333333333,0.6096592795196,0.20975548669101,0.12932708649303,4.0652886760687,1.51262257564178,1.92152200665969,3.81530209553929,7.79656340154286,10.4124708189626,5.85887834997839,3.79775788881109,8.98906725641612,24.4460668567867,4.0652886760687
10,"cerana",126.6915543,34.3839197,25.5666666666667,219.033333333333,50.9133333333333,79.4333333333333,0.6096592795196,0.20975548669101,0.12932708649303,9.93949364555568,2.93459607444476,5.23885740726979,9.69023852094609,16.4855102637234,13.8054928710172,7.95126566777339,4.80358682341144,11.9159486062209,33.3928926779566,9.93949364555568
19,"cerana",126.6602934,34.3342368,25.5666666666667,219.033333333333,50.9133333333333,79.4333333333333,0.6096592795196,0.20975548669101,0.12932708649303,17.991387306885,4.12570902606999,11.0263446645685,17.7586979096222,26.7906493135148,17.5588692581328,8.46691276050108,7.50587239619711,15.769711709228,38.3530659314713,17.991387306885
8,"cerana",126.6602934,34.3342368,25.5666666666667,219.033333333333,50.9133333333333,79.4333333333333,0.6096592795196,0.20975548669101,0.12932708649303,8.33456642851625,2.57634572286093,3.92615066148863,8.10191749791732,14.1542058487174,13.0352378718473,6.29987441713179,4.72470790954005,11.5321232590227,28.2679810251413,8.33456642851625
26,"cerana",126.6602934,34.3342368,25.5666666666667,219.033333333333,50.9133333333333,79.4333333333333,0.6096592795196,0.20975548669101,0.12932708649303,24.4722132076825,4.71137983629342,16.0286149252564,24.2367074933451,34.3386040960668,19.7521274974034,9.18700171794516,8.32937333647502,17.703479619874,42.4617612926205,24.4722132076825
10,"cerana",126.6602934,34.3342368,25.5666666666667,219.033333333333,50.9133333333333,79.4333333333333,0.6096592795196,0.20975548669101,0.12932708649303,10.0208209877685,2.89677569456442,5.18578887590049,9.60894109902337,16.3368789123388,13.7088132407462,6.42158164321805,5.08970223366118,12.3872073850632,30.0857306855418,10.0208209877685
15,"cerana",127.6489426,35.0181337,26.1333333333333,211.833333333333,50.31,91.3333333333333,0.697398276331517,0.15628300913973,0.0444415263908977,14.4393787714401,3.66995154057179,8.26222921273306,14.1397310571445,21.8667693593704,15.6521265409038,9.01433235781793,5.51339677039849,13.4405444046016,40.6853374090067,14.4393787714401
25,"cerana",127.6489426,35.0181337,26.1333333333333,211.833333333333,50.31,91.3333333333333,0.697398276331517,0.15628300913973,0.0444415263908977,24.4385332555389,5.0032465450842,15.8666556356336,23.9745176843791,35.6021090674805,22.4486758431685,14.1888075860196,7.76349697326642,18.6697228354181,59.9977095477944,24.4385332555389
15,"cerana",127.6489426,35.0181337,26.1333333333333,211.833333333333,50.31,91.3333333333333,0.697398276331517,0.15628300913973,0.0444415263908977,14.485785876822,3.63597752368564,8.58879818005977,14.2633370152494,22.347878222696,16.7841505684064,10.7259379033097,5.50391290740117,13.9782735575747,44.3490301559458,14.485785876822
16,"cerana",127.6928777,37.5313869,26,213.066666666667,48.7033333333333,96.1666666666667,0.804742799828056,0.165599860806911,0.0171248439195136,15.205644442028,3.72912710562441,8.79780157187019,14.933746861251,23.5211251845582,17.2224061780652,13.8757875651931,5.2445239135655,13.86977301935,47.5618367447945,15.205644442028
2,"cerana",128.0376067,37.7285179,25.4666666666667,247.533333333333,56.5466666666667,71.1666666666667,0.901575005943419,0.0874544337903162,0.00208762580236152,2.69746717267134,1.19290702050497,1.30731182328077,2.3642282918755,5.83680700626939,4.63661312467982,2.84295699757889,1.72250717493661,3.95116047430655,12.1284648794525,2.69746717267134
1,"cerana",127.4702373,38.0815097,24.4666666666667,234,53.4033333333333,167.6,0.916091632993139,0.0469174522399622,0.0230338033534307,2.60768797473886,1.11903481277199,1.31110980112504,2.31302895051128,5.66437107406838,5.69472875482679,3.67200048031186,2.0351127062663,4.74902306497333,15.1783741534616,2.60768797473886
21,"cerana",128.4556496,35.0611343,25.4333333333333,181.866666666667,46.9633333333333,69.1,0.78843160870066,0.157299065517159,0.022631556090426,21.0499429241116,4.46237669719672,13.0578010430708,20.8829386119416,30.7846150002446,27.941580733485,19.6144523178364,8.06174614534577,22.952541933849,81.328322171813,21.0499429241116
25,"cerana",127.6332539,37.5107169,26,213.066666666667,48.7033333333333,96.1666666666667,0.804742799828056,0.165599860806911,0.0171248439195136,23.0979621021679,4.62525970623621,14.8160504403027,22.8010753702602,33.0667814390156,15.1089887458157,6.21345119882333,6.63361763760039,13.8285961241566,29.799740210654,23.0979621021679
1,"cerana",127.590711,35.6990304,23.8333333333333,198.533333333333,45.8733333333333,109.333333333333,0.758564909701308,0.219643819002869,0.0057048582762791,1.9168277150879,0.798483910957146,1.10680237191566,1.67269260492256,4.07691190783542,3.44258965105868,2.5334480670291,1.27336961774334,2.70577781595937,10.5401166994637,1.9168277150879
8,"cerana",127.4199564,35.8021674,23.8333333333333,198.533333333333,45.8733333333333,109.333333333333,0.826179209020244,0.129766236724467,0.0327120526180917,7.62493288185118,2.69069640831154,3.51365698648063,7.34032024764269,13.9139415763333,10.2309064258252,15.4987203605348,2.5474979196873,7.44328463348501,30.7432842680035,7.62493288185118
3,"cerana",129.2051557,36.1854956,26.1,233.233333333333,53.7766666666667,55.7666666666667,0.785212255462824,0.153766586079281,0.00565372145389076,3.23623291709131,1.48336029955898,1.3618061339881,2.91097298976521,6.7892135742105,4.87850995922388,4.54657971875074,1.451687072938,3.5893359414824,17.3486014619039,3.23623291709131
1,"cerana",128.7962705,36.3616331,26.0666666666667,225.266666666667,51.7966666666667,68.6666666666667,0.801978658686764,0.181746742771292,0.00587024653957933,2.36740034895972,0.870269879324091,1.36174745787201,2.17326119477906,4.77698599567492,3.78377068836459,1.59677993985676,1.91274715487259,3.36434378767734,7.66842715360761,2.36740034895972
20,"cerana",128.5476157,38.0375603,23.9666666666667,201.133333333333,45.8,99.3333333333333,0.887557825683459,0.0860502844350617,0.00529623043844797,19.2093464639284,4.25958803369402,12.2860407793551,18.8957173403454,28.6640107180256,16.8627228093643,9.22791103072632,5.94131362793135,14.5231814562002,41.1357284931311,19.2093464639284
40,"cerana",128.0820625,37.9763688,23.2666666666667,214.4,48.8966666666667,96.6666666666667,0.930131097921056,0.0568464536542893,0.0060162766872025,37.4309987441067,6.15119352589413,26.1115562294619,37.0831968433776,49.9123465232243,19.3691689777664,8.73671207135542,8.54194273461252,17.6467450408535,39.5360223845984,37.4309987441067
70,"cerana",126.9485704,34.7014878,25.5666666666667,180,41.94,120.333333333333,0.73758047370235,0.210347751099038,0.0240748523588411,69.380857584705,8.30268066333371,53.8399345871494,69.1088974683973,85.5692433035027,70.1080935670057,50.7639968320524,22.0981764911568,56.1076189015894,202.944712813931,69.380857584705
10,"cerana",127.9320017,36.9635809,25.8333333333333,222.4,50.9333333333333,91.4,0.734773509211059,0.192849047033986,0.0346030391641658,9.36597120719246,2.86116992550876,4.76111485152919,9.040409554293,15.701281523298,9.6847834115025,4.61594305275106,3.89170532830868,8.6671908133263,21.2813875527946,9.36597120719246
1,"cerana",128.5206485,38.2279577,23.9666666666667,201.133333333333,45.8,99.3333333333333,0.78843160870066,0.157299065517159,0.022631556090426,1.86056484614069,0.872304677198681,1.04223029735367,1.57522591595121,4.12970596238431,3.51545569935253,4.60306672227769,1.15986024482677,2.34792075077397,14.094186628325,1.86056484614069
5,"cerana",128.3250403,37.9993658,23.2666666666667,214.4,48.8966666666667,96.6666666666667,0.930131097921056,0.0568464536542893,0.0060162766872025,4.99099820219934,1.97594226024746,2.21807127810261,4.70997792719687,9.59058046070862,6.76193011785204,4.31444452399599,2.39937019163705,5.73378609421037,17.5487141354027,4.99099820219934
2,"cerana",128.7963456,36.8919819,23.3333333333333,191.633333333333,43.85,89.8333333333333,0.902905603792729,0.0848410567682191,0.0014695626928614,3.05544659570186,1.32108304830847,1.43455326452081,2.77211711560569,6.28874469266574,6.34118344462003,4.02451135724273,2.08146888518504,5.1040182785003,16.8536159467836,3.05544659570186
10,"cerana",126.5257313,37.2462508,25.3,253.133333333333,57.9333333333333,93.1333333333333,0.587754195733027,0.0961687915178654,0.246780341579853,9.97854563748299,3.11330255840113,4.88250204616396,9.64563330036368,17.1147377519852,17.320826106878,18.7177644770006,4.09393086833913,11.9929206464094,62.0753193456148,9.97854563748299
1,"cerana",127.22746,35.693019,25.0333333333333,212.233333333333,49.0766666666667,104.666666666667,0.79191636792701,0.161131528119105,0.0266332980106569,2.82213029726868,1.23721390299151,1.37633855125177,2.57018183242002,5.99172916575251,10.3216055341453,8.32109729107002,2.5615037842731,7.91735383542462,33.3031074409063,2.82213029726868
1,"cerana",126.9952503,35.1505106,26.7666666666667,222.733333333333,51.6733333333333,77.7666666666667,0.61792995404042,0.101427654465528,0.0253497226111746,1.69851140122746,0.801076474538072,1.03002972083149,1.45124773941016,3.84952046935617,2.38458603840551,2.06370375861929,1.08467390753555,1.7505029810402,7.34641327563871,1.69851140122746
1,"cerana",126.6651876,34.3467695,25.5666666666667,219.033333333333,50.9133333333333,79.4333333333333,0.6096592795196,0.20975548669101,0.12932708649303,3.50471611158243,1.30280844088905,1.72414163646441,3.23882253922284,6.79190979020755,10.3265926303119,6.18308655512056,3.63561277536008,8.82823096676748,24.2578641451854,3.50471611158243
6,"cerana",128.910956,36.8353368,23.3333333333333,191.633333333333,43.85,89.8333333333333,0.902905603792729,0.0848410567682191,0.0014695626928614,5.81613708113502,2.22179556381264,2.42319833189868,5.50327019041657,11.030258849726,7.59178318901015,5.03208565695121,2.38973579150957,6.06787051111216,20.2610143260496,5.81613708113502
6,"cerana",128.2967109,37.4250014,24.5,204.566666666667,46.82,81.5666666666667,0.902316789864021,0.0823118402718714,0.00135284758142417,5.13496363517965,1.94185270973685,2.20718786623483,4.87671859375919,9.59948181483623,4.96438115672857,2.39136949861043,2.11304427707921,4.33609231332074,11.4821903506355,5.13496363517965
7,"cerana",128.8218722,37.2220583,21.9666666666667,170.8,39.06,58.3,0.931653207194632,0.0525949640526858,0.00186180131677578,6.72210175909305,2.41920673686747,3.16626122412331,6.33811386665781,11.9941533001411,7.63082918996168,4.49681041566198,2.6469845323011,6.45376942891103,20.0241063542516,6.72210175909305
1,"cerana",126.6602934,34.3342368,25.5666666666667,219.033333333333,50.9133333333333,79.4333333333333,0.6096592795196,0.20975548669101,0.12932708649303,3.23508174686275,1.27689377791153,1.58620751003907,2.94465978298178,6.47619788882025,9.52268143132411,5.26581753291114,3.27186631196017,8.14434980701466,23.2247882638876,3.23508174686275
50,"cerana",126.6651876,34.3467695,25.5666666666667,219.033333333333,50.9133333333333,79.4333333333333,0.6096592795196,0.20975548669101,0.12932708649303,47.4479308430522,6.85589382932533,35.0676258164908,47.0306852956053,62.1368383823188,25.9193832609984,10.7118886743951,11.9332657138231,23.8528197415553,53.4633411276621,47.4479308430522
5,"cerana",128.4829988,36.0909549,26.2,216.366666666667,49.88,97.7666666666667,0.80837312285704,0.108931039014308,0.0247438404224393,5.09103623459936,2.20007602774519,2.05650526845843,4.73320804229888,10.2724378812318,9.05172001926127,10.9104993328656,2.07046890351295,5.98555316100156,33.207014950569,5.09103623459936
2,"cerana",127.8508915,37.4405188,25.8333333333333,226.433333333333,51.78,93,0.843847865408681,0.136740342739874,0.00575395442983913,3.25165430250984,1.45985948374984,1.42202836630434,2.88491033588756,7.17042270709028,8.75156227113731,7.05460337681055,2.30132710051509,6.36465299641275,28.8168678781759,3.25165430250984
7,"cerana",129.4453564,35.8877503,26.1,233.233333333333,53.7766666666667,55.7666666666667,0.730075253045197,0.129198819274255,0.0120327432741452,6.7477248655993,2.45202324971863,3.0182204864839,6.39101365135516,12.210204809059,8.41008260166452,6.84135786730938,2.41472909489844,6.51560673863758,25.4168204348633,6.7477248655993
1,"cerana",128.85124,36.9786453,23.3333333333333,191.633333333333,43.85,89.8333333333333,0.902905603792729,0.0848410567682191,0.0014695626928614,3.24583246309703,1.06111688323954,1.81531060318653,3.02276067722323,5.86999646212749,5.48351539902656,1.72101736483655,2.98146787424728,5.23247896613673,9.43614519363994,3.24583246309703
1,"cerana",126.714036,37.6654008,25.3,253.133333333333,57.9333333333333,93.1333333333333,0.0616197918843244,0.442392076559823,0.139913911989636,1.84649149968209,0.806568803670636,1.04917672086069,1.58095766504452,4.03063855107553,3.57384822894279,4.29776214121905,1.13744305623426,2.38097044288805,13.8241468266231,1.84649149968209
3,"cerana",128.1824685,37.7142062,25.4666666666667,247.533333333333,56.5466666666667,71.1666666666667,0.901575005943419,0.0874544337903162,0.00208762580236152,3.38428450150414,1.3112780298212,1.66866386069718,3.0950886338628,6.7298795209184,4.75171474220047,2.09084926245644,2.21814367475516,4.33022620631524,9.30476087725598,3.38428450150414
11,"cerana",126.3984685,35.2270487,25.8333333333333,256.766666666667,59.4933333333333,83.3333333333333,0.450248087582545,0.41245559486535,0.0745933615685819,11.0648327100945,3.37294669493256,5.40579784419756,10.748329222764,19.0981054359425,20.439369613026,28.3553750522254,4.48496622851997,14.4386167479766,71.9806351558174,11.0648327100945
13,"cerana",127.9569719,37.3793844,25.8333333333333,226.433333333333,51.78,93,0.807252941842628,0.146686502012704,0.00467091513697713,12.6404688007626,3.59316806389233,6.90793238401144,12.1871748331206,20.1160302204576,13.8658686630827,9.73464808216283,4.33588539849897,11.2655705514835,39.3905506372549,12.6404688007626
5,"cerana",127.9591221,37.6020683,25.4666666666667,247.533333333333,56.5466666666667,71.1666666666667,0.843847865408681,0.136740342739874,0.00575395442983913,4.93969412103958,2.02353085739634,2.05724076680117,4.67238699621684,10.0388802855915,6.7170591478763,5.10026369619851,2.06662961857511,5.27627589589713,21.4664188681532,4.93969412103958
6,"cerana",129.1732717,35.3338895,26.2666666666667,194.3,44.9566666666667,97.8333333333333,0.766660946871272,0.133169093494141,0.014495595757546,5.68666031355855,2.24567849974122,2.52270660419867,5.27774948119119,11.1711349524249,7.03280628271471,5.75041932950058,2.27375026337305,5.46392325337818,20.4620228439728,5.68666031355855
4,"cerana",128.910956,36.8353368,23.3333333333333,191.633333333333,43.85,89.8333333333333,0.902905603792729,0.0848410567682191,0.0014695626928614,4.17234860052614,1.76651211461862,1.79190566422067,3.84340493623145,8.44891711079005,6.14629309229398,4.42791068679387,1.91649975910265,4.85386107292783,19.0308383512663,4.17234860052614
1,"cerana",127.0292399,37.8683544,25.2,234.6,53.5533333333333,148.366666666667,0.642791266922658,0.243436851080614,0.00345703646129395,1.75277855736767,0.715179023323357,1.06023593037236,1.52389442680069,3.75053566821002,2.2767910713885,1.22773984626646,1.14787485789155,1.8983158769729,5.59604758254466,1.75277855736767
31,"cerana",127.0618243,35.3000705,25.7333333333333,255.5,59.12,102.666666666667,0.700314797890197,0.245649875454725,0.0143978718786525,30.4697948058658,5.55178040979819,20.1995289744629,30.0406327707503,42.4983414604531,30.7271386514104,21.3802583428258,9.41086666051354,25.599933786675,88.5160800388528,30.4697948058658
1,"cerana",128.1452309,37.8140141,23.2666666666667,214.4,48.8966666666667,96.6666666666667,0.901575005943419,0.0874544337903162,0.00208762580236152,2.3365587878886,0.890025119345676,1.28550256038163,2.11543777399061,4.7413988485739,4.2069499638068,2.08174049133816,1.70222644569688,3.7222273518893,9.44474260946302,2.3365587878886
4,"cerana",128.3651816,38.1886627,23.9666666666667,201.133333333333,45.8,99.3333333333333,0.930131097921056,0.0568464536542893,0.0060162766872025,4.44394982202793,1.75526699615544,1.96050338351112,4.12886547136865,8.9396862337441,8.8312088211243,6.9774464298473,2.37001929166857,6.68460833815491,28.1489750129483,4.44394982202793
6,"cerana",128.1604644,37.348768,25.8333333333333,226.433333333333,51.78,93,0.843847865408681,0.136740342739874,0.00575395442983913,5.29237592344747,1.98101387398419,2.37775854660241,4.96218417578275,10.0675812121145,5.42866487569559,2.71069420862017,2.38630098469195,4.74703114203389,12.277071997556,5.29237592344747
9,"cerana",128.5240511,38.0807,23.9666666666667,201.133333333333,45.8,99.3333333333333,0.887557825683459,0.0860502844350617,0.00529623043844797,8.62476308799511,2.7819825167583,4.03339742662658,8.34521457995586,14.9270054574704,9.79788086280596,5.4289549004942,3.66370214523403,8.56783383278806,23.5289301284956,8.62476308799511
4,"cerana",129.2030091,36.7877626,23.4666666666667,203.833333333333,46.6466666666667,54.6333333333333,0.907656226722635,0.0762665077598521,0.00125862084074558,4.46341014610243,1.77529613867847,1.98372844187762,4.06151740830346,8.82451463783756,7.14266322838554,3.91111981789856,2.63746898673797,6.22917263285069,17.844933119663,4.46341014610243
12,"cerana",127.3033187,35.9822558,25.4,210.6,48.51,109.5,0.791904881813902,0.163174547564567,0.0137444027195393,11.9138339480442,3.53156655890726,5.96778236798985,11.5985720983688,19.5041971741089,20.7283033305279,17.2563931213849,4.95133419965468,15.5107268289893,65.9449737138715,11.9138339480442
2,"cerana",129.4342524,35.7357767,25.1333333333333,234.933333333333,54.3533333333333,98.0666666666667,0.76282220630032,0.18629780673904,0.00763685384712031,2.37575919830113,1.1385572770961,1.16624625062937,2.04382236382168,5.29301402592942,3.87599065260711,3.12011402605023,1.2320160257472,2.87391079226835,12.9336255629895,2.37575919830113
10,"cerana",127.6898941,37.4325997,26,213.066666666667,48.7033333333333,96.1666666666667,0.804742799828056,0.165599860806911,0.0171248439195136,9.02529439541412,2.75994505794671,4.55412643437906,8.70425095372999,15.0918916374872,8.81182297808074,4.19414654256137,3.90538057200126,7.8316394115358,18.7534421967919,9.02529439541412
1,"cerana",127.0391079,37.8528108,25.2,234.6,53.5533333333333,148.366666666667,0.642791266922658,0.243436851080614,0.00345703646129395,1.75833444902264,0.729376400130274,1.08125953427536,1.53173863088943,3.59117169083216,2.41936937520532,1.35097487466669,1.17144880609035,2.0089098269783,6.02188905490277,1.75833444902264
4,"cerana",128.1511451,37.6139354,25.4666666666667,247.533333333333,56.5466666666667,71.1666666666667,0.843847865408681,0.136740342739874,0.00575395442983913,4.15103849982377,1.83706450899287,1.72765955013363,3.74576179344474,8.45619175081868,5.95291061687142,4.14348466040692,1.98897404085594,4.77485767201521,17.2339228655891,4.15103849982377
2,"cerana",128.7944095,36.8004842,23.3333333333333,191.633333333333,43.85,89.8333333333333,0.839185110042055,0.105858920321439,0.0383829843855149,2.97003925557454,1.3650796259623,1.4011970483672,2.60143544604277,6.54136367810546,6.55473529640178,5.04465525661439,1.97087622306206,5.17169564338832,18.9279727990714,2.97003925557454
1,"cerana",127.1373616,37.7307329,25.2,234.6,53.5533333333333,148.366666666667,0.712410414427232,0.146418247453677,0.020044372738867,1.78329266959854,0.852323838413468,1.04581827545785,1.5114825417624,3.99797158982935,2.97872798217961,4.62408452119396,1.08653605458434,1.97054328324318,10.7233796851006,1.78329266959854
3,"cerana",127.5291954,37.6617845,26,213.066666666667,48.7033333333333,96.1666666666667,0.891529171045338,0.0757725901970562,0.0154913992556081,3.58397445584541,1.5784262113639,1.57044878409007,3.17623924881846,7.42282498773582,5.52011680439259,3.30644021401328,2.03821676762427,4.72166192509062,14.3308331780368,3.58397445584541
280,"cerana",126.2284574,34.4869365,25.3,235.433333333333,54.77,136,0.58417058781942,0.310484599492541,0.0590136762476336,279.947149093055,16.7710375449524,247.802736383415,279.340798239317,312.816124513965,259.637234550885,177.841949545537,80.6938275376331,213.164496778878,715.924247621993,279.947149093055
40,"cerana",127.9559957,37.3382632,25.8333333333333,226.433333333333,51.78,93,0.807252941842628,0.146686502012704,0.00467091513697713,39.0560796058955,6.22161594873043,27.9214108926935,38.7231573025062,51.4184474313803,36.1697753661297,25.5428649721747,11.9548848764838,29.782426788975,108.77591307494,39.0560796058955
5,"cerana",127.8333974,37.3162611,25.8333333333333,226.433333333333,51.78,93,0.807252941842628,0.146686502012704,0.00467091513697713,5.26324975105369,2.1220455485298,2.32755044703095,4.84855747900387,10.353011497617,8.96126678349174,6.15244771635189,2.57644622250923,7.1939342869841,26.4776887196435,5.26324975105369
106,"cerana",127.8508915,37.4405188,25.8333333333333,226.433333333333,51.78,93,0.843847865408681,0.136740342739874,0.00575395442983913,104.910668289087,10.3065019600703,85.3609948826538,104.97959976318,126.947066593242,65.5889454706705,32.1723708318263,26.3685974230645,58.7135217327185,143.145737987663,104.910668289087
3,"cerana",129.0464878,36.2945638,23.9333333333333,196.766666666667,45.2466666666667,57.5,0.879312028463103,0.10005498167985,0.00232026934654592,3.34428287051487,1.42716262992111,1.48410708617211,3.03152338186981,6.67304256566696,4.93835607908206,3.2069013916859,1.781453138299,4.06173547000529,13.3642737705891,3.34428287051487
2,"cerana",127.7290553,37.6078802,25.4666666666667,247.533333333333,56.5466666666667,71.1666666666667,0.901575005943419,0.0874544337903162,0.00208762580236152,3.20248450392219,1.34522534944107,1.5577184137282,2.84535735002913,6.49954330659776,5.3945124390946,2.67373318311815,2.22990690159903,4.78291195785118,11.7397083261576,3.20248450392219
1,"cerana",127.7290553,37.6078802,25.4666666666667,247.533333333333,56.5466666666667,71.1666666666667,0.901575005943419,0.0874544337903162,0.00208762580236152,2.67671528398072,1.06035512073687,1.38730058797032,2.45241088223493,5.32167432607463,5.21327129588684,2.60450939704827,2.23466005428719,4.49896296972582,11.4902599292163,2.67671528398072
4,"cerana",128.4052788,37.3728454,23.7,167.7,38.2933333333333,76.1666666666667,0.902316789864021,0.0823118402718714,0.00135284758142417,4.73223633275306,1.63761393946117,2.19349790272255,4.55445294688448,8.36852178387304,6.70934519256698,2.65492101051682,3.0913847866233,6.1681863689651,13.2001547794578,4.73223633275306
4,"cerana",128.3250403,37.9993658,23.2666666666667,214.4,48.8966666666667,96.6666666666667,0.930131097921056,0.0568464536542893,0.0060162766872025,4.22452596478213,1.71896904897293,1.85097768607835,3.93497741949486,8.22003553303502,6.24245330810767,3.93874128781872,2.14178067625935,5.07847766015192,16.3621046522176,4.22452596478213
2,"cerana",127.9865342,36.8484432,25.8333333333333,222.4,50.9333333333333,91.4,0.734773509211059,0.192849047033986,0.0346030391641658,2.49556164707538,1.12494717067342,1.24485698834607,2.20549953342323,5.23453676849766,3.73983982022936,2.71832296462823,1.48600856218275,3.03918096996932,10.5284818915997,2.49556164707538
5,"cerana",127.6114145,35.0878407,26.1333333333333,211.833333333333,50.31,91.3333333333333,0.697398276331517,0.15628300913973,0.0444415263908977,5.00226434755784,1.99372043293641,2.17086245894289,4.68091335355193,9.52723386699613,6.80452810366786,5.27743721129426,2.29837550846827,5.36248988641963,18.7272361430189,5.00226434755784
9,"cerana",127.6998828,37.6644632,25.4666666666667,247.533333333333,56.5466666666667,71.1666666666667,0.901575005943419,0.0874544337903162,0.00208762580236152,8.92711598428633,2.79998382350395,4.3048429907663,8.614914062456,15.2215747912591,9.37269422438808,4.33721627165943,3.76509983328591,8.46695163347698,21.031747842966,8.92711598428633
1,"cerana",128.1335981,38.1453645,23.2666666666667,214.4,48.8966666666667,96.6666666666667,0.930131097921056,0.0568464536542893,0.0060162766872025,2.92568625226796,0.966942164122231,1.59716140750351,2.76880028227565,5.30859528996242,4.75409673798047,1.65502338338447,2.54334683068582,4.5088392222871,8.77843949948119,2.92568625226796
10,"cerana",129.0900522,37.5059781,23.4333333333333,202.8,46.2566666666667,65.1333333333333,0.829503005714568,0.0635083986839176,0.00768869208124088,10.3249150377323,3.17160526594762,4.95446983223923,10.071385824967,17.5722833981275,17.8833359775681,17.4431941101287,4.45848803939741,12.8731382799806,63.6042429176448,10.3249150377323
3,"cerana",128.1387795,37.9151065,23.2666666666667,214.4,48.8966666666667,96.6666666666667,0.930131097921056,0.0568464536542893,0.0060162766872025,3.64306362842901,1.56608487644031,1.6296193697306,3.33216122452698,7.29497731140517,6.32922669188441,4.06293571041993,2.13508122291665,5.27123360033852,16.1816134230497,3.64306362842901
5,"cerana",128.0820625,37.9763688,23.2666666666667,214.4,48.8966666666667,96.6666666666667,0.930131097921056,0.0568464536542893,0.0060162766872025,5.04724726704778,1.918466446115,2.22417098048674,4.77527736288938,9.97447680691819,6.35360142590502,3.21427836746075,2.57232232617536,5.58056407547232,14.278917860067,5.04724726704778
2,"cerana",128.1335981,38.1453645,23.2666666666667,214.4,48.8966666666667,96.6666666666667,0.930131097921056,0.0568464536542893,0.0060162766872025,3.27840398322364,1.14203032253096,1.70414663542517,3.052995577486,5.95532763248209,4.9345111364296,1.78929766797845,2.62367534291029,4.57391821663092,9.27775876956601,3.27840398322364
4,"cerana",128.1335981,38.1453645,23.2666666666667,214.4,48.8966666666667,96.6666666666667,0.930131097921056,0.0568464536542893,0.0060162766872025,4.24764776878782,1.50945393829578,2.15473930792763,3.98320569764625,7.96406755288084,5.41419859787854,1.94868205186234,2.80821754865503,4.99764946852307,10.3222351136411,4.24764776878782
2,"cerana",128.1335981,38.1453645,23.2666666666667,214.4,48.8966666666667,96.6666666666667,0.930131097921056,0.0568464536542893,0.0060162766872025,3.29327981224185,1.12683387191814,1.75422045021946,3.0786632644574,5.86481701322242,5.00093481611416,1.66697094188945,2.66202649256016,4.65992019291951,9.39185941501777,3.29327981224185
15,"cerana",128.3250403,37.9993658,23.2666666666667,214.4,48.8966666666667,96.6666666666667,0.930131097921056,0.0568464536542893,0.0060162766872025,14.0735557358488,3.71180281055545,8.0447631185185,13.627650056796,22.2658889876687,11.686136498801,6.72085794069767,4.57377988779621,10.1557283657398,28.0384842137098,14.0735557358488
3,"cerana",128.1850253,37.768125,25.4666666666667,247.533333333333,56.5466666666667,71.1666666666667,0.901575005943419,0.0874544337903162,0.00208762580236152,3.43710904935627,1.3612230018006,1.68160836520873,3.17402339120759,6.92313056443355,4.76094962474772,2.07282181021732,2.16097569410941,4.36090379080675,9.93225816536292,3.43710904935627
78,"cerana",127.7101074,36.0472497,25.4,210.6,48.51,109.5,0.850353410748623,0.123557165414795,0.00906284182113334,77.7304455612009,8.59342804178785,62.5660911274791,77.2966787195907,95.1557658610885,100.537022417034,92.0155194019348,25.3618267251509,74.0225135318452,350.964454927587,77.7304455612009
3,"cerana",127.4887109,37.4945468,26,213.066666666667,48.7033333333333,96.1666666666667,0.804742799828056,0.165599860806911,0.0171248439195136,3.33498437132468,1.20392400568794,1.6408515898098,3.12149884966983,6.18917171692595,4.70566823461317,1.9896934754917,2.14877625120382,4.28706201062854,10.1424052325256,3.33498437132468
18,"cerana",126.5509463,34.417759,25.5666666666667,219.033333333333,50.9133333333333,79.4333333333333,0.459675598171879,0.465463751232189,0.0354538937180751,17.2930236830594,4.1625925309572,10.3535080831676,16.9455443819524,25.979595990096,16.9479874269453,11.1984617217174,5.44144012239126,14.1160621256432,42.9547605531606,17.2930236830594
4,"cerana",129.046328,36.4852884,23.9333333333333,196.766666666667,45.2466666666667,57.5,0.879312028463103,0.10005498167985,0.00232026934654592,4.27338465421855,1.86513757550107,1.81214901556164,3.87072626130521,8.69930692842822,6.56746650708008,4.5778224296197,1.99534973680411,5.15238682550414,18.9832396000935,4.27338465421855
50,"cerana",127.1984944,35.8167838,26.5,229.4,52.94,94.0666666666667,0.265741590276143,0.454843659924814,0.0222067050446164,49.3851635936586,6.9608724616565,36.7954888576207,48.9980557979732,63.0700482882604,47.7780988211736,33.5113805475906,15.8022922935058,38.0979228429282,129.475737400377,49.3851635936586
5,"cerana",128.1335981,38.1453645,23.2666666666667,214.4,48.8966666666667,96.6666666666667,0.930131097921056,0.0568464536542893,0.0060162766872025,4.83624240398128,1.72493068933209,2.40030551335276,4.49360118053201,8.98426262407852,5.57684491346828,1.91239029901073,2.96518169717263,5.15177196096724,10.5011618160999,4.83624240398128
38,"cerana",128.4556496,35.0611343,25.4333333333333,181.866666666667,46.9633333333333,69.1,0.78843160870066,0.157299065517159,0.022631556090426,37.0302893444603,6.29203632226214,25.055052131896,36.8394059159111,49.7116793542258,39.0381272514595,25.790487027381,11.9492309404093,31.8792992037123,109.107798317691,37.0302893444603
2,"cerana",127.4702373,38.0815097,24.4666666666667,234,53.4033333333333,167.6,0.916091632993139,0.0469174522399622,0.0230338033534307,3.17575098862267,1.25686596673283,1.51092578241323,2.93542446078955,6.30721898149324,6.20275701113863,3.80069388449605,2.18643130066509,5.20208364066205,15.8165513232474,3.17575098862267
2,"cerana",127.5469953,37.785624,25.7,243.233333333333,55.51,112.366666666667,0.833499675250017,0.0921676758793463,0.0446154032345905,2.71898403631517,1.19411589785834,1.31625432869523,2.43167637628724,6.04981041711583,4.93480043375537,3.73519095868544,1.64660999939555,3.95778275023837,12.6221600568426,2.71898403631517
1,"cerana",128.1335981,38.1453645,23.2666666666667,214.4,48.8966666666667,96.6666666666667,0.930131097921056,0.0568464536542893,0.0060162766872025,2.94014279807169,1.00434729640401,1.5768425413555,2.70501455877981,5.28696932021508,4.72295348240118,1.59726521025023,2.51674159224313,4.50953846133366,8.70784356112788,2.94014279807169
5,"cerana",127.698092,35.4797722,25.0666666666667,202.8,46.8133333333333,103.5,0.788179078272862,0.18458110283546,0.00480203902732212,4.99781275672994,2.09674431113804,2.21616701853225,4.53469202503876,9.76703283632466,7.23454056224061,5.54448902659635,2.19176670983893,5.61490417034759,22.1686542338844,4.99781275672994
13,"cerana",127.9113578,35.3310801,25.2666666666667,212.533333333333,49.75,120.333333333333,0.879513991113253,0.0966482028151595,0.00862303165605175,12.7105448088331,3.49647551021775,6.82038975335629,12.40855404163,20.218367998247,16.5481526002897,11.7348754780008,4.70746156143298,13.4693905469148,45.9599072789157,12.7105448088331
23,"cerana",127.5902252,37.4863982,26,213.066666666667,48.7033333333333,96.1666666666667,0.804742799828056,0.165599860806911,0.0171248439195136,20.494769538891,4.45944769385037,12.8467860503923,20.0126510776616,29.8133983115109,12.5768351820611,5.16452264365521,5.97089730240354,11.4411450458701,24.3740231238413,20.494769538891
23,"cerana",127.5902252,37.4863982,26,213.066666666667,48.7033333333333,96.1666666666667,0.804742799828056,0.165599860806911,0.0171248439195136,20.4745615350822,4.15890051710065,13.1947031694837,20.3413842707865,29.076932752152,12.2566950987399,4.82860336085168,5.98612572806611,11.2039485147523,25.2983255484598,20.4745615350822
15,"cerana",128.9653695,37.0060873,23.3333333333333,191.633333333333,43.85,89.8333333333333,0.902905603792729,0.0848410567682191,0.0014695626928614,12.9867699777398,3.27399690128506,7.43915391971332,12.7706741319951,20.4788877418881,9.30044229221698,3.59561330965992,4.49619120761271,8.67377976001637,17.783649880434,12.9867699777398
5,"cerana",127.0393313,38.0412339,25.2,234.6,53.5533333333333,148.366666666667,0.648728603751825,0.309313544219435,0.0134995100773639,5.00202020466466,2.0506686560213,2.01749631618532,4.67838451105516,9.69498220139231,6.99963086082204,5.95826314158671,2.05196512959043,5.37121176242853,22.8921926599481,5.00202020466466
3,"cerana",127.9865342,36.8484432,25.8333333333333,222.4,50.9333333333333,91.4,0.734773509211059,0.192849047033986,0.0346030391641658,3.02834088656575,1.34220664706666,1.38688515263639,2.71340832864358,6.57197400782137,4.09598714987881,2.46224556251241,1.54369350657214,3.37420474807435,11.4221816624102,3.02834088656575
1,"cerana",127.6424775,36.718176,26.9666666666667,248.6,57.0733333333333,85.3333333333333,0.655484452654264,0.266492941021243,0.00502484936447201,1.79375938568506,0.746090057777897,1.06852421560558,1.56285722478207,3.70954524394563,3.0600483995755,2.61917697549766,1.18576534946551,2.27055408200977,9.49727815562367,1.79375938568506
5,"cerana",127.9113578,35.3310801,25.2666666666667,212.533333333333,49.75,120.333333333333,0.879513991113253,0.0966482028151595,0.00862303165605175,5.48672794240422,2.1745094120997,2.27229459940742,5.14999550570695,10.1573687519112,10.0919471509003,7.01292333156764,2.93139025560921,8.01977923439669,28.9322761197298,5.48672794240422
25,"cerana",127.109093,34.784308,25.8666666666667,240.5,55.7966666666667,76.8333333333333,0.71813663538441,0.227932897463312,0.0186801437641166,24.4897002898976,4.95951625981616,15.9423000905284,24.1889395946625,35.1793230104118,32.5355970641556,29.99830043683,8.36596168163784,24.6578603898958,100.421859022799,24.4897002898976
1,"cerana",127.3976681,35.891691,26.5,229.4,52.94,94.0666666666667,0.826179209020244,0.129766236724467,0.0327120526180917,2.14495466343685,0.982436137189073,1.12295546129808,1.86798024386335,5.00875230410657,4.76130955318036,3.95628136634706,1.44523796770502,3.55978367828431,15.5331320846285,2.14495466343685
18,"cerana",127.2632347,35.6764888,25.0333333333333,212.233333333333,49.0766666666667,104.666666666667,0.79191636792701,0.161131528119105,0.0266332980106569,17.6203267079218,4.09804358516019,10.451247696575,17.381759160126,26.6194255303449,20.5357513190918,14.9896257192448,6.4566275963736,16.4135851842011,59.6761549061109,17.6203267079218
16,"cerana",128.4157739,34.7703449,25.1333333333333,234.633333333333,54.4133333333333,94.2666666666667,0.732305225922247,0.158412183944099,0.0394618990363671,15.9312321488651,4.04176450862843,9.08712606972607,15.5085986455496,24.1491488618351,25.8064225442738,24.9579629883842,5.74686137377664,18.2870602326612,86.5881410314374,15.9312321488651
2,"cerana",128.6886217,38.0415585,23.9666666666667,201.133333333333,45.8,99.3333333333333,0.887557825683459,0.0860502844350617,0.00529623043844797,2.61073900230724,1.2214976452875,1.16923524125793,2.2893930498346,5.74728998944814,5.16360375525241,7.57634638633662,1.38082909253918,3.42120446662898,18.9931903105975,2.61073900230724
7,"cerana",127.3985765,35.6398854,25.0333333333333,212.233333333333,49.0766666666667,104.666666666667,0.79191636792701,0.161131528119105,0.0266332980106569,7.46876014771999,2.48948995999051,3.51024406729204,7.0844129223812,13.1353150709988,11.9372866290504,6.0795189405839,4.50412803643515,10.5107144596835,27.80075061837,7.46876014771999
1,"cerana",128.6332771,35.7213202,26.5,215.566666666667,49.7833333333333,86.1666666666667,0.721058910340516,0.164003938272051,0.0491305817882562,1.80375797863854,0.775672363528845,1.06369122546961,1.56157678053653,3.97890955874729,2.75881964416382,2.46768867150237,1.15088638179376,2.09367143558623,8.09938280258252,1.80375797863854
4,"cerana",128.3172237,37.948639,23.2666666666667,214.4,48.8966666666667,96.6666666666667,0.930131097921056,0.0568464536542893,0.0060162766872025,4.22443901404296,1.72275919856805,1.8456336933975,3.89795387121197,8.20865068703847,6.47187025096727,4.12634861194831,2.41212312569889,5.36697091010258,17.6133605058271,4.22443901404296
12,"cerana",128.3851271,38.0466608,23.2666666666667,214.4,48.8966666666667,96.6666666666667,0.930131097921056,0.0568464536542893,0.0060162766872025,10.2217794936514,3.0144783352554,5.16825919723581,9.86197634992712,16.9737911627181,7.35732152609569,3.0290370326915,3.45828503826026,6.73697674423565,15.4057472491833,10.2217794936514
15,"cerana",128.3873055,37.3087458,24.5,204.566666666667,46.82,81.5666666666667,0.902316789864021,0.0823118402718714,0.00135284758142417,14.7294840629564,3.65558899287966,8.53695129031967,14.3972313187698,22.3289558381161,17.2245543801514,13.332748026905,4.92809486717142,13.5960457630062,47.1826303422898,14.7294840629564
12,"cerana",128.6215764,38.0616616,23.9666666666667,201.133333333333,45.8,99.3333333333333,0.887557825683459,0.0860502844350617,0.00529623043844797,11.7720641246794,3.25243715850749,6.00653365966457,11.5363222197061,18.59256191471,13.9809929622058,11.0192625457151,3.72906503952738,11.0074556600545,41.8995329512214,11.7720641246794
3,"cerana",128.0171798,36.668705,25.2333333333333,196.7,45.1633333333333,68,0.814675916998863,0.162685888783513,0.0059116469972493,3.22800512120636,1.57887871366816,1.3424210775172,2.88111334714954,7.04808553344474,4.91557510177462,4.98594331134406,1.48713574188029,3.46694195119729,18.3020624413002,3.22800512120636
1,"cerana",128.5618083,36.378131,26.0666666666667,225.266666666667,51.7966666666667,68.6666666666667,0.801978658686764,0.181746742771292,0.00587024653957933,1.65835385586439,0.717944057120214,1.03445217010865,1.43215132989702,3.60700671381519,2.76873883996563,3.22240451076086,1.09996633267508,1.94255729781868,9.50774284476032,1.65835385586439
1,"cerana",129.1658062,35.3166025,26.2666666666667,194.3,44.9566666666667,97.8333333333333,0.766660946871272,0.133169093494141,0.014495595757546,1.94656711700228,0.884358558158549,1.08347800928279,1.69440570509022,4.29974534560457,3.5125784527755,3.34677773182976,1.24859803883143,2.49407708317598,13.6483136420014,1.94656711700228
10,"cerana",129.3230741,36.4571359,24.6666666666667,222.133333333333,51.0033333333333,39.3333333333333,0.882035010967247,0.084791321496166,0.00643115059239981,11.0157436513625,3.26477474635424,5.65545145489261,10.7185112273794,18.2105500445439,28.7314637337949,21.252378937785,7.4266648768858,22.3666639929993,86.8577583760193,11.0157436513625
6,"cerana",128.0044561,34.8774854,25.8333333333333,225.066666666667,52.21,102.5,0.683072339462899,0.239503088848619,0.0262413754100215,5.8759337532956,2.35971812007176,2.43265701036156,5.4909967329923,11.3089965547664,8.12626144858575,7.89308463549808,2.16229981270449,6.10232373292664,25.1392685450651,5.8759337532956
10,"cerana",128.6922326,35.2523976,25.9333333333333,215.866666666667,49.9933333333333,79.3333333333333,0.472326893894184,0.366024996163617,0.0382572592883084,9.97864268624849,3.0149328173892,5.10222037280007,9.65036549474221,16.5975307999388,13.2331210863924,12.98134076529,3.4449203075378,9.89273432370733,40.908176570905,9.97864268624849
1,"cerana",128.7151174,36.5686008,25.8333333333333,246.966666666667,56.7666666666667,68.5,0.839185110042055,0.105858920321439,0.0383829843855149,1.83109934088763,0.815399587223678,1.08200754087222,1.59789460710099,4.15559762143128,2.83377802815609,1.93817131973621,1.17041721364672,2.2189403672448,8.44161350245727,1.83109934088763
1,"cerana",128.1994956,38.1922602,23.2666666666667,214.4,48.8966666666667,96.6666666666667,0.930131097921056,0.0568464536542893,0.0060162766872025,2.61886803569883,1.04421185784441,1.36341140254458,2.36820721614799,5.23388451620781,4.4306869799313,2.35723713766136,1.92587891353653,3.90830641922214,10.5190710344995,2.61886803569883
5,"cerana",128.1786506,38.1681838,23.2666666666667,214.4,48.8966666666667,96.6666666666667,0.930131097921056,0.0568464536542893,0.0060162766872025,4.59020439630666,1.4853877039751,2.31512483542626,4.35551362334812,7.92622669603622,5.37437828033213,1.7706296193869,2.87680171705287,5.09717491952312,9.29234216492182,4.59020439630666
1,"cerana",127.5245739,37.8811169,25.7,243.233333333333,55.51,112.366666666667,0.891529171045338,0.0757725901970562,0.0154913992556081,1.73537888192904,0.788133419297861,1.03625952601325,1.4817165848749,3.93052945187349,2.4632459040528,2.24258319558656,1.06131924010897,1.7934206139014,7.85601538509977,1.73537888192904
7,"cerana",128.1495849,35.142975,25.1666666666667,219.466666666667,50.86,81.4333333333333,0.728403647723328,0.18252626928781,0.0362879050834622,6.98651418076404,2.53985924343864,3.24496659856566,6.60024114806416,12.8634298129971,12.1718221657555,10.4929590489984,2.92030506202033,8.99184299835471,42.0567455944744,6.98651418076404
9,"cerana",128.6215764,38.0616616,23.9666666666667,201.133333333333,45.8,99.3333333333333,0.887557825683459,0.0860502844350617,0.00529623043844797,9.07264343446765,2.95280650161429,4.19986765154536,8.65031800869112,15.495540953705,14.4752287886207,13.297935559469,3.44039292237507,10.3792438458823,48.5121265279994,9.07264343446765
1,"cerana",129.2886798,35.5239237,25.1333333333333,234.933333333333,54.3533333333333,98.0666666666667,0.336543705224547,0.0821476413356258,0.0162048722393511,1.8576595567049,0.851120542732361,1.06027566837816,1.59744873990157,4.022065033144,2.94439374616538,2.58781336326397,1.15884920650764,2.1637592549315,8.98889461712212,1.8576595567049
2,"cerana",126.7573618,35.005055,26.7666666666667,222.733333333333,51.6733333333333,77.7666666666667,0.450590334066162,0.465747300008143,0.0305137942010319,2.37642297043976,1.1379050514263,1.14400481628207,2.01553011261286,5.44723401300304,3.41353315252204,3.21412716531316,1.20067863715429,2.41690560154604,11.2075705268283,2.37642297043976
7,"cerana",126.6389202,37.3860959,25.3,253.133333333333,57.9333333333333,93.1333333333333,0.175464810576687,0.00735753059333094,0.289345766109966,7.56616844894823,2.71553465295183,3.41377816781813,7.24921523942737,13.6202202855549,15.6614386268323,20.3999565473299,3.38506919516558,10.7268497763694,54.1357252865451,7.56616844894823
2,"cerana",128.1335981,38.1453645,23.2666666666667,214.4,48.8966666666667,96.6666666666667,0.930131097921056,0.0568464536542893,0.0060162766872025,3.27750170572956,1.07547183162628,1.78042635341423,3.06721314180139,5.74457132806711,4.87335889826968,1.5424709108186,2.62647324680499,4.57862588731497,8.6862100220819,3.27750170572956
1,"cerana",127.0263059,37.1765396,26.1666666666667,239.733333333333,54.9566666666667,108.666666666667,0.384338548171984,0.34682558164151,0.0106696022185998,1.8531282372454,0.853800577984438,1.04331484764643,1.6057411192434,4.04606550525946,3.03194364842443,3.30665738372664,1.11113558164377,2.06611391152209,10.0043723823607,1.8531282372454
7,"cerana",129.2030091,36.7877626,23.4666666666667,203.833333333333,46.6466666666667,54.6333333333333,0.907656226722635,0.0762665077598521,0.00125862084074558,6.85778589115828,2.32488691431783,3.09277141305086,6.64096542725238,11.9666189109536,8.5295664103798,4.3429309682033,3.42005648100506,7.46914623953061,20.3861697838546,6.85778589115828
20,"mellifera",128.6041672,36.1533392,26.0666666666667,225.266666666667,51.7966666666667,68.6666666666667,0.895652046009473,0.0876915835613214,0.00360221222016297,19.4388845004168,4.34921411697671,12.1181980545146,19.1154504482055,28.8171881295557,24.5981459149722,19.1290721584043,6.71300726528116,18.6629008883018,76.5616811265058,19.4388845004168
250,"mellifera",128.7981629,37.4679821,23.7,167.7,38.2933333333333,76.1666666666667,0.931653207194632,0.0525949640526858,0.00186180131677578,248.959177788799,15.8974593474141,218.128301165413,248.454482903847,280.541001186795,290.262154255325,222.983592878575,79.3543551295128,219.740462148084,886.907756186113,248.959177788799
150,"mellifera",127.8960781,36.3371588,24.6,222.366666666667,51.21,88.4333333333333,0.753173371218467,0.21342022373031,0.0103891734028533,149.552896623731,11.9471942196467,126.881157780675,149.313734850089,174.34404738098,146.083562108653,102.257717972904,48.1436910646984,120.565562688366,383.059029789029,149.552896623731
230,"mellifera",128.9669333,37.1712746,21.9666666666667,170.8,39.06,58.3,0.92339652654946,0.0402337397167583,0.000154322819596624,230.046860619162,15.5597659498757,201.268648285195,229.576250105794,260.917868051374,266.875931418708,213.573267494417,71.4485538651096,212.187349469634,738.603674904146,230.046860619162
63,"mellifera",128.1698493,36.7551344,25.2333333333333,196.7,45.1633333333333,68,0.814675916998863,0.162685888783513,0.0059116469972493,61.872931554625,7.9705567162466,47.2736284145891,61.4932293727652,78.1153644324501,47.8859014825057,26.0083663752032,17.5721822046651,40.4029426481914,112.215450878357,61.872931554625
7,"mellifera",129.4305092,35.6789038,25.1333333333333,234.933333333333,54.3533333333333,98.0666666666667,0.76282220630032,0.18629780673904,0.00763685384712031,7.29799625426411,2.57644197312418,3.28432535565716,6.90992755339967,13.3457223830964,12.8730217156212,9.93859394713663,3.35616250609989,10.272755297212,38.616905886231,7.29799625426411
7,"mellifera",129.4305092,35.6789038,25.1333333333333,234.933333333333,54.3533333333333,98.0666666666667,0.76282220630032,0.18629780673904,0.00763685384712031,7.27885576509842,2.53588962921181,3.25399603357397,6.86393003871997,13.025748954554,13.0353809281429,11.8937740092562,3.36576846012134,9.33955726067389,44.7303183450037,7.27885576509842
1,"mellifera",126.8377851,37.9018596,24.2666666666667,235.2,54.3,57.4,0.528366265886119,0.36071779398309,0.0373647021381423,2.03520905241447,1.00164284679296,1.06794734556591,1.72158597416683,4.84318997577551,5.25932675723462,7.80786138150967,1.2273252961731,3.02111724812626,24.4476470583177,2.03520905241447
5,"mellifera",127.5891868,37.178741,25.4333333333333,242.2,55.4766666666667,111.866666666667,0.389982445874781,0.525272088940901,0.00220986931929003,5.42993871564056,2.16296404930589,2.19776347695475,5.17193395738894,10.671841805327,13.7366733359046,19.5308104478903,2.53652829876829,8.59468804059172,51.8944720573638,5.42993871564056
1,"mellifera",128.2073429,36.605193,25.2333333333333,196.7,45.1633333333333,68,0.814675916998863,0.162685888783513,0.0059116469972493,3.07892504192008,1.34253128311824,1.41683441125063,2.74386879611873,6.41702769485149,13.9186058864638,11.3207142634908,2.93132715065023,10.7478864673799,42.7148122219635,3.07892504192008
1,"mellifera",128.4270594,35.3241616,25.7333333333333,200.566666666667,46.44,129,0.675603309931959,0.241968483841805,0.0355886894797628,1.85676483689475,0.860010323836772,1.07918879416142,1.60798489573441,4.12401477781474,3.22031889175423,3.31452721308518,1.20446125465309,2.33105327304307,9.63767617099521,1.85676483689475
170,"mellifera",129.0483328,37.146709,21.9666666666667,170.8,39.06,58.3,0.92339652654946,0.0402337397167583,0.000154322819596624,169.778610960392,13.0797857000753,146.299990362032,169.675354010308,195.890115506555,203.195323959173,142.922639755738,66.6261940298544,165.994612641983,528.966825661335,169.778610960392
1,"mellifera",126.9644347,37.8496926,25.2,234.6,53.5533333333333,148.366666666667,0.642791266922658,0.243436851080614,0.00345703646129395,1.70557152802705,0.726275409030717,1.03527091830596,1.47571541038781,3.65695799052479,2.94206192202209,3.4800834804171,1.0815058491002,1.96708893254986,10.1960666067015,1.70557152802705
8,"mellifera",129.1566704,35.9213983,25.2666666666667,205.733333333333,47.5166666666667,62.1666666666667,0.76282220630032,0.18629780673904,0.00763685384712031,8.2834115192788,2.78806443622055,3.93162327425307,7.92788850784113,14.6743462341865,17.0894028146256,17.4318136962733,3.79794235988807,12.1299879956543,56.1691706524367,8.2834115192788
100,"mellifera",128.0152246,36.4328334,26.0333333333333,220.433333333333,50.7166666666667,63.3,0.753173371218467,0.21342022373031,0.0103891734028533,99.6614897811364,10.1460559982277,80.8058375365809,99.3573617706399,120.708593699833,115.569519168721,94.1728594905453,32.5705385838993,88.1600711718306,383.241302037481,99.6614897811364
80,"mellifera",127.6260086,35.433975,25.0666666666667,202.8,46.8133333333333,103.5,0.76553234982903,0.195117469231961,0.00926974625300714,78.5638676556392,8.76679802466478,62.204845033195,78.4400770404907,95.0105944173357,64.1909941313962,32.3414471947125,25.3138426675601,55.9579885174185,146.274599103201,78.5638676556392
3,"mellifera",128.1554979,36.7325426,25.2333333333333,196.7,45.1633333333333,68,0.814675916998863,0.162685888783513,0.0059116469972493,4.11888753704673,1.7723468756254,1.74572655089063,3.76208894217706,8.64697399319943,12.8969063624204,10.3013646615333,3.01686296425799,9.72020831150858,41.6280286023626,4.11888753704673
1,"mellifera",126.9756866,35.2480059,26.7666666666667,222.733333333333,51.6733333333333,77.7666666666667,0.700314797890197,0.245649875454725,0.0143978718786525,2.06512713408396,0.887565544103153,1.1332303212877,1.78196707073128,4.40729461193841,4.26156477831333,3.77976124440034,1.37368149601716,3.19443702444576,14.0643096182426,2.06512713408396
1,"mellifera",128.4593874,35.3608443,25.7333333333333,200.566666666667,46.44,129,0.675603309931959,0.241968483841805,0.0355886894797628,1.85433641942053,0.797038430374238,1.07478526012501,1.6033001414102,3.87494174926501,2.94295595006282,2.46056446508936,1.20473788017153,2.25471615532685,8.96369132682371,1.85433641942053
100,"mellifera",126.5568892,35.2164841,25.8333333333333,256.766666666667,59.4933333333333,83.3333333333333,0.450248087582545,0.41245559486535,0.0745933615685819,100.31140125694,10.2511283306761,80.3058544469254,100.005054791873,121.753455530286,134.152348662507,107.498297432885,37.8433938008611,99.2341847303965,442.741452921526,100.31140125694
1,"mellifera",126.9915122,37.8708318,25.2,234.6,53.5533333333333,148.366666666667,0.642791266922658,0.243436851080614,0.00345703646129395,1.88326279610717,0.798548759255813,1.09496331327315,1.6386480048075,4.07987596917579,2.97620661873392,2.24608447344322,1.18656536118887,2.29512418602641,8.69472939678286,1.88326279610717
50,"mellifera",129.4303147,35.6618261,25.1333333333333,234.933333333333,54.3533333333333,98.0666666666667,0.76282220630032,0.18629780673904,0.00763685384712031,49.69107557987,6.93545555600403,37.0034740793839,49.6081988776337,63.6162668566952,47.1747447364597,33.5736669784403,15.7368379096202,38.9914699366334,122.239612992162,49.69107557987
1,"mellifera",126.9988465,35.0389006,26.7666666666667,222.733333333333,51.6733333333333,77.7666666666667,0.845966823799443,0.121671978089808,0.0142539698506248,2.61662551973307,1.1526890848436,1.31578636037693,2.31996136743049,5.49175046053209,7.18688787743301,4.93215808359271,2.19749071984771,5.72064663692977,20.7681179825604,2.61662551973307
60,"mellifera",128.9161633,37.7072744,25.4,212.566666666667,48.4566666666667,89.5,0.866171658022997,0.0913344440255143,0.00559257383500268,59.897680456247,8.05367502893303,44.6631668869844,59.8106718860108,75.871797480815,78.9687112180779,76.2282037404497,20.8329019334051,60.1861328431877,239.29157660502,59.897680456247
40,"mellifera",128.6407562,37.5847694,19.8666666666667,229.933333333333,55.74,61.0666666666667,0.902316789864021,0.0823118402718714,0.00135284758142417,39.9111306697225,6.40171369225214,28.4632649608832,39.5265193940294,53.3749388390178,47.5149251782234,35.1015437428238,14.1190183536722,38.271007967583,133.904779450918,39.9111306697225
30,"mellifera",128.6407562,37.5847694,19.8666666666667,229.933333333333,55.74,61.0666666666667,0.902316789864021,0.0823118402718714,0.00135284758142417,30.1443860062664,5.52520350207062,20.2760176550619,29.8287754976965,42.1164137610455,39.7502851865598,26.7580272150207,11.1817470465206,32.41509092459,114.251718133212,30.1443860062664
29,"mellifera",128.6407562,37.5847694,19.8666666666667,229.933333333333,55.74,61.0666666666667,0.902316789864021,0.0823118402718714,0.00135284758142417,29.0938833540896,5.53820846415082,19.6119383935843,28.4795040937329,40.9939938346604,38.086742291994,28.9438935894999,11.0329362459897,29.9441124554701,121.682269724737,29.0938833540896
20,"mellifera",128.875436,37.7376414,25.4,212.566666666667,48.4566666666667,89.5,0.866171658022997,0.0913344440255143,0.00559257383500268,20.276547921452,4.57502828166032,12.5632069650119,19.8630154568094,30.3244459418603,35.4164361379679,30.3817861048652,9.08686762281679,27.4249789662613,112.606870607516,20.276547921452
400,"mellifera",127.4319402,36.8072658,25.1333333333333,229.266666666667,52.6266666666667,101.033333333333,0.674093046876725,0.250670140652256,0.0157058005255139,399.179214130969,19.539110104115,362.381905947019,399.14495014484,436.350543187015,392.384867413511,267.292164885406,124.812666302646,322.219990585576,1000.39497384095,399.179214130969
15,"mellifera",127.6117698,35.4196814,25.0666666666667,202.8,46.8133333333333,103.5,0.76553234982903,0.195117469231961,0.00926974625300714,15.5904486065231,3.73481746983321,9.24247011391695,15.2692238363067,23.9871019656263,27.8685221055256,15.8912293723407,8.4144298671055,23.9632423654195,67.2089403355382,15.5904486065231
300,"mellifera",128.2774354,36.3085008,26.0333333333333,220.433333333333,50.7166666666667,63.3,0.684427559471778,0.188165284327283,0.0371331343388305,299.109849042793,17.2835439549269,268.033915842129,298.582901614468,334.64719846902,423.694039770624,364.374673177017,106.348380976752,311.325725983924,1268.71938779282,299.109849042793
180,"mellifera",129.0268626,37.2132563,21.9666666666667,170.8,39.06,58.3,0.945179559798647,0.029017777740776,0.00477953224916538,178.770063178021,13.4909985251508,152.99131257403,178.137291077193,204.126347017843,193.662381312506,108.484887843359,67.2077200325119,161.817629506608,455.242720632934,178.770063178021
50,"mellifera",127.749467,38.1002164,25.2666666666667,239.9,54.7233333333333,107.833333333333,0.916091632993139,0.0469174522399622,0.0230338033534307,49.6902315967153,7.11901021173955,36.9987068187022,49.2054343983752,65.0380151742063,60.0498989005984,51.4788789335487,15.6929546466868,45.342900085062,178.585061495594,49.6902315967153
300,"mellifera",127.2965426,35.5640875,25.0333333333333,212.233333333333,49.0766666666667,104.666666666667,0.79191636792701,0.161131528119105,0.0266332980106569,296.277127909144,16.375445397309,265.1189605542,295.378398100781,328.05034541411,159.180135658438,68.4131711959363,70.6878409526258,144.472422616754,324.752010702645,296.277127909144
30,"mellifera",127.2965426,35.5640875,25.0333333333333,212.233333333333,49.0766666666667,104.666666666667,0.79191636792701,0.161131528119105,0.0266332980106569,30.4064950647814,5.55750376068508,19.9782503825631,30.006159271996,41.5088443017119,48.0643653936306,29.9355595071049,15.9845326076077,40.0790373362787,122.335727888351,30.4064950647814
58,"mellifera",127.7420999,36.139544,25.4,210.6,48.51,109.5,0.850353410748623,0.123557165414795,0.00906284182113334,57.7900613093549,7.63004673655699,43.5604233499344,57.3761913589629,73.2556221459565,85.9965639184711,80.4242572569054,22.5830567859068,64.5354557031337,239.355896985873,57.7900613093549
200,"mellifera",127.6500498,36.8494311,26.9666666666667,248.6,57.0733333333333,85.3333333333333,0.797535303536076,0.176875448547162,0.00775538711157554,199.279492692848,14.4718723586486,169.722880166914,199.549383511807,226.081099394144,176.26322863082,115.866858844314,58.3303989520531,141.899031421893,489.776368774457,199.279492692848
380,"mellifera",128.3894438,35.4993716,25.9333333333333,219.066666666667,50.6233333333333,76.8333333333333,0.825151652466439,0.121928023585618,0.0383564658122288,377.473723104549,20.0325300638784,341.213293712935,375.915580943595,420.051951882223,203.842500562852,98.9661489733636,86.9958755219299,181.86162387017,475.17793056726,377.473723104549
1,"mellifera",128.6213796,35.7511633,26.5,215.566666666667,49.7833333333333,86.1666666666667,0.721058910340516,0.164003938272051,0.0491305817882562,1.9090750060275,0.828780400707558,1.07270489196589,1.63895716188582,4.08739967475564,3.56529127184352,2.94046685495327,1.25424696571281,2.60660095328411,11.651152255996,1.9090750060275
1,"mellifera",126.9880128,34.9916145,26.7666666666667,222.733333333333,51.6733333333333,77.7666666666667,0.845966823799443,0.121671978089808,0.0142539698506248,2.64086182421675,1.13930134417111,1.30875996191984,2.32569443417699,5.74108186262772,7.02034631921355,4.45360774834878,2.10264977719249,5.67639175021485,19.8947387415152,2.64086182421675
1,"mellifera",128.6416647,36.8120935,24.4,226.533333333333,51.9066666666667,90,0.781233731388709,0.180969695998889,0.0029166700038177,2.22680272224636,1.03191777010255,1.14493078755854,1.93900394459159,4.83458207902219,7.6008228793508,10.1768311855188,1.52098389828207,4.74146763449298,29.1018577271069,2.22680272224636
15,"mellifera",127.573778,36.8929232,25.1333333333333,229.266666666667,52.6266666666667,101.033333333333,0.59881458793189,0.333806368867463,0.00776100931148266,15.6960959141164,3.87115714825093,8.95094729308237,15.38144295944,23.8507968735011,45.1302869918319,68.3584265967014,8.78176267106389,29.7926820436902,170.8747427016,15.6960959141164
30,"mellifera",129.4207583,35.9489306,26.1,233.233333333333,53.7766666666667,55.7666666666667,0.730075253045197,0.129198819274255,0.0120327432741452,29.9434346119573,5.38334566515131,20.9197168182053,29.5067490158978,41.6574367571726,41.1868179559798,36.8675323103865,11.1540646602102,30.5526549882748,144.596892855587,29.9434346119573
70,"mellifera",128.3463791,36.4483495,26.0333333333333,220.433333333333,50.7166666666667,63.3,0.801978658686764,0.181746742771292,0.00587024653957933,69.8766056046211,8.18375072038843,54.5756215049404,69.6260801566309,87.0875831877235,96.9340538069753,72.7340263900636,28.9062945532044,76.8924256072053,306.195149385039,69.8766056046211
150,"mellifera",128.362204,36.474209,26.0333333333333,220.433333333333,50.7166666666667,63.3,0.801978658686764,0.181746742771292,0.00587024653957933,149.095202077079,12.4078619462576,126.473832188936,147.974724711098,175.446331030909,163.133348843571,102.908102515919,49.2634823828393,135.613682651582,444.329177156006,149.095202077079
30,"mellifera",127.967412,37.6671652,25.4666666666667,247.533333333333,56.5466666666667,71.1666666666667,0.901575005943419,0.0874544337903162,0.00208762580236152,29.3238276918243,5.51512187924751,18.8700658756242,28.9948911652669,40.5901047340232,35.260108031231,25.9901799869792,10.3471305373322,27.7289355808821,101.677024069349,29.3238276918243
400,"mellifera",127.8227737,36.428639,25.0333333333333,211.5,48.6133333333333,82.6666666666667,0.765831281993579,0.192056267080583,0.0198963257769016,400.110370069518,18.7280994355232,365.454916652237,399.334970061608,437.974946719121,440.941088840518,372.163582761472,128.983121810562,342.460541865846,1371.28267733418,400.110370069518
150,"mellifera",127.7022051,35.5520282,25.0666666666667,202.8,46.8133333333333,103.5,0.788179078272862,0.18458110283546,0.00480203902732212,149.577795935206,12.3872731347208,125.826600776807,149.36630407632,174.091815704107,179.394938760771,162.807492562775,48.4154847808664,141.080286469375,515.360185707078,149.577795935206
100,"mellifera",126.8771037,36.4345714,25.9333333333333,220.533333333333,50.76,105.333333333333,0.676144194756554,0.290947565543071,0.00763857677902622,98.776476077042,10.3220230066764,81.1683015841968,98.3497274857581,120.205458458156,92.6722852714661,57.0176972342567,32.9252749793603,77.2728589457882,237.023855510128,98.776476077042
100,"mellifera",126.8771037,36.4345714,25.9333333333333,220.533333333333,50.76,105.333333333333,0.676144194756554,0.290947565543071,0.00763857677902622,99.6819646286936,10.1142807937563,80.9470572613855,99.6721623113657,121.038230910281,120.331156779208,82.3358967662091,39.5501021442536,99.5494211214775,376.766329216785,99.6819646286936
100,"mellifera",126.8771037,36.4345714,25.9333333333333,220.533333333333,50.76,105.333333333333,0.676144194756554,0.290947565543071,0.00763857677902622,99.2735723509521,9.60777597006179,81.5302113951187,98.916752162563,117.826375781751,123.369592618172,95.886674644839,39.1252467136666,94.2925970733935,399.937984442825,99.2735723509521
1,"mellifera",128.5571271,36.5938136,25.8333333333333,246.966666666667,56.7666666666667,68.5,0.839185110042055,0.105858920321439,0.0383829843855149,2.12791908535029,1.02416063038106,1.09730988611121,1.87091161487682,4.83558391400889,8.35939617433725,14.9945865298514,1.50807785255953,4.42583831495415,39.7571751634665,2.12791908535029
100,"mellifera",127.3303778,35.6305091,25.0333333333333,212.233333333333,49.0766666666667,104.666666666667,0.79191636792701,0.161131528119105,0.0266332980106569,98.1552373723101,9.66764716013876,79.6865827106421,98.1395476229917,117.373346289918,64.209576800391,25.1626807754971,29.4113785256467,59.2500497738708,124.627472920663,98.1552373723101
90,"mellifera",127.2389306,35.4931652,25.8,231.266666666667,53.5433333333333,110.2,0.79191636792701,0.161131528119105,0.0266332980106569,90.0896195806883,9.17380672469972,73.0629758989017,89.8091713205107,108.604313389573,124.249649848716,99.8845936112592,35.378666293463,95.4469922282955,363.134682132048,90.0896195806883
50,"mellifera",127.1981911,35.5798635,25.0333333333333,212.233333333333,49.0766666666667,104.666666666667,0.79191636792701,0.161131528119105,0.0266332980106569,49.7121512128496,7.14375041357961,36.8456602008952,49.3157363970867,64.5481010965854,66.0834558277674,40.64304276547,22.6718602786999,55.9902508433396,171.906029825523,49.7121512128496
2,"mellifera",126.918427,37.3293308,26.1666666666667,239.733333333333,54.9566666666667,108.666666666667,0.541069328729766,0.1374315094198,0.013560509394781,2.53715276024389,1.24623952565766,1.17887789233749,2.19180594906297,5.76059100423256,4.98761304967466,7.80713021529613,1.30606074647489,3.11416541860537,19.7358020901539,2.53715276024389
1,"mellifera",128.2201196,36.6389298,25.2333333333333,196.7,45.1633333333333,68,0.814675916998863,0.162685888783513,0.0059116469972493,2.67971112357556,1.17198966355004,1.31486382326428,2.39621187956569,5.8247622638373,10.2789036718147,8.81124262907928,2.38828694335377,7.66816440888718,32.3270637168308,2.67971112357556
50,"mellifera",126.5831038,36.6839838,25.3666666666667,239.7,55.0633333333333,101.033333333333,0.421445223167609,0.471130388306591,0.0473736257917053,49.815836982577,6.93748199568573,36.7516469771995,49.5773083228908,63.417994049167,68.066735577313,48.7459541142272,18.8358545787112,53.941980777434,196.459177257855,49.815836982577
3,"mellifera",127.9217038,35.3363846,25.2666666666667,212.533333333333,49.75,120.333333333333,0.879513991113253,0.0966482028151595,0.00862303165605175,3.96728498080772,1.74304764494489,1.69260797171,3.5841159035145,7.96393348466483,10.7247092744602,8.79517537900981,2.81872560909521,8.14353943995153,33.987159868459,3.96728498080772
70,"mellifera",129.1559572,37.4531546,23.4333333333333,202.8,46.2566666666667,65.1333333333333,0.945179559798647,0.029017777740776,0.00477953224916538,70.5515291904572,8.4407927856765,53.9210181894667,70.12226000696,88.0852115083078,109.968256690046,90.8419000907548,28.5019974636258,82.8773735473777,343.548249449486,70.5515291904572
200,"mellifera",129.1460745,37.4579607,23.4333333333333,202.8,46.2566666666667,65.1333333333333,0.945179559798647,0.029017777740776,0.00477953224916538,199.076917913115,13.8814987597255,172.944410288885,198.421528137347,226.848380998723,214.214877669638,148.900074631373,67.5409972691313,178.427723047801,600.367248058941,199.076917913115
20,"mellifera",126.8479415,37.6506105,26.5666666666667,232.533333333333,53.78,83.8333333333333,0.571906243426079,0.212923083736534,0.0347601279907882,19.5316701619753,4.50357367246634,11.4210457194927,19.3184640027692,28.9021344013227,21.8626809259549,14.7337822358226,6.95251932796874,17.9336759948857,62.1089040922423,19.5316701619753
9,"mellifera",126.8670582,36.29654,25.9333333333333,220.533333333333,50.76,105.333333333333,0.516512444964514,0.409440987709761,0.0244610156610951,9.22138698681935,3.01306553447205,4.5019507177772,8.81836557303464,15.9137039459291,17.9816478992343,17.8737102615479,4.42069012562742,12.9515829773803,60.5541216000162,9.22138698681935
80,"mellifera",127.997495,36.9395457,25.8333333333333,222.4,50.9333333333333,91.4,0.734773509211059,0.192849047033986,0.0346030391641658,79.9159904717963,8.90113941520175,63.3669213823729,79.6736276730801,98.3533985002833,136.546688056797,128.64645447573,34.0845614074058,96.5144797823427,503.216821000799,79.9159904717963
300,"mellifera",128.2714806,36.0675456,26.2,216.366666666667,49.88,97.7666666666667,0.821561873876389,0.138078964394344,0.00597141274515857,298.622921932623,17.0523082209327,267.222015762853,298.991217174337,332.35060318605,290.815304860595,216.39872409054,86.8510737903089,237.079236333023,937.056018028187,298.622921932623
1,"mellifera",127.9878123,38.2355632,23.2666666666667,214.4,48.8966666666667,96.6666666666667,0.878611646626991,0.10265407429532,0.0120361479389701,2.00298824738787,0.944504306014063,1.08830668900782,1.6915260772385,4.60014706492756,4.85478838598305,5.74123317344478,1.24282633458711,3.15409421343431,18.7990685166596,2.00298824738787
5,"mellifera",128.2201196,36.6389298,25.2333333333333,196.7,45.1633333333333,68,0.814675916998863,0.162685888783513,0.0059116469972493,5.66901655515199,2.13502827552752,2.54411731185785,5.3696601767464,10.8277717868256,12.995742666391,9.90861864427693,3.43516796199927,10.1501958611111,40.2234012361783,5.66901655515199
1,"mellifera",126.9515173,35.200009,26.7666666666667,222.733333333333,51.6733333333333,77.7666666666667,0.61792995404042,0.101427654465528,0.0253497226111746,1.88487055601681,0.807602466398574,1.11590739976137,1.6371709436754,4.1115510102982,3.18912968940607,2.61598206681433,1.29254984030271,2.50263603743775,9.62763114578113,1.88487055601681
1,"mellifera",126.9515173,35.200009,26.7666666666667,222.733333333333,51.6733333333333,77.7666666666667,0.61792995404042,0.101427654465528,0.0253497226111746,1.91975186449958,0.835121075910281,1.09723355307619,1.6485294531938,4.06887907565272,3.11877089988302,2.31808522106966,1.2541637738787,2.48266086692813,8.74117899240656,1.91975186449958
2,"mellifera",128.6942083,36.8308912,24.4,226.533333333333,51.9066666666667,90,0.781233731388709,0.180969695998889,0.0029166700038177,2.47761541037402,1.20152165875377,1.16612417449659,2.11673012340016,5.41371069133859,4.71693932610678,5.6709821357133,1.3113664795313,3.25696375905883,18.6407081069384,2.47761541037402
30,"mellifera",128.4027436,35.6634688,25.9333333333333,219.066666666667,50.6233333333333,76.8333333333333,0.721058910340516,0.164003938272051,0.0491305817882562,30.0478064634659,5.52933431396241,20.702751754216,29.6870795023453,41.2424159298793,61.9180621779012,80.9957502792334,12.3419413336131,41.7702426812194,232.734045820646,30.0478064634659
60,"mellifera",129.1399179,37.4358164,23.4333333333333,202.8,46.2566666666667,65.1333333333333,0.945179559798647,0.029017777740776,0.00477953224916538,59.6533029683225,7.63233492205433,46.02763487574,59.4035306359697,75.3583676073779,96.7904373683765,85.4908373080948,24.4984815179227,73.9190498852072,305.529036193394,59.6533029683225
250,"mellifera",127.6337621,36.955982,25.8333333333333,222.4,50.9333333333333,91.4,0.59881458793189,0.333806368867463,0.00776100931148266,250.552443780489,15.1623923602108,221.828931188987,250.035672820415,280.230064625806,249.827340644649,179.897953507662,81.162005079701,202.882717374908,718.302791923512,250.552443780489
140,"mellifera",128.2201196,36.6389298,25.2333333333333,196.7,45.1633333333333,68,0.814675916998863,0.162685888783513,0.0059116469972493,137.069400954108,11.8965921914983,114.343479473709,136.462335976436,162.172149030006,77.986563035287,37.0670266731281,32.3887093135505,70.3390368456717,166.38391020964,137.069400954108
1,"mellifera",128.7192854,36.5789495,25.8333333333333,246.966666666667,56.7666666666667,68.5,0.839185110042055,0.105858920321439,0.0383829843855149,2.2035408856569,1.08476634757551,1.11306521544311,1.90795049042053,5.14557825337959,6.24577141006739,7.84768864325384,1.42049832141042,4.12946677435438,21.2238615172105,2.2035408856569
100,"mellifera",127.1779403,35.2495331,25.7333333333333,255.5,59.12,102.666666666667,0.820600845673605,0.14675378671474,0.0119406615185642,99.3414833357433,9.88633093664829,80.0708595942199,98.8392067704269,119.803288976896,132.234201530118,113.819550996349,33.2970919108665,98.7224245137031,447.295690647447,99.3414833357433
1,"mellifera",126.9078796,34.8780837,25.5666666666667,180,41.94,120.333333333333,0.845966823799443,0.121671978089808,0.0142539698506248,1.77472879236757,0.810603143163557,1.0324661367453,1.49854410243353,3.9375317882534,3.08500995403274,3.37060756920259,1.11262236494905,2.17286636939148,9.97502706772829,1.77472879236757
200,"mellifera",128.1444098,36.527337,25.2333333333333,196.7,45.1633333333333,68,0.753173371218467,0.21342022373031,0.0103891734028533,198.904440610229,13.9545199915273,173.530801113317,198.439810719053,227.514109301797,211.980208027144,170.895478921354,66.7007181346211,168.893995913723,635.233463017778,198.904440610229
140,"mellifera",127.248168,35.6192242,25.0333333333333,212.233333333333,49.0766666666667,104.666666666667,0.79191636792701,0.161131528119105,0.0266332980106569,139.614997691339,11.6913926324651,116.396213779517,139.393147766508,163.011704224111,124.671681710642,58.347481202106,52.0073460941497,112.150702944065,270.116439066535,139.614997691339
140,"mellifera",127.248168,35.6192242,25.0333333333333,212.233333333333,49.0766666666667,104.666666666667,0.79191636792701,0.161131528119105,0.0266332980106569,139.085132391119,11.7450901606045,116.665756469122,138.529983642158,161.730107773715,126.439994958012,61.2913071940599,49.5153105267553,113.411944665088,284.147511930526,139.085132391119
50,"mellifera",126.5831038,36.6839838,25.3666666666667,239.7,55.0633333333333,101.033333333333,0.421445223167609,0.471130388306591,0.0473736257917053,49.7296111211818,6.95476896613772,38.1914771038585,49.1751899098639,64.1701207188272,71.7054990116367,60.440726512159,17.8152024907261,55.3255527391102,220.530587260006,49.7296111211818
20,"mellifera",128.8379164,37.7016228,19.8666666666667,229.933333333333,55.74,61.0666666666667,0.866171658022997,0.0913344440255143,0.00559257383500268,20.0762138477622,4.55797476357144,11.8874768141618,19.8835095858264,30.3178704225229,29.0125971784241,26.4799082598733,7.34463967288331,22.2277073200242,83.3978850202747,20.0762138477622
50,"mellifera",126.5831038,36.6839838,25.3666666666667,239.7,55.0633333333333,101.033333333333,0.421445223167609,0.471130388306591,0.0473736257917053,49.6979016959762,6.89993150240822,37.7531171591448,49.3748588161095,64.5127941648074,69.2954541273926,58.1229613275973,18.7950640367358,54.2880564398461,203.502377529731,49.6979016959762
60,"mellifera",128.9927715,37.3910274,23.4333333333333,202.8,46.2566666666667,65.1333333333333,0.945179559798647,0.029017777740776,0.00477953224916538,60.1243017506458,7.64952227080147,45.8656737759046,59.6213482636681,75.3302371909503,98.0986078676775,131.380893724455,23.3059406227376,67.9476312562369,331.848444193409,60.1243017506458
30,"mellifera",128.5647509,36.2348288,26.0666666666667,225.266666666667,51.7966666666667,68.6666666666667,0.895652046009473,0.0876915835613214,0.00360221222016297,29.7278181522293,5.41916258293304,20.1477819128215,29.2255917404911,41.0453497156031,33.7681189051769,26.5937067679972,9.34099517367131,26.7056297609408,113.709408715802,29.7278181522293
120,"mellifera",128.8219993,37.8315284,23.8666666666667,207.333333333333,47.1933333333333,95.2666666666667,0.866171658022997,0.0913344440255143,0.00559257383500268,119.995305912869,10.712345822262,99.9721348444509,119.924276650785,141.235737287314,154.39728399647,132.999235193416,39.466590933333,119.686597773052,485.053750922688,119.995305912869
5,"mellifera",128.0116955,37.3737093,25.8333333333333,226.433333333333,51.78,93,0.807252941842628,0.146686502012704,0.00467091513697713,5.44472644513092,2.16210608115829,2.3164736047363,5.13694359994106,10.4232679346667,11.1824948816853,13.0790476234176,2.36618192091636,7.37292567844714,47.8844847947911,5.44472644513092
68,"mellifera",127.5891868,37.178741,25.4333333333333,242.2,55.4766666666667,111.866666666667,0.389982445874781,0.525272088940901,0.00220986931929003,67.4016537910755,8.15845208142477,51.9824385920002,67.3780736058222,84.0591331271438,77.7418959342202,61.8575865050691,21.7691964725404,60.4877828975818,232.540404413749,67.4016537910755
300,"mellifera",127.9379667,35.7072023,24.7333333333333,189.566666666667,43.7,63.2333333333333,0.781700842480516,0.193205570412435,0.00529119545525509,298.918777047266,17.9002437306085,265.593289939502,298.382794210957,333.592474442701,313.463722024814,228.587285773439,95.4148599819109,245.188276913768,965.541908746443,298.918777047266
300,"mellifera",129.0927233,37.5379354,23.4333333333333,202.8,46.2566666666667,65.1333333333333,0.829503005714568,0.0635083986839176,0.00768869208124088,299.878898716221,17.7547673582664,265.98739738239,300.202690191951,336.157468902067,340.14260262792,236.648903086646,105.463729543968,268.443701234147,979.060058617882,299.878898716221
10,"mellifera",126.9880128,34.9916145,26.7666666666667,222.733333333333,51.6733333333333,77.7666666666667,0.845966823799443,0.121671978089808,0.0142539698506248,9.1110871910215,2.82109698914426,4.61504663656157,8.68733188920839,15.7507282664896,10.9765501911334,6.04677248296035,4.06085993922486,9.61535504440173,26.4638316341914,9.1110871910215
1,"mellifera",126.3976001,33.4790176,26.1333333333333,222.133333333333,51.99,117.1,0.497059522823146,0.419527290149897,0.0160496918127749,1.96077462098189,0.879926933264567,1.08254156411453,1.675673487324,4.38737149813126,3.20090891336929,3.25108373254921,1.19566314681292,2.41743851033577,9.72089279745912,1.96077462098189
50,"mellifera",127.3454045,35.6128908,25.0333333333333,212.233333333333,49.0766666666667,104.666666666667,0.79191636792701,0.161131528119105,0.0266332980106569,48.8905381965259,6.71550008884509,36.9335161797713,48.5330414511554,62.7057226609948,47.0913204380219,19.3985361830214,20.8672267208047,43.0417967704909,94.8813856753128,48.8905381965259
20,"mellifera",127.314855,35.5990812,25.0333333333333,212.233333333333,49.0766666666667,104.666666666667,0.79191636792701,0.161131528119105,0.0266332980106569,21.2080247970077,4.48200007427702,13.1340812405575,21.0741127901822,30.7310376027893,41.3120426410598,21.6128811749805,14.470181665753,36.288335256627,95.0878497806328,21.2080247970077
80,"mellifera",127.6260086,35.433975,25.0666666666667,202.8,46.8133333333333,103.5,0.76553234982903,0.195117469231961,0.00926974625300714,78.8827815957859,8.61009244586469,63.3792116613629,78.414813324398,97.3033831486906,67.1767343583004,35.4274930856461,25.5630096622548,58.0698913544807,160.612714856847,78.8827815957859
10,"mellifera",126.9756866,35.2480059,26.7666666666667,222.733333333333,51.6733333333333,77.7666666666667,0.700314797890197,0.245649875454725,0.0143978718786525,9.53592629920692,3.04267453758881,4.52175556301074,9.28318352858756,16.5032186327665,10.2822681502907,6.91370097971825,3.3980699384993,8.38238520978269,27.5586497558644,9.53592629920692
1,"mellifera",126.4518312,33.4778131,26.1333333333333,222.133333333333,51.99,117.1,0.497059522823146,0.419527290149897,0.0160496918127749,1.83768835506814,0.759904631612306,1.07711682958474,1.59973924612472,3.90637874760351,2.89651073666364,2.43665539358732,1.18506836964455,2.23054110365835,9.74002113434694,1.83768835506814
1,"mellifera",126.9988465,35.0389006,26.7666666666667,222.733333333333,51.6733333333333,77.7666666666667,0.845966823799443,0.121671978089808,0.0142539698506248,2.6011985356337,1.07201970824817,1.33446916302067,2.31047213273777,5.09225498697777,7.11040429889789,5.6541907331905,2.24987531939455,5.75033522588239,19.8586255029266,2.6011985356337
35,"mellifera",129.2868795,37.1519766,23.4666666666667,203.833333333333,46.6466666666667,54.6333333333333,0.945179559798647,0.029017777740776,0.00477953224916538,35.1544706041488,5.87672040270914,24.4552204426674,35.145405382164,47.3656962912081,62.7259045011995,72.5959811771275,12.947353952542,42.9525856595226,220.262146004054,35.1544706041488
2,"mellifera",126.4714854,33.4242628,26.1333333333333,222.133333333333,51.99,117.1,0.497059522823146,0.419527290149897,0.0160496918127749,2.49122422047402,1.2205227388017,1.18238885714743,2.13928021516637,5.80787454849426,3.70871740086647,3.70148665651275,1.19053370470118,2.54713268471821,11.976448301062,2.49122422047402
62,"mellifera",128.0775996,37.6110372,25.4666666666667,247.533333333333,56.5466666666667,71.1666666666667,0.843847865408681,0.136740342739874,0.00575395442983913,61.6404065543315,7.68912721891993,46.9711714739376,61.2985143013134,77.8444012195877,74.3636764148021,56.1097624409697,21.1099446543322,57.304780013299,221.836421923333,61.6404065543315
2,"mellifera",127.4887109,37.4945468,26,213.066666666667,48.7033333333333,96.1666666666667,0.804742799828056,0.165599860806911,0.0171248439195136,4.09003436674861,1.53522358117127,1.8864675620524,3.83676178296921,7.77574499655664,11.5753493138327,6.44184260644055,3.83366316722351,10.0514197182713,28.96860714573,4.09003436674861
15,"mellifera",128.5534602,37.429998,23.7,167.7,38.2933333333333,76.1666666666667,0.931653207194632,0.0525949640526858,0.00186180131677578,15.1333284575828,3.82089244355199,8.50693387279229,14.9092278555857,23.6253375848891,29.2411172190452,34.9756000929651,6.1159346944333,19.8175398261671,111.02391463347,15.1333284575828
70,"mellifera",126.6388464,35.9159246,25.5333333333333,253.466666666667,58.4533333333333,140.1,0.255456510376199,0.458577610766572,0.0933622463635037,69.7274993822421,8.31440390731618,55.0251551491886,69.2549316798659,87.2597219939196,85.5271884789714,78.3262339169648,23.3576596845162,65.4461174364846,254.186946215198,69.7274993822421
2,"mellifera",127.0322857,37.9307358,25.2,234.6,53.5533333333333,148.366666666667,0.750934465335562,0.143682263002686,0.00128665076353801,2.38816457054846,1.15799970852233,1.15216278310023,2.02624468227889,5.40253066503052,3.67854296058307,3.61154900064819,1.21628639574657,2.60755005676308,14.1633474239859,2.38816457054846
10,"mellifera",126.7989122,37.5126288,25.3,253.133333333333,57.9333333333333,93.1333333333333,0.22479375696767,0.308272017837235,0.000668896321070234,9.86937221019947,3.13861396564855,4.72898250114611,9.44263419157362,17.1410981785027,14.2958373946903,16.1837486881226,3.39669187232388,10.280318730669,47.0211205821329,9.86937221019947
1,"mellifera",128.468242,36.9836032,24.4,226.533333333333,51.9066666666667,90,0.904689567418295,0.0673871751487965,0.00926318652694473,2.26347529300512,1.01081196367246,1.13945526931672,1.95045737920512,4.90331074323471,7.36176626047566,14.1402554732608,1.53856213779562,4.40271988973725,28.9001871140165,2.26347529300512
80,"mellifera",128.9539575,37.2672498,21.9666666666667,170.8,39.06,58.3,0.92339652654946,0.0402337397167583,0.000154322819596624,79.6062080189901,9.38698482045708,62.43393634305,78.9741479586823,98.0111731195434,101.038533604179,77.1355288319813,32.3839515590275,82.2646444403295,283.004122826826,79.6062080189901
200,"mellifera",128.4221375,37.2761431,24.5,204.566666666667,46.82,81.5666666666667,0.92267839499044,0.0603811384429816,0.00259203654514891,200.562446567038,14.8124706989471,172.941352090855,200.381907599955,230.466466338616,251.085292538901,214.040216246687,69.1060202575108,190.783118646231,757.35103543632,200.562446567038
120,"mellifera",126.8081715,35.5363475,25.7333333333333,229.3,52.9933333333333,75.3333333333333,0.48938846804775,0.410499178357776,0.0124429343293887,118.972614102517,10.5395467690439,99.3865396738178,118.750148861457,140.958949173523,113.806278227848,77.3742679207832,35.4433876197421,91.4684438917921,328.14343754952,118.972614102517
16,"mellifera",127.6117698,35.4196814,25.0666666666667,202.8,46.8133333333333,103.5,0.76553234982903,0.195117469231961,0.00926974625300714,16.6251475638991,3.9229968331831,10.054535100683,16.2675150654364,25.0687627782512,28.9252076960664,17.9944950091026,9.43175220055593,23.9675346297679,79.5072327207802,16.6251475638991
250,"mellifera",128.9490738,35.9429234,25.8333333333333,217.966666666667,50.2633333333333,76.6666666666667,0.767281158053472,0.19242667609771,0.0137536041810957,249.915221024932,15.5524568593992,221.604896082673,249.262635353578,281.157942329545,382.080045981431,353.311258215019,99.8002581475252,274.231896526835,1230.32303091095,249.915221024932
2,"mellifera",126.7691931,37.3312441,26.1666666666667,239.733333333333,54.9566666666667,108.666666666667,0.337466768123702,0.227695891929469,0.0777555449088296,2.96941446374874,1.27207549241044,1.3460362364516,2.64561638691642,5.85987684236069,8.04549797320782,8.64388247772356,1.84936006196598,5.64225031800285,29.8550680024641,2.96941446374874
1,"mellifera",126.7550335,35.4758135,25.2,224.4,51.9633333333333,81.8333333333333,0.387348404655263,0.526157107768699,0.0189123761952923,2.13589467641731,0.991529771061752,1.10169654977781,1.87143236294276,4.85362468400932,7.61035210083386,11.2774668510097,1.4025585142776,4.33993951670237,35.0468366557044,2.13589467641731
1,"mellifera",127.5134139,37.2807191,25.4333333333333,242.2,55.4766666666667,111.866666666667,0.389982445874781,0.525272088940901,0.00220986931929003,1.97993382973241,0.970020418999534,1.07633707927207,1.65865898620863,4.44148851310807,4.49432786141957,6.10036169200389,1.21660989571949,2.93482470269302,17.5486392857045,1.97993382973241
70,"mellifera",128.4246026,36.7563769,24.4,226.533333333333,51.9066666666667,90,0.655519395655666,0.307953688242074,0.0135755369474273,69.9695302665634,8.43882417371095,54.3993095038081,69.4621026603375,86.8274741772249,101.27881522599,92.7416923676891,26.5972526006017,75.5805669889255,362.339833141661,69.9695302665634
8,"mellifera",127.7190584,38.1175251,25.2666666666667,239.9,54.7233333333333,107.833333333333,0.916091632993139,0.0469174522399622,0.0230338033534307,8.03806522232134,2.80776470537487,3.75425982670475,7.73277236529218,14.7781670785773,16.5938800435522,15.7531525191779,3.63477794867299,12.0302334533553,63.0662188556307,8.03806522232134
10,"mellifera",127.5902416,38.1933008,24.4666666666667,234,53.4033333333333,167.6,0.916091632993139,0.0469174522399622,0.0230338033534307,9.73720162729106,2.94576534830965,4.96088343330126,9.36669885837737,16.0553433466339,10.9040540983338,5.9029003593764,4.20855773931857,9.33034567703528,26.4719543580867,9.73720162729106
5,"mellifera",127.519277,38.0777327,24.4666666666667,234,53.4033333333333,167.6,0.916091632993139,0.0469174522399622,0.0230338033534307,5.56821606264063,2.00207688510613,2.59822676447456,5.19843517751144,10.1820866765606,8.63845822055446,5.07507146848215,3.14213466793119,7.30609010381313,22.905012961211,5.56821606264063
10,"mellifera",127.5227384,38.1220161,24.4666666666667,234,53.4033333333333,167.6,0.916091632993139,0.0469174522399622,0.0230338033534307,9.73273246260471,2.97031526860336,4.89913335556529,9.44462295716419,16.4279191306188,11.5875873409736,7.24235395422522,4.06330433050721,9.84516952866927,31.9838784288746,9.73273246260471
2,"mellifera",128.1900586,37.0527052,24.3666666666667,210.633333333333,48.1633333333333,96.6666666666667,0.816816065667497,0.136475476783599,0.03182811287622,2.49222970278391,1.22787800134507,1.20036072037171,2.17253749955999,5.9525530769332,4.72084452716167,4.92969261781902,1.31207903052184,3.19264934514785,17.1752217241998,2.49222970278391
10,"mellifera",127.5944092,37.5991199,26,213.066666666667,48.7033333333333,96.1666666666667,0.804742799828056,0.165599860806911,0.0171248439195136,10.496692798797,3.11600046336079,5.47784016042219,10.1346753861159,17.3656567492637,17.1029658971249,9.09362353148817,6.17332926364265,14.9465189946227,41.0880817562679,10.496692798797
60,"mellifera",127.3303778,35.6305091,25.0333333333333,212.233333333333,49.0766666666667,104.666666666667,0.79191636792701,0.161131528119105,0.0266332980106569,58.9461514232204,7.81434503027696,45.043220932454,58.5856213094252,74.2532789629635,52.8935772820141,23.0773238094299,22.9264130329781,47.3081746496851,116.099322496971,58.9461514232204
2,"mellifera",128.6778895,35.7690276,26.5,215.566666666667,49.7833333333333,86.1666666666667,0.721058910340516,0.164003938272051,0.0491305817882562,2.52848189472651,1.21011586741724,1.18555866405668,2.18977526244223,5.65580600860475,3.96570880145243,3.44624365553154,1.26424370383931,2.87989664093063,13.4143442798511,2.52848189472651
32,"mellifera",127.7376486,37.4788509,26,213.066666666667,48.7033333333333,96.1666666666667,0.804742799828056,0.165599860806911,0.0171248439195136,31.800026517134,5.59867770413984,21.7448839919451,31.537494644271,43.7039135878052,47.2473216746091,44.8276982870317,10.1788141296647,34.9062043518566,151.063838737068,31.800026517134
7,"mellifera",127.519277,38.0777327,24.4666666666667,234,53.4033333333333,167.6,0.916091632993139,0.0469174522399622,0.0230338033534307,7.17629860295351,2.43042905896999,3.3464383063597,6.85196187345791,12.7460835359281,9.37652533933107,5.38571448176794,3.51985964475488,8.06781624864014,22.9860552966849,7.17629860295351
500,"mellifera",128.6710446,37.4338372,23.7,167.7,38.2933333333333,76.1666666666667,0.931653207194632,0.0525949640526858,0.00186180131677578,500.212276788327,21.2513571663109,458.810124475971,500.68174145237,542.331617092574,554.609047342969,478.977942291619,166.261947004099,440.964053089407,1542.40574960523,500.212276788327
8,"mellifera",127.6341394,37.5424933,26,213.066666666667,48.7033333333333,96.1666666666667,0.804742799828056,0.165599860806911,0.0171248439195136,9.68651811539384,2.87409363826476,5.15209468978125,9.26450385954956,16.1517490005075,19.7949252202488,9.21245625345324,7.97160126635548,17.9558729367729,42.6715602159132,9.68651811539384
10,"mellifera",128.3413471,35.3338086,25.7333333333333,200.566666666667,46.44,129,0.675603309931959,0.241968483841805,0.0355886894797628,10.0482113075169,3.19725208784296,4.74164587941565,9.73712579747374,17.1503825946818,12.7642920004807,10.3833127872635,3.32794601391501,9.71538949694895,42.7031619366962,10.0482113075169
30,"mellifera",127.6461186,37.8654744,25.7,243.233333333333,55.51,112.366666666667,0.833499675250017,0.0921676758793463,0.0446154032345905,29.81338847285,5.30071823244358,20.3644383553631,29.5275019995957,41.2485438141508,43.1408626464688,44.2321564934486,10.129339824287,30.8281501411705,134.796606721597,29.81338847285
100,"mellifera",127.8155908,36.954022,25.8333333333333,222.4,50.9333333333333,91.4,0.734773509211059,0.192849047033986,0.0346030391641658,99.6786086259778,9.81912649081363,80.6383661462219,99.3840814134649,119.675558439762,105.617331436519,76.8876548784558,31.7477849632925,85.2117601102331,302.982818738476,99.6786086259778
1,"mellifera",128.9922003,36.0697318,25.8333333333333,217.966666666667,50.2633333333333,76.6666666666667,0.767281158053472,0.19242667609771,0.0137536041810957,1.99468991086442,0.960536518484546,1.06819137657087,1.70367584558859,4.7872762479334,4.69397782124855,6.69847327462772,1.26319896699347,2.84740385742449,19.4582078803831,1.99468991086442
400,"mellifera",128.8967307,35.9520031,25.8333333333333,217.966666666667,50.2633333333333,76.6666666666667,0.767281158053472,0.19242667609771,0.0137536041810957,399.441416045771,19.5785504228724,361.636853150711,399.384229478594,435.588170747971,576.298336222988,664.355555191559,140.18030449722,415.952837861994,1882.43353222085,399.441416045771
70,"mellifera",127.8975375,35.1198717,25.1666666666667,219.466666666667,50.86,81.4333333333333,0.791832723554292,0.171385316166559,0.0155656336943314,70.3524201346736,8.11492713212866,54.8624186782494,70.04378291091,86.0365262345711,95.5476276078672,84.8537786323599,24.4368338364672,74.2588962291036,308.871761940746,70.3524201346736
150,"mellifera",128.2678457,36.4593809,26.0333333333333,220.433333333333,50.7166666666667,63.3,0.753173371218467,0.21342022373031,0.0103891734028533,150.307493074854,11.6986263295679,128.803996056627,150.261248158043,174.571510522882,195.082645602065,148.476963786837,52.8402678739209,150.402205543456,604.032825513275,150.307493074854
83,"mellifera",129.1244183,36.4220469,23.9333333333333,196.766666666667,45.2466666666667,57.5,0.879312028463103,0.10005498167985,0.00232026934654592,82.6948363104258,8.83334025696053,65.7464643389447,82.8109285882715,100.868895325219,98.8554757853023,72.563321929133,28.9658378444548,77.5783064499158,264.846390924921,82.6948363104258
140,"mellifera",128.2986089,36.6728078,25.2333333333333,196.7,45.1633333333333,68,0.814675916998863,0.162685888783513,0.0059116469972493,140.094361960591,11.2477649220476,119.493847876468,139.588161957485,163.188081800854,152.707753689088,102.546167769753,45.3131165677573,122.802866914466,402.729368620717,140.094361960591
1,"mellifera",128.5875878,36.2342795,26.0666666666667,225.266666666667,51.7966666666667,68.6666666666667,0.895652046009473,0.0876915835613214,0.00360221222016297,2.19800536959893,0.981175275414788,1.13142404474661,1.92109561062882,4.80619935909584,6.61820437516321,7.15538229943122,1.44240426848904,4.48561547945512,26.239014857016,2.19800536959893
74,"mellifera",129.0362358,37.1890654,21.9666666666667,170.8,39.06,58.3,0.945179559798647,0.029017777740776,0.00477953224916538,74.4344525318011,8.63816452111508,58.1935528779897,74.2874244844681,92.1670273707418,138.545551236015,102.121970109039,40.6050397646124,110.90658017839,424.639677455073,74.4344525318011
80,"mellifera",129.0177973,37.2496686,21.9666666666667,170.8,39.06,58.3,0.945179559798647,0.029017777740776,0.00477953224916538,80.3134737587261,8.60545316415077,63.5948673336587,79.8466487443055,98.0416533174475,122.367332720679,78.1128496585174,39.7239007347005,101.313171887962,320.0156522964,80.3134737587261
90,"mellifera",126.8173464,37.831802,24.2666666666667,235.2,54.3,57.4,0.528366265886119,0.36071779398309,0.0373647021381423,90.3946360907306,9.64802134419937,72.0328663226918,90.3033323960098,109.170382635112,143.1498506605,118.352696784967,35.1998751848277,107.437107245766,457.912848655777,90.3946360907306
80,"mellifera",128.1780511,36.2104078,26.2,216.366666666667,49.88,97.7666666666667,0.821561873876389,0.138078964394344,0.00597141274515857,79.844255053547,8.76669230317071,63.417408519566,79.3530959812178,97.7345195471998,117.619648748194,104.794103016265,29.4808323197335,88.3687671745244,370.457777290872,79.844255053547
10,"mellifera",127.9792429,36.0793691,24.6,222.366666666667,51.21,88.4333333333333,0.821561873876389,0.138078964394344,0.00597141274515857,10.1185274729034,3.0808097136836,5.06404619974515,9.7553257446099,16.6270516439796,17.7072179096248,16.0890894829992,4.02018874281162,12.4442861467032,62.6873992735621,10.1185274729034
1,"mellifera",128.2199006,37.8624543,23.2666666666667,214.4,48.8966666666667,96.6666666666667,0.930131097921056,0.0568464536542893,0.0060162766872025,2.38869990390708,1.13347597749409,1.20454498096338,2.07660535428986,5.61795431423586,7.26927597805455,7.20939003022532,1.74568661094427,5.22127547590047,26.0617914784612,2.38869990390708
5,"mellifera",128.9111959,37.2625905,21.9666666666667,170.8,39.06,58.3,0.945179559798647,0.029017777740776,0.00477953224916538,6.92170488402593,2.39264925999322,3.34545650829823,6.54417685648446,12.5697285394298,40.6391847955355,41.1934170847248,6.86192858283012,27.9887822327643,142.063549629259,6.92170488402593
17,"mellifera",128.9111959,37.2625905,21.9666666666667,170.8,39.06,58.3,0.945179559798647,0.029017777740776,0.00477953224916538,18.2197883945475,4.23707078807276,10.6644565729148,17.7588465307744,27.8260956027961,53.042251907543,44.964819130871,11.9510570045501,40.2051350625991,178.864837136619,18.2197883945475
1,"mellifera",126.5731538,33.2874612,25.5,176.233333333333,45.2333333333333,59.1666666666667,0.478564507373793,0.451577489511305,0.0166185564918297,1.93821144023294,0.934574795636038,1.06587861122905,1.62773685960467,4.30984978324636,3.78266658033987,4.83019256608738,1.13076055522282,2.37454510189939,17.7325283810594,1.93821144023294
1,"mellifera",127.339438,37.1536019,25.4333333333333,242.2,55.4766666666667,111.866666666667,0.67047354081566,0.248529191372281,0.0105175786128478,1.83568332231189,0.85088622572148,1.06148724769687,1.57445755326616,4.29771622410418,3.80909802187127,4.98207206835514,1.12075239450855,2.36277339056299,14.842080057792,1.83568332231189
30,"mellifera",128.4038892,37.9220961,23.2666666666667,214.4,48.8966666666667,96.6666666666667,0.930131097921056,0.0568464536542893,0.0060162766872025,30.0444462879781,5.51375532431905,20.1077481979582,29.5450639369257,41.1005951957589,51.6768149538207,60.3695734131281,12.1578434998689,36.6802805408336,173.355855370955,30.0444462879781
3,"mellifera",127.0352449,37.2848222,26.1666666666667,239.733333333333,54.9566666666667,108.666666666667,0.113807127593576,0.0614875577307507,0.0132349900048253,2.76320764125092,1.34899619390817,1.24254694759953,2.40931189656813,6.3190287399002,3.38688264675817,2.91836647169981,1.24430842910641,2.52996593167561,10.5692957778558,2.76320764125092
